date,open,high,low,close,volume,average,barCount
2025-05-16 09:30:00-04:00,520.69,520.73,519.84,519.91,604584.0,520.327,2820
2025-05-16 09:31:00-04:00,519.9,519.99,519.47,519.62,138908.0,519.775,961
2025-05-16 09:32:00-04:00,519.66,519.97,519.54,519.77,87016.0,519.758,663
2025-05-16 09:33:00-04:00,519.81,519.98,519.62,519.62,113617.0,519.845,806
2025-05-16 09:34:00-04:00,519.62,519.93,519.56,519.71,70543.0,519.72,466
2025-05-16 09:35:00-04:00,519.72,520.15,519.62,519.71,155710.0,519.84,1072
2025-05-16 09:36:00-04:00,519.7,519.89,519.41,519.48,114737.0,519.668,731
2025-05-16 09:37:00-04:00,519.45,519.51,519.27,519.35,87240.0,519.389,613
2025-05-16 09:38:00-04:00,519.34,519.56,519.12,519.45,146925.0,519.315,883
2025-05-16 09:39:00-04:00,519.46,520.09,519.4,519.96,169881.0,519.765,819
2025-05-16 09:40:00-04:00,519.99,520.0,519.64,519.66,125030.0,519.827,726
2025-05-16 09:41:00-04:00,519.69,519.69,518.86,519.01,132170.0,519.271,811
2025-05-16 09:42:00-04:00,519.0,519.27,518.79,519.21,124815.0,518.964,769
2025-05-16 09:43:00-04:00,519.21,519.45,518.95,519.25,124842.0,519.188,709
2025-05-16 09:44:00-04:00,519.26,519.68,519.19,519.38,128530.0,519.441,679
2025-05-16 09:45:00-04:00,519.4,519.7,519.28,519.67,107588.0,519.463,585
2025-05-16 09:46:00-04:00,519.69,519.83,519.54,519.83,62588.0,519.708,387
2025-05-16 09:47:00-04:00,519.85,519.88,519.46,519.77,98993.0,519.624,540
2025-05-16 09:48:00-04:00,519.76,519.85,519.58,519.62,50390.0,519.69,333
2025-05-16 09:49:00-04:00,519.59,519.99,519.4,519.97,93191.0,519.701,516
2025-05-16 09:50:00-04:00,519.94,520.17,519.73,519.82,129465.0,520.007,813
2025-05-16 09:51:00-04:00,519.89,520.08,519.71,520.0,42000.0,519.874,220
2025-05-16 09:52:00-04:00,520.05,520.05,519.55,519.73,77303.0,519.714,434
2025-05-16 09:53:00-04:00,519.72,519.82,519.5,519.59,127901.0,519.728,391
2025-05-16 09:54:00-04:00,519.56,519.89,519.51,519.61,42695.0,519.71,305
2025-05-16 09:55:00-04:00,519.58,519.81,519.41,519.75,62782.0,519.597,434
2025-05-16 09:56:00-04:00,519.74,520.12,519.72,520.09,168382.0,520.034,576
2025-05-16 09:57:00-04:00,520.08,520.09,519.85,519.86,53081.0,519.936,285
2025-05-16 09:58:00-04:00,519.87,520.07,519.87,519.9,43006.0,519.946,253
2025-05-16 09:59:00-04:00,519.91,520.0,519.66,519.97,51073.0,519.818,321
2025-05-16 10:00:00-04:00,520.0,520.0,518.86,519.25,305964.0,519.33,1421
2025-05-16 10:01:00-04:00,519.23,519.59,519.09,519.46,169844.0,519.382,1108
2025-05-16 10:02:00-04:00,519.42,519.93,519.42,519.71,146324.0,519.758,722
2025-05-16 10:03:00-04:00,519.73,519.95,519.6,519.62,73755.0,519.78,430
2025-05-16 10:04:00-04:00,519.63,519.89,519.53,519.83,52244.0,519.743,386
2025-05-16 10:05:00-04:00,519.87,520.17,519.56,519.66,117054.0,519.932,750
2025-05-16 10:06:00-04:00,519.65,519.65,519.12,519.3,310117.0,519.267,1520
2025-05-16 10:07:00-04:00,519.32,520.08,519.29,519.91,122590.0,519.752,886
2025-05-16 10:08:00-04:00,519.94,520.0,519.4,519.4,65748.0,519.699,501
2025-05-16 10:09:00-04:00,519.42,519.83,519.33,519.78,70895.0,519.554,513
2025-05-16 10:10:00-04:00,519.75,519.87,519.55,519.63,52756.0,519.67,349
2025-05-16 10:11:00-04:00,519.61,519.78,519.27,519.29,69417.0,519.583,493
2025-05-16 10:12:00-04:00,519.27,519.44,519.05,519.4,91402.0,519.199,590
2025-05-16 10:13:00-04:00,519.42,519.57,519.16,519.56,49177.0,519.371,386
2025-05-16 10:14:00-04:00,519.55,519.65,519.44,519.55,124827.0,519.55,734
2025-05-16 10:15:00-04:00,519.55,519.75,519.37,519.67,98242.0,519.556,624
2025-05-16 10:16:00-04:00,519.69,519.94,519.66,519.75,107927.0,519.831,570
2025-05-16 10:17:00-04:00,519.78,519.99,519.78,519.93,64513.0,519.871,349
2025-05-16 10:18:00-04:00,519.93,520.34,519.92,520.2,123675.0,520.151,734
2025-05-16 10:19:00-04:00,520.21,520.35,520.2,520.34,106516.0,520.289,484
2025-05-16 10:20:00-04:00,520.34,520.37,520.02,520.1,99408.0,520.224,579
2025-05-16 10:21:00-04:00,520.11,520.19,520.05,520.11,46640.0,520.106,271
2025-05-16 10:22:00-04:00,520.12,520.12,519.69,519.94,65946.0,519.851,381
2025-05-16 10:23:00-04:00,519.93,520.0,519.7,519.87,71512.0,519.839,409
2025-05-16 10:24:00-04:00,519.86,520.06,519.86,519.94,44675.0,519.959,256
2025-05-16 10:25:00-04:00,519.94,520.15,519.86,520.03,38259.0,520.019,283
2025-05-16 10:26:00-04:00,520.04,520.25,520.03,520.22,57711.0,520.147,409
2025-05-16 10:27:00-04:00,520.2,520.3,520.01,520.01,55159.0,520.185,355
2025-05-16 10:28:00-04:00,520.02,520.08,519.46,519.46,96306.0,519.76,577
2025-05-16 10:29:00-04:00,519.46,519.46,519.25,519.34,112766.0,519.338,689
2025-05-16 10:30:00-04:00,519.35,519.36,518.88,519.07,149597.0,519.059,893
2025-05-16 10:31:00-04:00,519.06,519.14,518.85,518.95,89527.0,518.98,511
2025-05-16 10:32:00-04:00,518.93,519.24,518.86,518.97,117675.0,519.041,665
2025-05-16 10:33:00-04:00,518.95,519.09,518.85,518.85,65929.0,518.997,441
2025-05-16 10:34:00-04:00,518.84,518.95,518.54,518.83,162865.0,518.712,902
2025-05-16 10:35:00-04:00,518.83,518.83,518.27,518.64,189217.0,518.522,1182
2025-05-16 10:36:00-04:00,518.64,518.76,518.37,518.39,80096.0,518.557,540
2025-05-16 10:37:00-04:00,518.4,518.59,518.22,518.52,101109.0,518.41,640
2025-05-16 10:38:00-04:00,518.54,518.72,518.46,518.69,99138.0,518.606,583
2025-05-16 10:39:00-04:00,518.69,518.71,518.41,518.44,64338.0,518.554,396
2025-05-16 10:40:00-04:00,518.43,518.46,518.08,518.25,124999.0,518.272,686
2025-05-16 10:41:00-04:00,518.24,518.25,518.01,518.12,143249.0,518.145,766
2025-05-16 10:42:00-04:00,518.11,518.14,517.89,518.01,116751.0,518.016,739
2025-05-16 10:43:00-04:00,518.02,518.04,517.71,517.8,123459.0,517.852,624
2025-05-16 10:44:00-04:00,517.78,517.78,517.14,517.23,136194.0,517.484,860
2025-05-16 10:45:00-04:00,517.21,517.93,517.1,517.93,128663.0,517.421,782
2025-05-16 10:46:00-04:00,517.94,517.97,517.64,517.9,70560.0,517.803,453
2025-05-16 10:47:00-04:00,517.88,518.02,517.72,518.0,79398.0,517.875,475
2025-05-16 10:48:00-04:00,518.0,518.3,517.93,518.23,99599.0,518.176,715
2025-05-16 10:49:00-04:00,518.24,518.48,518.08,518.42,60264.0,518.299,343
2025-05-16 10:50:00-04:00,518.45,518.73,518.4,518.7,73756.0,518.543,507
2025-05-16 10:51:00-04:00,518.75,518.8,518.5,518.55,97000.0,518.685,536
2025-05-16 10:52:00-04:00,518.56,518.74,518.52,518.69,54959.0,518.657,352
2025-05-16 10:53:00-04:00,518.68,518.7,518.47,518.56,64315.0,518.558,362
2025-05-16 10:54:00-04:00,518.55,518.86,518.44,518.85,74745.0,518.697,493
2025-05-16 10:55:00-04:00,518.87,519.1,518.87,519.06,61846.0,518.993,426
2025-05-16 10:56:00-04:00,519.07,519.08,518.82,518.94,63129.0,518.918,339
2025-05-16 10:57:00-04:00,518.95,519.14,518.93,519.02,53910.0,519.019,262
2025-05-16 10:58:00-04:00,519.04,519.05,518.45,518.62,65170.0,518.72,411
2025-05-16 10:59:00-04:00,518.61,518.82,518.57,518.79,45140.0,518.733,283
2025-05-16 11:00:00-04:00,518.79,519.16,518.79,519.05,100731.0,519.015,554
2025-05-16 11:01:00-04:00,519.05,519.17,518.96,519.14,58236.0,519.088,317
2025-05-16 11:02:00-04:00,519.1,519.14,518.95,518.98,42253.0,519.078,259
2025-05-16 11:03:00-04:00,518.99,519.01,518.61,518.64,55688.0,518.785,388
2025-05-16 11:04:00-04:00,518.63,518.76,518.53,518.57,38939.0,518.648,281
2025-05-16 11:05:00-04:00,518.57,518.72,518.42,518.57,53386.0,518.561,362
2025-05-16 11:06:00-04:00,518.59,519.02,518.55,518.99,72772.0,518.768,463
2025-05-16 11:07:00-04:00,518.99,519.01,518.79,518.89,26646.0,518.938,221
2025-05-16 11:08:00-04:00,518.92,519.0,518.76,518.81,49246.0,518.865,284
2025-05-16 11:09:00-04:00,518.81,518.82,518.43,518.43,54294.0,518.652,414
2025-05-16 11:10:00-04:00,518.42,518.75,518.39,518.73,71441.0,518.603,459
2025-05-16 11:11:00-04:00,518.73,519.04,518.72,519.03,42486.0,518.911,251
2025-05-16 11:12:00-04:00,519.03,519.15,518.95,519.0,33448.0,519.044,236
2025-05-16 11:13:00-04:00,519.03,519.14,518.77,518.81,55569.0,518.92,335
2025-05-16 11:14:00-04:00,518.82,519.02,518.81,518.92,37150.0,518.907,265
2025-05-16 11:15:00-04:00,518.91,519.18,518.87,519.12,37179.0,519.087,274
2025-05-16 11:16:00-04:00,519.1,519.1,518.82,518.84,27764.0,518.981,238
2025-05-16 11:17:00-04:00,518.82,518.88,518.64,518.87,41340.0,518.74,296
2025-05-16 11:18:00-04:00,518.89,518.92,518.72,518.9,21346.0,518.866,180
2025-05-16 11:19:00-04:00,518.88,518.98,518.76,518.8,27627.0,518.87,204
2025-05-16 11:20:00-04:00,518.82,518.92,518.66,518.67,41048.0,518.798,318
2025-05-16 11:21:00-04:00,518.67,518.82,518.47,518.7,49960.0,518.636,371
2025-05-16 11:22:00-04:00,518.69,518.69,518.45,518.54,40771.0,518.545,281
2025-05-16 11:23:00-04:00,518.54,518.7,518.42,518.65,64753.0,518.571,377
2025-05-16 11:24:00-04:00,518.65,518.76,518.56,518.62,46555.0,518.646,302
2025-05-16 11:25:00-04:00,518.62,518.84,518.59,518.7,47432.0,518.724,335
2025-05-16 11:26:00-04:00,518.7,518.87,518.65,518.76,29845.0,518.745,190
2025-05-16 11:27:00-04:00,518.75,518.91,518.7,518.91,37389.0,518.81,288
2025-05-16 11:28:00-04:00,518.92,519.0,518.83,518.97,30244.0,518.933,229
2025-05-16 11:29:00-04:00,518.95,519.0,518.87,518.98,24504.0,518.936,198
2025-05-16 11:30:00-04:00,518.99,519.41,518.96,519.38,150318.0,519.22,793
2025-05-16 11:31:00-04:00,519.4,519.51,519.25,519.38,70153.0,519.397,359
2025-05-16 11:32:00-04:00,519.4,519.56,519.32,519.49,64494.0,519.419,396
2025-05-16 11:33:00-04:00,519.51,519.72,519.44,519.64,64582.0,519.606,466
2025-05-16 11:34:00-04:00,519.64,519.65,519.45,519.53,29999.0,519.566,251
2025-05-16 11:35:00-04:00,519.53,519.59,519.46,519.48,24278.0,519.517,197
2025-05-16 11:36:00-04:00,519.48,519.59,519.35,519.44,31620.0,519.47,242
2025-05-16 11:37:00-04:00,519.42,519.54,519.22,519.33,46500.0,519.344,338
2025-05-16 11:38:00-04:00,519.32,519.49,519.31,519.36,36204.0,519.403,239
2025-05-16 11:39:00-04:00,519.39,519.42,519.3,519.39,22625.0,519.344,161
2025-05-16 11:40:00-04:00,519.39,519.6,519.39,519.59,50938.0,519.512,306
2025-05-16 11:41:00-04:00,519.59,520.02,519.59,519.89,87670.0,519.863,643
2025-05-16 11:42:00-04:00,519.88,519.89,519.72,519.79,47763.0,519.831,292
2025-05-16 11:43:00-04:00,519.78,519.88,519.71,519.74,28880.0,519.794,195
2025-05-16 11:44:00-04:00,519.76,519.78,519.67,519.74,53413.0,519.731,396
2025-05-16 11:45:00-04:00,519.75,519.87,519.72,519.75,42191.0,519.796,320
2025-05-16 11:46:00-04:00,519.75,519.83,519.56,519.58,61405.0,519.715,447
2025-05-16 11:47:00-04:00,519.6,519.71,519.54,519.64,41903.0,519.607,276
2025-05-16 11:48:00-04:00,519.65,519.68,519.48,519.61,46323.0,519.583,255
2025-05-16 11:49:00-04:00,519.59,519.62,519.5,519.56,32705.0,519.561,200
2025-05-16 11:50:00-04:00,519.57,519.69,519.44,519.45,34347.0,519.575,220
2025-05-16 11:51:00-04:00,519.47,519.5,519.19,519.22,115317.0,519.324,706
2025-05-16 11:52:00-04:00,519.22,519.55,519.1,519.55,61552.0,519.28,311
2025-05-16 11:53:00-04:00,519.57,519.72,519.54,519.66,60837.0,519.638,328
2025-05-16 11:54:00-04:00,519.67,519.71,519.57,519.59,45722.0,519.616,304
2025-05-16 11:55:00-04:00,519.57,519.59,519.33,519.37,53793.0,519.449,383
2025-05-16 11:56:00-04:00,519.36,519.41,519.19,519.29,33654.0,519.287,222
2025-05-16 11:57:00-04:00,519.3,519.38,519.18,519.37,18846.0,519.303,136
2025-05-16 11:58:00-04:00,519.36,519.41,519.19,519.25,32036.0,519.277,212
2025-05-16 11:59:00-04:00,519.3,519.34,519.25,519.3,67320.0,519.294,408
2025-05-16 12:00:00-04:00,519.3,519.51,519.14,519.49,75948.0,519.322,473
2025-05-16 12:01:00-04:00,519.51,519.75,519.51,519.65,70235.0,519.615,422
2025-05-16 12:02:00-04:00,519.68,519.8,519.65,519.75,44527.0,519.718,251
2025-05-16 12:03:00-04:00,519.76,519.85,519.58,519.66,29279.0,519.741,207
2025-05-16 12:04:00-04:00,519.67,519.76,519.63,519.69,22205.0,519.695,158
2025-05-16 12:05:00-04:00,519.7,519.85,519.66,519.79,47429.0,519.754,307
2025-05-16 12:06:00-04:00,519.78,519.91,519.74,519.83,37618.0,519.829,242
2025-05-16 12:07:00-04:00,519.83,519.83,519.68,519.77,43908.0,519.765,262
2025-05-16 12:08:00-04:00,519.78,519.78,519.63,519.7,39394.0,519.717,210
2025-05-16 12:09:00-04:00,519.69,519.73,519.59,519.64,31204.0,519.668,206
2025-05-16 12:10:00-04:00,519.64,519.75,519.48,519.55,54927.0,519.607,302
2025-05-16 12:11:00-04:00,519.54,519.75,519.54,519.7,39993.0,519.667,231
2025-05-16 12:12:00-04:00,519.71,519.86,519.66,519.84,50081.0,519.77,284
2025-05-16 12:13:00-04:00,519.86,519.88,519.7,519.8,53648.0,519.81,290
2025-05-16 12:14:00-04:00,519.8,519.84,519.74,519.81,27936.0,519.797,162
2025-05-16 12:15:00-04:00,519.83,520.12,519.81,520.04,67606.0,519.944,364
2025-05-16 12:16:00-04:00,520.04,520.2,519.97,520.19,47142.0,520.064,277
2025-05-16 12:17:00-04:00,520.18,520.19,519.95,520.0,54449.0,520.059,312
2025-05-16 12:18:00-04:00,520.0,520.0,519.89,519.97,39612.0,519.949,206
2025-05-16 12:19:00-04:00,519.97,520.02,519.79,519.81,41822.0,519.874,282
2025-05-16 12:20:00-04:00,519.87,520.03,519.8,520.02,51932.0,519.871,279
2025-05-16 12:21:00-04:00,520.01,520.06,519.91,519.92,33972.0,520.0,221
2025-05-16 12:22:00-04:00,519.91,520.13,519.86,520.06,116841.0,519.973,611
2025-05-16 12:23:00-04:00,520.06,520.24,520.06,520.22,101297.0,520.166,380
2025-05-16 12:24:00-04:00,520.22,520.23,520.04,520.05,54661.0,520.144,246
2025-05-16 12:25:00-04:00,520.05,520.13,519.98,520.06,56063.0,520.074,258
2025-05-16 12:26:00-04:00,520.04,520.07,519.93,519.97,34287.0,520.001,191
2025-05-16 12:27:00-04:00,519.96,519.99,519.75,519.77,62670.0,519.859,375
2025-05-16 12:28:00-04:00,519.76,520.01,519.72,519.97,48751.0,519.896,247
2025-05-16 12:29:00-04:00,519.96,519.98,519.82,519.84,29662.0,519.916,145
2025-05-16 12:30:00-04:00,519.85,520.05,519.85,520.05,51265.0,519.976,258
2025-05-16 12:31:00-04:00,520.05,520.09,519.96,520.07,19458.0,520.03,145
2025-05-16 12:32:00-04:00,520.07,520.13,519.88,519.9,22890.0,520.033,169
2025-05-16 12:33:00-04:00,519.92,519.95,519.79,519.84,49318.0,519.859,235
2025-05-16 12:34:00-04:00,519.85,519.87,519.57,519.6,49720.0,519.709,266
2025-05-16 12:35:00-04:00,519.62,519.82,519.58,519.73,38622.0,519.687,214
2025-05-16 12:36:00-04:00,519.73,519.79,519.65,519.74,47912.0,519.707,289
2025-05-16 12:37:00-04:00,519.74,519.79,519.7,519.75,26726.0,519.741,162
2025-05-16 12:38:00-04:00,519.76,519.81,519.69,519.7,31320.0,519.74,194
2025-05-16 12:39:00-04:00,519.72,519.8,519.66,519.78,24838.0,519.726,178
2025-05-16 12:40:00-04:00,519.81,519.84,519.7,519.84,52995.0,519.761,285
2025-05-16 12:41:00-04:00,519.84,519.93,519.77,519.8,37775.0,519.865,220
2025-05-16 12:42:00-04:00,519.8,519.88,519.79,519.82,13360.0,519.844,119
2025-05-16 12:43:00-04:00,519.81,519.81,519.58,519.64,32899.0,519.678,230
2025-05-16 12:44:00-04:00,519.63,519.63,519.44,519.63,65428.0,519.522,371
2025-05-16 12:45:00-04:00,519.64,519.75,519.6,519.65,29882.0,519.664,169
2025-05-16 12:46:00-04:00,519.66,519.8,519.59,519.7,48035.0,519.689,237
2025-05-16 12:47:00-04:00,519.71,519.73,519.56,519.71,25110.0,519.66,186
2025-05-16 12:48:00-04:00,519.69,519.78,519.68,519.72,25517.0,519.729,143
2025-05-16 12:49:00-04:00,519.73,519.76,519.4,519.4,63336.0,519.55,452
2025-05-16 12:50:00-04:00,519.4,519.6,519.4,519.51,54326.0,519.51,369
2025-05-16 12:51:00-04:00,519.5,519.7,519.48,519.59,31188.0,519.615,177
2025-05-16 12:52:00-04:00,519.61,519.94,519.59,519.93,30406.0,519.809,217
2025-05-16 12:53:00-04:00,519.94,520.02,519.82,519.82,54590.0,519.922,293
2025-05-16 12:54:00-04:00,519.82,519.93,519.82,519.91,34596.0,519.873,169
2025-05-16 12:55:00-04:00,519.92,520.11,519.91,519.97,93632.0,520.001,245
2025-05-16 12:56:00-04:00,519.95,520.0,519.89,519.95,22805.0,519.923,155
2025-05-16 12:57:00-04:00,519.94,520.08,519.78,519.87,60399.0,519.962,331
2025-05-16 12:58:00-04:00,519.85,519.92,519.8,519.85,30785.0,519.861,190
2025-05-16 12:59:00-04:00,519.84,519.88,519.66,519.66,30526.0,519.769,226
2025-05-16 13:00:00-04:00,519.67,519.67,519.49,519.58,71092.0,519.556,388
2025-05-16 13:01:00-04:00,519.57,519.68,519.56,519.62,44667.0,519.62,281
2025-05-16 13:02:00-04:00,519.62,519.67,519.55,519.6,28558.0,519.602,198
2025-05-16 13:03:00-04:00,519.6,519.84,519.6,519.83,42554.0,519.763,232
2025-05-16 13:04:00-04:00,519.82,520.0,519.81,519.91,87545.0,519.88,345
2025-05-16 13:05:00-04:00,519.91,519.93,519.74,519.78,40239.0,519.818,210
2025-05-16 13:06:00-04:00,519.79,520.0,519.77,519.96,37696.0,519.922,214
2025-05-16 13:07:00-04:00,519.96,519.98,519.82,519.84,23076.0,519.944,178
2025-05-16 13:08:00-04:00,519.85,520.01,519.83,519.98,29499.0,519.927,182
2025-05-16 13:09:00-04:00,519.98,520.04,519.94,519.99,18109.0,520.001,132
2025-05-16 13:10:00-04:00,519.98,519.98,519.72,519.9,30903.0,519.839,233
2025-05-16 13:11:00-04:00,519.89,519.98,519.84,519.88,16890.0,519.904,110
2025-05-16 13:12:00-04:00,519.88,519.95,519.88,519.91,24557.0,519.9,151
2025-05-16 13:13:00-04:00,519.91,520.17,519.91,520.17,59181.0,520.081,299
2025-05-16 13:14:00-04:00,520.15,520.21,520.11,520.15,53447.0,520.168,337
2025-05-16 13:15:00-04:00,520.16,520.2,520.07,520.19,49876.0,520.132,250
2025-05-16 13:16:00-04:00,520.2,520.57,520.2,520.48,112184.0,520.414,625
2025-05-16 13:17:00-04:00,520.51,520.52,520.33,520.43,78835.0,520.429,466
2025-05-16 13:18:00-04:00,520.43,520.54,520.41,520.47,40712.0,520.481,244
2025-05-16 13:19:00-04:00,520.47,520.52,520.38,520.46,56290.0,520.448,291
2025-05-16 13:20:00-04:00,520.47,520.56,520.36,520.38,40191.0,520.471,255
2025-05-16 13:21:00-04:00,520.39,520.42,520.16,520.23,49550.0,520.273,302
2025-05-16 13:22:00-04:00,520.25,520.34,520.25,520.32,48955.0,520.299,194
2025-05-16 13:23:00-04:00,520.31,520.5,520.27,520.48,46294.0,520.4,239
2025-05-16 13:24:00-04:00,520.49,520.52,520.33,520.36,48274.0,520.396,334
2025-05-16 13:25:00-04:00,520.37,520.4,520.32,520.38,29489.0,520.357,245
2025-05-16 13:26:00-04:00,520.38,520.45,520.37,520.4,41326.0,520.412,338
2025-05-16 13:27:00-04:00,520.4,520.43,520.33,520.36,40771.0,520.386,284
2025-05-16 13:28:00-04:00,520.36,520.43,520.33,520.35,30805.0,520.37,219
2025-05-16 13:29:00-04:00,520.36,520.44,520.35,520.41,53967.0,520.413,239
2025-05-16 13:30:00-04:00,520.41,520.65,520.41,520.57,94215.0,520.531,534
2025-05-16 13:31:00-04:00,520.57,520.62,520.52,520.54,26507.0,520.552,180
2025-05-16 13:32:00-04:00,520.54,520.7,520.53,520.58,40549.0,520.631,268
2025-05-16 13:33:00-04:00,520.59,520.75,520.57,520.71,35568.0,520.681,228
2025-05-16 13:34:00-04:00,520.71,520.83,520.67,520.74,46520.0,520.745,307
2025-05-16 13:35:00-04:00,520.74,520.88,520.72,520.79,126012.0,520.815,579
2025-05-16 13:36:00-04:00,520.79,520.82,520.63,520.65,49641.0,520.725,284
2025-05-16 13:37:00-04:00,520.65,520.71,520.63,520.63,51737.0,520.666,281
2025-05-16 13:38:00-04:00,520.64,520.68,520.57,520.63,35691.0,520.637,213
2025-05-16 13:39:00-04:00,520.63,520.67,520.52,520.52,34770.0,520.589,263
2025-05-16 13:40:00-04:00,520.52,520.56,520.33,520.47,81979.0,520.452,496
2025-05-16 13:41:00-04:00,520.48,520.48,520.34,520.34,40927.0,520.406,296
2025-05-16 13:42:00-04:00,520.36,520.47,520.25,520.47,49851.0,520.343,350
2025-05-16 13:43:00-04:00,520.48,520.55,520.32,520.33,35136.0,520.438,228
2025-05-16 13:44:00-04:00,520.34,520.43,520.2,520.38,55824.0,520.3,281
2025-05-16 13:45:00-04:00,520.36,520.46,520.31,520.39,42590.0,520.377,257
2025-05-16 13:46:00-04:00,520.39,520.4,520.25,520.33,61575.0,520.333,310
2025-05-16 13:47:00-04:00,520.32,520.42,520.26,520.37,58814.0,520.361,341
2025-05-16 13:48:00-04:00,520.38,520.4,520.26,520.33,33779.0,520.329,235
2025-05-16 13:49:00-04:00,520.33,520.37,520.22,520.25,62522.0,520.296,430
2025-05-16 13:50:00-04:00,520.25,520.33,520.01,520.05,49877.0,520.155,373
2025-05-16 13:51:00-04:00,520.06,520.24,519.96,520.17,75137.0,520.059,413
2025-05-16 13:52:00-04:00,520.16,520.2,520.02,520.18,40710.0,520.082,259
2025-05-16 13:53:00-04:00,520.18,520.18,520.04,520.1,20185.0,520.098,143
2025-05-16 13:54:00-04:00,520.09,520.12,519.92,520.01,52292.0,520.01,337
2025-05-16 13:55:00-04:00,520.01,520.02,519.84,519.96,55419.0,519.913,316
2025-05-16 13:56:00-04:00,519.98,520.02,519.87,519.93,34737.0,519.936,227
2025-05-16 13:57:00-04:00,519.91,520.14,519.9,520.14,42670.0,520.06,238
2025-05-16 13:58:00-04:00,520.13,520.2,520.02,520.09,39233.0,520.101,284
2025-05-16 13:59:00-04:00,520.09,520.11,520.0,520.09,20007.0,520.052,144
2025-05-16 14:00:00-04:00,520.1,520.11,519.91,520.07,72098.0,520.018,371
2025-05-16 14:01:00-04:00,520.07,520.23,520.07,520.18,73852.0,520.187,407
2025-05-16 14:02:00-04:00,520.18,520.34,520.16,520.23,57248.0,520.256,313
2025-05-16 14:03:00-04:00,520.22,520.23,520.03,520.05,71540.0,520.126,336
2025-05-16 14:04:00-04:00,520.08,520.24,520.05,520.18,33942.0,520.134,179
2025-05-16 14:05:00-04:00,520.18,520.21,520.06,520.09,28870.0,520.125,185
2025-05-16 14:06:00-04:00,520.1,520.14,519.95,520.09,42492.0,520.049,273
2025-05-16 14:07:00-04:00,520.1,520.15,520.0,520.02,50369.0,520.083,263
2025-05-16 14:08:00-04:00,520.03,520.05,519.92,519.92,57035.0,519.967,375
2025-05-16 14:09:00-04:00,519.93,520.03,519.88,520.0,41601.0,519.966,276
2025-05-16 14:10:00-04:00,519.99,520.05,519.91,520.01,30258.0,519.982,242
2025-05-16 14:11:00-04:00,520.03,520.11,520.03,520.09,21348.0,520.076,120
2025-05-16 14:12:00-04:00,520.14,520.38,520.14,520.38,49764.0,520.312,294
2025-05-16 14:13:00-04:00,520.38,520.42,520.34,520.4,58066.0,520.39,323
2025-05-16 14:14:00-04:00,520.41,520.46,520.34,520.35,26550.0,520.4,155
2025-05-16 14:15:00-04:00,520.34,520.48,520.31,520.42,47929.0,520.399,295
2025-05-16 14:16:00-04:00,520.43,520.43,520.33,520.37,49736.0,520.385,259
2025-05-16 14:17:00-04:00,520.35,520.37,520.27,520.29,43125.0,520.32,236
2025-05-16 14:18:00-04:00,520.3,520.32,520.14,520.17,46291.0,520.191,250
2025-05-16 14:19:00-04:00,520.18,520.36,520.15,520.34,28941.0,520.233,151
2025-05-16 14:20:00-04:00,520.34,520.41,520.26,520.39,25330.0,520.346,165
2025-05-16 14:21:00-04:00,520.39,520.45,520.35,520.37,74451.0,520.399,324
2025-05-16 14:22:00-04:00,520.35,520.46,520.29,520.46,21456.0,520.366,151
2025-05-16 14:23:00-04:00,520.45,520.53,520.45,520.51,49673.0,520.506,237
2025-05-16 14:24:00-04:00,520.5,520.56,520.45,520.49,32202.0,520.507,192
2025-05-16 14:25:00-04:00,520.48,520.53,520.32,520.37,40051.0,520.442,210
2025-05-16 14:26:00-04:00,520.36,520.63,520.36,520.57,59720.0,520.522,290
2025-05-16 14:27:00-04:00,520.58,520.64,520.54,520.62,46683.0,520.597,212
2025-05-16 14:28:00-04:00,520.62,520.62,520.49,520.5,26703.0,520.53,191
2025-05-16 14:29:00-04:00,520.5,520.51,520.42,520.44,32124.0,520.459,204
2025-05-16 14:30:00-04:00,520.44,520.63,520.3,520.61,88376.0,520.491,514
2025-05-16 14:31:00-04:00,520.62,520.64,520.43,520.49,38669.0,520.559,253
2025-05-16 14:32:00-04:00,520.49,520.57,520.4,520.49,46634.0,520.501,258
2025-05-16 14:33:00-04:00,520.52,520.58,520.5,520.54,24105.0,520.534,159
2025-05-16 14:34:00-04:00,520.55,520.62,520.49,520.6,46399.0,520.559,286
2025-05-16 14:35:00-04:00,520.59,520.63,520.55,520.57,41391.0,520.599,244
2025-05-16 14:36:00-04:00,520.56,520.63,520.49,520.52,26616.0,520.561,221
2025-05-16 14:37:00-04:00,520.52,520.62,520.45,520.6,37168.0,520.536,242
2025-05-16 14:38:00-04:00,520.62,520.78,520.6,520.73,49148.0,520.693,303
2025-05-16 14:39:00-04:00,520.74,520.79,520.7,520.77,28772.0,520.752,243
2025-05-16 14:40:00-04:00,520.77,521.06,520.75,521.0,119316.0,520.921,689
2025-05-16 14:41:00-04:00,521.0,521.04,520.84,520.87,53877.0,520.932,299
2025-05-16 14:42:00-04:00,520.87,520.88,520.64,520.84,75188.0,520.776,442
2025-05-16 14:43:00-04:00,520.82,520.94,520.8,520.89,53437.0,520.879,329
2025-05-16 14:44:00-04:00,520.89,520.99,520.88,520.9,31717.0,520.94,227
2025-05-16 14:45:00-04:00,520.91,521.12,520.9,521.05,46501.0,521.027,351
2025-05-16 14:46:00-04:00,521.05,521.13,521.01,521.04,59400.0,521.065,376
2025-05-16 14:47:00-04:00,521.05,521.09,521.03,521.04,28806.0,521.06,184
2025-05-16 14:48:00-04:00,521.06,521.1,520.95,520.97,43618.0,521.033,266
2025-05-16 14:49:00-04:00,520.97,521.05,520.97,520.98,97880.0,521.026,469
2025-05-16 14:50:00-04:00,520.98,521.0,520.87,520.98,225929.0,520.949,474
2025-05-16 14:51:00-04:00,520.98,521.25,520.96,521.21,101632.0,521.122,680
2025-05-16 14:52:00-04:00,521.22,521.24,521.12,521.17,65368.0,521.17,367
2025-05-16 14:53:00-04:00,521.16,521.16,521.08,521.11,45575.0,521.118,348
2025-05-16 14:54:00-04:00,521.12,521.17,521.04,521.08,25600.0,521.111,206
2025-05-16 14:55:00-04:00,521.08,521.22,521.03,521.21,44941.0,521.13,257
2025-05-16 14:56:00-04:00,521.2,521.22,521.01,521.01,34649.0,521.131,230
2025-05-16 14:57:00-04:00,521.02,521.12,520.94,521.09,41009.0,521.006,258
2025-05-16 14:58:00-04:00,521.1,521.1,520.96,520.98,21866.0,521.021,162
2025-05-16 14:59:00-04:00,520.97,520.98,520.8,520.85,95028.0,520.879,400
2025-05-16 15:00:00-04:00,520.85,521.01,520.81,520.98,129576.0,520.907,616
2025-05-16 15:01:00-04:00,520.98,521.07,520.96,521.03,49407.0,521.02,266
2025-05-16 15:02:00-04:00,521.02,521.19,521.01,521.1,42649.0,521.125,329
2025-05-16 15:03:00-04:00,521.08,521.13,521.04,521.12,48970.0,521.095,269
2025-05-16 15:04:00-04:00,521.13,521.17,521.1,521.13,17058.0,521.128,149
2025-05-16 15:05:00-04:00,521.14,521.37,521.14,521.32,93310.0,521.287,492
2025-05-16 15:06:00-04:00,521.34,521.55,521.31,521.49,97407.0,521.449,539
2025-05-16 15:07:00-04:00,521.5,521.54,521.43,521.46,77645.0,521.491,440
2025-05-16 15:08:00-04:00,521.43,521.47,521.3,521.31,74363.0,521.391,466
2025-05-16 15:09:00-04:00,521.31,521.31,521.16,521.31,54812.0,521.266,315
2025-05-16 15:10:00-04:00,521.31,521.36,521.19,521.21,80425.0,521.298,435
2025-05-16 15:11:00-04:00,521.21,521.37,521.19,521.35,62390.0,521.269,362
2025-05-16 15:12:00-04:00,521.34,521.42,521.31,521.37,27545.0,521.359,215
2025-05-16 15:13:00-04:00,521.37,521.39,521.23,521.34,27774.0,521.309,205
2025-05-16 15:14:00-04:00,521.33,521.35,521.25,521.34,31106.0,521.303,194
2025-05-16 15:15:00-04:00,521.35,521.45,521.33,521.35,39715.0,521.383,242
2025-05-16 15:16:00-04:00,521.35,521.38,521.14,521.14,34832.0,521.266,246
2025-05-16 15:17:00-04:00,521.13,521.27,521.08,521.23,53381.0,521.172,323
2025-05-16 15:18:00-04:00,521.23,521.36,521.19,521.27,59948.0,521.278,262
2025-05-16 15:19:00-04:00,521.28,521.38,521.24,521.29,54319.0,521.311,272
2025-05-16 15:20:00-04:00,521.28,521.3,521.11,521.14,56518.0,521.211,356
2025-05-16 15:21:00-04:00,521.14,521.29,521.13,521.22,39570.0,521.216,307
2025-05-16 15:22:00-04:00,521.23,521.33,521.18,521.27,40600.0,521.283,269
2025-05-16 15:23:00-04:00,521.27,521.28,521.14,521.2,32945.0,521.207,272
2025-05-16 15:24:00-04:00,521.18,521.33,521.16,521.33,39832.0,521.257,278
2025-05-16 15:25:00-04:00,521.32,521.37,521.24,521.27,44082.0,521.308,294
2025-05-16 15:26:00-04:00,521.27,521.33,521.13,521.21,54841.0,521.22,313
2025-05-16 15:27:00-04:00,521.21,521.36,521.19,521.35,54002.0,521.26,313
2025-05-16 15:28:00-04:00,521.34,521.42,521.25,521.41,33190.0,521.336,269
2025-05-16 15:29:00-04:00,521.4,521.41,521.26,521.32,86819.0,521.334,494
2025-05-16 15:30:00-04:00,521.32,521.32,521.1,521.11,75618.0,521.191,553
2025-05-16 15:31:00-04:00,521.1,521.14,520.99,521.14,54501.0,521.063,395
2025-05-16 15:32:00-04:00,521.13,521.25,521.11,521.16,86580.0,521.185,527
2025-05-16 15:33:00-04:00,521.16,521.19,520.87,520.88,100728.0,521.025,670
2025-05-16 15:34:00-04:00,520.88,521.05,520.84,520.94,79526.0,520.942,462
2025-05-16 15:35:00-04:00,520.95,521.05,520.89,520.92,81563.0,520.956,533
2025-05-16 15:36:00-04:00,520.91,520.95,520.8,520.81,138152.0,520.866,706
2025-05-16 15:37:00-04:00,520.8,520.88,520.72,520.73,129895.0,520.8,654
2025-05-16 15:38:00-04:00,520.74,520.77,520.61,520.71,69888.0,520.686,519
2025-05-16 15:39:00-04:00,520.7,520.87,520.66,520.71,95504.0,520.777,640
2025-05-16 15:40:00-04:00,520.7,520.73,520.56,520.72,82174.0,520.63,513
2025-05-16 15:41:00-04:00,520.71,520.96,520.66,520.72,80286.0,520.797,534
2025-05-16 15:42:00-04:00,520.72,520.78,520.69,520.72,54539.0,520.73,418
2025-05-16 15:43:00-04:00,520.71,520.71,520.55,520.67,70334.0,520.615,462
2025-05-16 15:44:00-04:00,520.66,520.69,520.57,520.65,54347.0,520.631,376
2025-05-16 15:45:00-04:00,520.66,520.72,520.55,520.66,68899.0,520.632,498
2025-05-16 15:46:00-04:00,520.64,520.73,520.49,520.73,93400.0,520.617,624
2025-05-16 15:47:00-04:00,520.74,521.1,520.69,521.07,140546.0,520.934,881
2025-05-16 15:48:00-04:00,521.07,521.35,521.04,521.33,158992.0,521.251,1074
2025-05-16 15:49:00-04:00,521.33,521.34,521.06,521.25,153892.0,521.206,921
2025-05-16 15:50:00-04:00,521.23,521.45,521.08,521.27,206962.0,521.256,1427
2025-05-16 15:51:00-04:00,521.28,521.4,521.06,521.17,152669.0,521.249,1004
2025-05-16 15:52:00-04:00,521.18,521.38,521.18,521.35,136455.0,521.262,924
2025-05-16 15:53:00-04:00,521.37,521.51,521.32,521.43,151161.0,521.432,1007
2025-05-16 15:54:00-04:00,521.44,521.5,521.18,521.19,205288.0,521.346,1369
2025-05-16 15:55:00-04:00,521.23,521.52,521.21,521.31,227297.0,521.358,1598
2025-05-16 15:56:00-04:00,521.32,521.33,521.11,521.29,172127.0,521.221,1359
2025-05-16 15:57:00-04:00,521.28,521.58,521.27,521.52,216249.0,521.434,1406
2025-05-16 15:58:00-04:00,521.52,521.62,521.36,521.44,417392.0,521.453,2835
2025-05-16 15:59:00-04:00,521.43,521.7,521.35,521.52,648771.0,521.505,3812
2025-05-19 09:30:00-04:00,514.3,515.49,514.24,515.47,621373.0,514.627,1707
2025-05-19 09:31:00-04:00,515.48,515.75,514.97,515.17,229489.0,515.359,1355
2025-05-19 09:32:00-04:00,515.15,515.5,514.81,515.32,170884.0,515.126,1050
2025-05-19 09:33:00-04:00,515.33,515.5,514.98,515.37,180643.0,515.228,1001
2025-05-19 09:34:00-04:00,515.36,515.73,515.32,515.38,168239.0,515.543,972
2025-05-19 09:35:00-04:00,515.37,515.54,515.08,515.52,150616.0,515.319,1018
2025-05-19 09:36:00-04:00,515.5,516.4,515.46,516.23,275473.0,515.971,1639
2025-05-19 09:37:00-04:00,516.24,516.44,516.07,516.33,272323.0,516.286,1378
2025-05-19 09:38:00-04:00,516.37,516.68,516.3,516.58,170627.0,516.478,977
2025-05-19 09:39:00-04:00,516.57,516.93,516.53,516.78,195764.0,516.737,1044
2025-05-19 09:40:00-04:00,516.76,517.38,516.68,517.06,260241.0,517.162,1582
2025-05-19 09:41:00-04:00,517.07,517.3,516.85,516.97,260200.0,517.04,1478
2025-05-19 09:42:00-04:00,516.97,517.04,516.45,517.04,234991.0,516.74,1397
2025-05-19 09:43:00-04:00,517.07,517.4,517.01,517.31,138019.0,517.233,893
2025-05-19 09:44:00-04:00,517.32,517.47,517.13,517.45,155099.0,517.288,963
2025-05-19 09:45:00-04:00,517.43,517.67,516.92,517.56,492366.0,517.179,1209
2025-05-19 09:46:00-04:00,517.55,517.59,517.17,517.18,144289.0,517.311,842
2025-05-19 09:47:00-04:00,517.18,517.86,517.07,517.8,144824.0,517.445,899
2025-05-19 09:48:00-04:00,517.8,518.37,517.79,518.36,206055.0,518.142,1184
2025-05-19 09:49:00-04:00,518.36,518.44,518.04,518.14,143414.0,518.221,835
2025-05-19 09:50:00-04:00,518.13,518.41,518.03,518.14,111758.0,518.211,789
2025-05-19 09:51:00-04:00,518.14,518.36,517.88,518.07,154530.0,518.09,887
2025-05-19 09:52:00-04:00,518.1,518.29,518.05,518.2,93074.0,518.185,548
2025-05-19 09:53:00-04:00,518.18,518.21,517.83,517.92,125019.0,517.976,772
2025-05-19 09:54:00-04:00,517.91,518.09,517.76,517.93,102985.0,517.9,629
2025-05-19 09:55:00-04:00,517.9,518.26,517.88,518.25,56773.0,518.067,383
2025-05-19 09:56:00-04:00,518.26,518.3,517.67,517.95,233988.0,517.921,794
2025-05-19 09:57:00-04:00,517.96,518.2,517.91,517.99,48887.0,518.047,326
2025-05-19 09:58:00-04:00,518.0,518.12,517.88,518.03,55345.0,518.013,350
2025-05-19 09:59:00-04:00,518.03,518.17,517.94,518.01,73408.0,518.066,485
2025-05-19 10:00:00-04:00,517.99,518.27,517.8,517.95,141870.0,518.054,950
2025-05-19 10:01:00-04:00,517.97,518.75,517.84,518.74,171884.0,518.391,1129
2025-05-19 10:02:00-04:00,518.75,519.17,518.7,518.97,265273.0,518.951,1413
2025-05-19 10:03:00-04:00,518.98,519.03,518.68,518.75,114983.0,518.825,692
2025-05-19 10:04:00-04:00,518.75,518.94,518.64,518.82,103763.0,518.778,601
2025-05-19 10:05:00-04:00,518.83,519.07,518.68,518.86,138346.0,518.834,702
2025-05-19 10:06:00-04:00,518.85,520.95,518.81,519.98,230324.0,519.286,1597
2025-05-19 10:07:00-04:00,519.98,520.09,519.47,519.86,289550.0,519.82,1811
2025-05-19 10:08:00-04:00,519.87,519.93,519.68,519.72,163049.0,519.807,790
2025-05-19 10:09:00-04:00,519.75,520.19,519.75,520.1,131620.0,520.016,710
2025-05-19 10:10:00-04:00,520.1,520.12,519.88,520.06,92413.0,519.995,548
2025-05-19 10:11:00-04:00,520.09,520.16,519.66,519.87,149279.0,519.874,562
2025-05-19 10:12:00-04:00,519.93,520.05,519.58,519.67,96571.0,519.794,614
2025-05-19 10:13:00-04:00,519.67,519.73,519.36,519.48,140229.0,519.527,787
2025-05-19 10:14:00-04:00,519.48,519.67,519.37,519.55,72152.0,519.541,408
2025-05-19 10:15:00-04:00,519.55,519.94,519.52,519.89,64083.0,519.768,376
2025-05-19 10:16:00-04:00,519.88,520.41,519.85,520.31,183957.0,520.182,811
2025-05-19 10:17:00-04:00,520.3,520.56,520.23,520.31,95548.0,520.388,643
2025-05-19 10:18:00-04:00,520.31,520.53,520.3,520.34,118654.0,520.388,443
2025-05-19 10:19:00-04:00,520.33,520.36,520.07,520.18,78764.0,520.172,460
2025-05-19 10:20:00-04:00,520.19,520.3,520.05,520.12,52070.0,520.16,368
2025-05-19 10:21:00-04:00,520.14,520.28,520.09,520.12,53230.0,520.175,327
2025-05-19 10:22:00-04:00,520.09,520.23,519.68,519.8,111728.0,519.963,602
2025-05-19 10:23:00-04:00,519.78,520.09,519.73,519.87,82965.0,519.918,507
2025-05-19 10:24:00-04:00,519.89,520.08,519.52,519.93,173306.0,519.649,332
2025-05-19 10:25:00-04:00,519.9,519.9,519.47,519.53,147395.0,519.662,830
2025-05-19 10:26:00-04:00,519.5,519.54,519.14,519.17,101840.0,519.258,601
2025-05-19 10:27:00-04:00,519.16,519.17,518.87,518.9,115771.0,518.995,523
2025-05-19 10:28:00-04:00,518.88,519.02,518.5,518.93,276024.0,518.722,1133
2025-05-19 10:29:00-04:00,518.94,519.27,518.94,519.17,82228.0,519.111,474
2025-05-19 10:30:00-04:00,519.19,519.19,518.62,518.72,97377.0,518.927,564
2025-05-19 10:31:00-04:00,518.7,518.98,518.69,518.86,73234.0,518.854,417
2025-05-19 10:32:00-04:00,518.84,519.01,518.71,518.95,37435.0,518.874,242
2025-05-19 10:33:00-04:00,518.94,519.15,518.8,519.09,48095.0,519.016,278
2025-05-19 10:34:00-04:00,519.1,519.36,519.03,519.28,58883.0,519.261,375
2025-05-19 10:35:00-04:00,519.27,519.52,519.1,519.48,118760.0,519.37,425
2025-05-19 10:36:00-04:00,519.49,519.51,519.18,519.21,53246.0,519.327,339
2025-05-19 10:37:00-04:00,519.2,519.47,519.2,519.36,40640.0,519.349,249
2025-05-19 10:38:00-04:00,519.38,519.72,519.35,519.61,55064.0,519.58,356
2025-05-19 10:39:00-04:00,519.62,519.67,519.24,519.34,50458.0,519.458,307
2025-05-19 10:40:00-04:00,519.33,519.73,519.25,519.7,58248.0,519.552,453
2025-05-19 10:41:00-04:00,519.69,519.77,519.56,519.67,39443.0,519.685,298
2025-05-19 10:42:00-04:00,519.7,519.88,519.65,519.68,46271.0,519.781,314
2025-05-19 10:43:00-04:00,519.67,519.75,519.3,519.31,102512.0,519.469,482
2025-05-19 10:44:00-04:00,519.31,519.61,519.31,519.6,42790.0,519.465,212
2025-05-19 10:45:00-04:00,519.6,519.87,519.49,519.57,65128.0,519.722,475
2025-05-19 10:46:00-04:00,519.6,519.6,519.27,519.41,46318.0,519.4,329
2025-05-19 10:47:00-04:00,519.42,519.59,519.37,519.43,30928.0,519.483,210
2025-05-19 10:48:00-04:00,519.39,519.39,518.87,518.94,78645.0,519.093,463
2025-05-19 10:49:00-04:00,518.94,518.98,518.62,518.81,70696.0,518.79,410
2025-05-19 10:50:00-04:00,518.82,519.13,518.52,519.11,87815.0,518.81,547
2025-05-19 10:51:00-04:00,519.13,519.45,518.86,519.1,96649.0,519.182,664
2025-05-19 10:52:00-04:00,519.1,519.47,518.99,519.4,60809.0,519.293,368
2025-05-19 10:53:00-04:00,519.42,519.48,519.06,519.07,51652.0,519.286,262
2025-05-19 10:54:00-04:00,519.1,519.23,519.0,519.11,36231.0,519.126,209
2025-05-19 10:55:00-04:00,519.1,519.17,518.91,519.12,40970.0,519.028,253
2025-05-19 10:56:00-04:00,519.13,519.2,518.9,519.05,24058.0,519.051,145
2025-05-19 10:57:00-04:00,519.06,519.12,518.87,518.9,37683.0,518.983,212
2025-05-19 10:58:00-04:00,518.89,519.05,518.74,518.79,43301.0,518.89,255
2025-05-19 10:59:00-04:00,518.8,518.9,518.7,518.9,39191.0,518.801,231
2025-05-19 11:00:00-04:00,518.91,519.07,518.8,518.85,115544.0,518.961,524
2025-05-19 11:01:00-04:00,518.88,519.23,518.81,519.12,61159.0,519.06,418
2025-05-19 11:02:00-04:00,519.14,519.33,519.12,519.3,72470.0,519.24,414
2025-05-19 11:03:00-04:00,519.28,519.29,519.04,519.15,72557.0,519.2,445
2025-05-19 11:04:00-04:00,519.14,519.31,519.13,519.29,73905.0,519.204,443
2025-05-19 11:05:00-04:00,519.29,519.37,519.06,519.07,90138.0,519.241,418
2025-05-19 11:06:00-04:00,519.08,519.28,518.91,519.23,73733.0,519.05,436
2025-05-19 11:07:00-04:00,519.26,519.28,518.88,518.94,76060.0,519.079,419
2025-05-19 11:08:00-04:00,518.93,519.05,518.57,519.05,86387.0,518.8,495
2025-05-19 11:09:00-04:00,519.04,519.19,518.99,519.19,51757.0,519.067,304
2025-05-19 11:10:00-04:00,519.19,519.29,519.12,519.17,44887.0,519.213,280
2025-05-19 11:11:00-04:00,519.19,519.62,519.18,519.58,92132.0,519.434,553
2025-05-19 11:12:00-04:00,519.58,519.71,519.41,519.42,95454.0,519.608,486
2025-05-19 11:13:00-04:00,519.41,519.64,519.3,519.64,72162.0,519.477,321
2025-05-19 11:14:00-04:00,519.64,519.66,519.48,519.54,40165.0,519.596,234
2025-05-19 11:15:00-04:00,519.52,519.66,519.48,519.59,57029.0,519.567,314
2025-05-19 11:16:00-04:00,519.59,519.62,519.5,519.58,12446.0,519.565,93
2025-05-19 11:17:00-04:00,519.58,519.59,519.46,519.57,34198.0,519.535,178
2025-05-19 11:18:00-04:00,519.55,519.89,519.55,519.8,107171.0,519.737,523
2025-05-19 11:19:00-04:00,519.83,519.85,519.56,519.57,50086.0,519.692,288
2025-05-19 11:20:00-04:00,519.58,519.72,519.5,519.53,40516.0,519.604,257
2025-05-19 11:21:00-04:00,519.59,519.73,519.54,519.63,29409.0,519.639,188
2025-05-19 11:22:00-04:00,519.63,519.64,519.27,519.33,46665.0,519.402,250
2025-05-19 11:23:00-04:00,519.34,519.5,519.23,519.43,33119.0,519.374,190
2025-05-19 11:24:00-04:00,519.45,519.49,519.2,519.23,29262.0,519.319,217
2025-05-19 11:25:00-04:00,519.23,519.31,519.0,519.2,42065.0,519.12,269
2025-05-19 11:26:00-04:00,519.2,519.2,519.06,519.18,28659.0,519.141,172
2025-05-19 11:27:00-04:00,519.16,519.32,519.09,519.29,27813.0,519.214,190
2025-05-19 11:28:00-04:00,519.29,519.29,519.01,519.09,22200.0,519.111,136
2025-05-19 11:29:00-04:00,519.08,519.19,519.0,519.16,39241.0,519.092,280
2025-05-19 11:30:00-04:00,519.17,519.45,519.04,519.38,50249.0,519.319,350
2025-05-19 11:31:00-04:00,519.4,519.59,519.37,519.53,42850.0,519.495,305
2025-05-19 11:32:00-04:00,519.53,519.72,519.51,519.68,36493.0,519.635,235
2025-05-19 11:33:00-04:00,519.68,519.68,519.53,519.56,44571.0,519.609,295
2025-05-19 11:34:00-04:00,519.56,519.62,519.4,519.52,33509.0,519.515,240
2025-05-19 11:35:00-04:00,519.53,519.65,519.48,519.57,32835.0,519.583,192
2025-05-19 11:36:00-04:00,519.56,519.87,519.56,519.79,39647.0,519.727,243
2025-05-19 11:37:00-04:00,519.82,519.87,519.74,519.85,35309.0,519.818,151
2025-05-19 11:38:00-04:00,519.85,520.28,519.85,520.22,129648.0,520.088,793
2025-05-19 11:39:00-04:00,520.22,520.34,520.21,520.24,91496.0,520.272,460
2025-05-19 11:40:00-04:00,520.26,520.81,520.26,520.51,195540.0,520.625,1280
2025-05-19 11:41:00-04:00,520.53,520.82,520.53,520.78,78428.0,520.712,491
2025-05-19 11:42:00-04:00,520.76,520.88,520.59,520.6,123739.0,520.793,631
2025-05-19 11:43:00-04:00,520.59,520.61,520.32,520.51,73869.0,520.479,413
2025-05-19 11:44:00-04:00,520.51,520.52,520.19,520.21,80492.0,520.312,433
2025-05-19 11:45:00-04:00,520.22,520.43,520.09,520.38,41828.0,520.227,270
2025-05-19 11:46:00-04:00,520.36,520.37,520.14,520.15,51400.0,520.234,257
2025-05-19 11:47:00-04:00,520.14,520.2,519.78,519.88,61582.0,519.981,391
2025-05-19 11:48:00-04:00,519.89,520.0,519.85,519.91,26182.0,519.944,161
2025-05-19 11:49:00-04:00,519.9,519.91,519.5,519.59,37187.0,519.687,212
2025-05-19 11:50:00-04:00,519.6,519.65,519.35,519.65,38430.0,519.496,262
2025-05-19 11:51:00-04:00,519.61,519.77,519.51,519.64,46991.0,519.641,256
2025-05-19 11:52:00-04:00,519.64,519.86,519.64,519.85,37585.0,519.782,263
2025-05-19 11:53:00-04:00,519.83,519.83,519.69,519.77,27952.0,519.764,166
2025-05-19 11:54:00-04:00,519.74,519.77,519.63,519.71,16830.0,519.704,130
2025-05-19 11:55:00-04:00,519.7,519.77,519.55,519.63,25910.0,519.684,191
2025-05-19 11:56:00-04:00,519.63,519.95,519.58,519.91,44945.0,519.821,315
2025-05-19 11:57:00-04:00,519.93,519.98,519.75,519.84,37855.0,519.879,266
2025-05-19 11:58:00-04:00,519.86,519.86,519.57,519.83,24670.0,519.707,188
2025-05-19 11:59:00-04:00,519.86,519.95,519.84,519.87,28554.0,519.883,187
2025-05-19 12:00:00-04:00,519.88,519.98,519.74,519.87,49983.0,519.872,365
2025-05-19 12:01:00-04:00,519.86,519.96,519.84,519.85,82659.0,519.935,289
2025-05-19 12:02:00-04:00,519.87,519.9,519.76,519.84,18116.0,519.812,134
2025-05-19 12:03:00-04:00,519.84,520.05,519.8,520.0,23711.0,519.942,156
2025-05-19 12:04:00-04:00,520.01,520.21,520.0,520.17,39465.0,520.126,269
2025-05-19 12:05:00-04:00,520.17,520.17,519.84,519.89,37472.0,520.005,283
2025-05-19 12:06:00-04:00,519.88,520.05,519.84,519.94,27535.0,519.934,187
2025-05-19 12:07:00-04:00,519.94,520.02,519.88,519.96,18491.0,519.95,147
2025-05-19 12:08:00-04:00,519.97,520.06,519.94,520.0,12814.0,520.011,96
2025-05-19 12:09:00-04:00,520.0,520.03,519.86,519.87,15979.0,519.964,106
2025-05-19 12:10:00-04:00,519.85,520.16,519.82,520.12,45533.0,519.985,311
2025-05-19 12:11:00-04:00,520.13,520.17,520.06,520.1,25536.0,520.102,158
2025-05-19 12:12:00-04:00,520.1,520.3,520.08,520.23,50612.0,520.203,227
2025-05-19 12:13:00-04:00,520.25,520.34,520.15,520.21,39738.0,520.247,201
2025-05-19 12:14:00-04:00,520.22,520.25,520.12,520.15,18292.0,520.156,105
2025-05-19 12:15:00-04:00,520.15,520.26,520.15,520.2,29966.0,520.194,188
2025-05-19 12:16:00-04:00,520.19,520.24,520.13,520.16,14646.0,520.185,102
2025-05-19 12:17:00-04:00,520.17,520.33,520.13,520.26,16398.0,520.257,132
2025-05-19 12:18:00-04:00,520.25,520.29,520.03,520.13,26343.0,520.194,155
2025-05-19 12:19:00-04:00,520.14,520.14,519.88,519.89,26372.0,520.001,152
2025-05-19 12:20:00-04:00,519.88,520.23,519.86,520.04,37397.0,520.081,283
2025-05-19 12:21:00-04:00,520.05,520.09,516.3,520.02,19750.0,520.02,133
2025-05-19 12:22:00-04:00,520.01,520.04,519.93,519.98,11985.0,519.99,82
2025-05-19 12:23:00-04:00,519.99,520.25,519.99,520.19,41311.0,520.159,217
2025-05-19 12:24:00-04:00,520.22,520.3,520.19,520.27,21767.0,520.257,142
2025-05-19 12:25:00-04:00,520.26,520.4,520.21,520.4,32164.0,520.311,159
2025-05-19 12:26:00-04:00,520.38,520.61,520.33,520.51,68736.0,520.489,353
2025-05-19 12:27:00-04:00,520.52,520.7,520.51,520.62,45451.0,520.641,290
2025-05-19 12:28:00-04:00,520.63,520.77,520.55,520.77,67922.0,520.654,329
2025-05-19 12:29:00-04:00,520.76,520.92,520.74,520.78,116269.0,520.815,792
2025-05-19 12:30:00-04:00,520.79,520.89,520.62,520.7,60446.0,520.76,413
2025-05-19 12:31:00-04:00,520.68,520.68,520.48,520.5,38734.0,520.561,242
2025-05-19 12:32:00-04:00,520.5,520.6,520.48,520.54,30238.0,520.531,211
2025-05-19 12:33:00-04:00,520.53,520.53,520.33,520.36,28946.0,520.413,201
2025-05-19 12:34:00-04:00,520.37,520.38,520.23,520.31,43970.0,520.292,211
2025-05-19 12:35:00-04:00,520.31,520.5,520.22,520.32,25123.0,520.364,151
2025-05-19 12:36:00-04:00,520.29,520.46,520.21,520.44,23548.0,520.315,145
2025-05-19 12:37:00-04:00,520.46,520.47,520.25,520.28,19039.0,520.381,141
2025-05-19 12:38:00-04:00,520.32,520.5,520.31,520.44,16359.0,520.433,119
2025-05-19 12:39:00-04:00,520.45,520.45,520.35,520.36,12577.0,520.388,84
2025-05-19 12:40:00-04:00,520.38,520.41,520.25,520.3,24220.0,520.319,158
2025-05-19 12:41:00-04:00,520.3,520.32,520.14,520.24,19088.0,520.221,139
2025-05-19 12:42:00-04:00,520.24,520.28,520.16,520.27,26859.0,520.23,208
2025-05-19 12:43:00-04:00,520.24,520.3,520.24,520.26,14066.0,520.26,89
2025-05-19 12:44:00-04:00,520.27,520.4,520.24,520.33,29858.0,520.314,205
2025-05-19 12:45:00-04:00,520.31,520.39,520.19,520.29,26432.0,520.331,195
2025-05-19 12:46:00-04:00,520.27,520.36,520.25,520.36,14607.0,520.321,93
2025-05-19 12:47:00-04:00,520.35,520.55,520.27,520.55,48618.0,520.412,290
2025-05-19 12:48:00-04:00,520.55,520.63,520.44,520.53,48066.0,520.523,309
2025-05-19 12:49:00-04:00,520.52,520.54,520.36,520.4,21532.0,520.425,131
2025-05-19 12:50:00-04:00,520.39,520.7,520.39,520.52,55266.0,520.556,411
2025-05-19 12:51:00-04:00,520.55,520.85,520.55,520.8,63574.0,520.744,395
2025-05-19 12:52:00-04:00,520.78,520.88,520.75,520.88,116294.0,520.831,602
2025-05-19 12:53:00-04:00,520.88,521.12,520.8,521.09,88674.0,521.003,513
2025-05-19 12:54:00-04:00,521.08,521.24,520.95,521.06,61826.0,521.086,383
2025-05-19 12:55:00-04:00,521.05,521.18,520.93,521.18,42460.0,521.052,301
2025-05-19 12:56:00-04:00,521.18,521.51,521.18,521.37,131071.0,521.382,846
2025-05-19 12:57:00-04:00,521.38,521.4,521.18,521.29,59835.0,521.307,408
2025-05-19 12:58:00-04:00,521.3,521.51,521.3,521.46,89141.0,521.398,680
2025-05-19 12:59:00-04:00,521.43,521.54,521.41,521.44,76448.0,521.483,537
2025-05-19 13:00:00-04:00,521.43,521.49,521.32,521.49,75896.0,521.406,487
2025-05-19 13:01:00-04:00,521.5,521.67,521.46,521.61,85523.0,521.563,554
2025-05-19 13:02:00-04:00,521.62,521.94,521.62,521.75,109273.0,521.817,746
2025-05-19 13:03:00-04:00,521.77,521.94,521.74,521.85,76458.0,521.868,394
2025-05-19 13:04:00-04:00,521.87,522.07,521.86,522.04,134988.0,521.99,573
2025-05-19 13:05:00-04:00,522.04,522.11,521.93,521.94,59402.0,522.025,402
2025-05-19 13:06:00-04:00,521.93,522.04,521.92,522.02,223269.0,521.985,689
2025-05-19 13:07:00-04:00,522.02,522.28,521.95,522.24,150080.0,522.118,852
2025-05-19 13:08:00-04:00,522.24,522.51,522.24,522.39,99196.0,522.382,595
2025-05-19 13:09:00-04:00,522.37,522.5,522.37,522.44,54152.0,522.423,272
2025-05-19 13:10:00-04:00,522.45,522.48,522.18,522.21,72051.0,522.292,381
2025-05-19 13:11:00-04:00,522.21,522.32,522.18,522.28,74226.0,522.261,399
2025-05-19 13:12:00-04:00,522.31,522.53,522.28,522.43,68971.0,522.432,518
2025-05-19 13:13:00-04:00,522.42,522.52,522.41,522.45,49524.0,522.463,264
2025-05-19 13:14:00-04:00,522.46,522.46,522.3,522.36,52466.0,522.384,287
2025-05-19 13:15:00-04:00,522.38,522.46,522.31,522.33,65460.0,522.367,361
2025-05-19 13:16:00-04:00,522.34,522.39,522.04,522.07,107336.0,522.248,538
2025-05-19 13:17:00-04:00,522.07,522.28,521.97,522.26,103721.0,522.077,619
2025-05-19 13:18:00-04:00,522.26,522.26,522.04,522.07,38645.0,522.154,211
2025-05-19 13:19:00-04:00,522.05,522.06,521.91,521.95,67302.0,521.982,353
2025-05-19 13:20:00-04:00,521.93,522.07,521.88,521.97,59011.0,521.987,310
2025-05-19 13:21:00-04:00,521.96,522.2,521.93,522.15,35326.0,522.1,218
2025-05-19 13:22:00-04:00,522.14,522.23,522.04,522.15,43753.0,522.153,224
2025-05-19 13:23:00-04:00,522.14,522.16,522.02,522.04,29213.0,522.081,180
2025-05-19 13:24:00-04:00,522.06,522.23,522.06,522.21,43315.0,522.177,212
2025-05-19 13:25:00-04:00,522.23,522.37,522.13,522.28,46557.0,522.272,338
2025-05-19 13:26:00-04:00,522.28,522.51,522.28,522.38,58011.0,522.425,399
2025-05-19 13:27:00-04:00,522.39,522.42,522.21,522.28,36898.0,522.28,244
2025-05-19 13:28:00-04:00,522.27,522.37,522.14,522.22,38207.0,522.244,236
2025-05-19 13:29:00-04:00,522.21,522.21,521.99,522.0,37742.0,522.087,258
2025-05-19 13:30:00-04:00,522.02,522.11,521.95,522.08,43426.0,522.023,281
2025-05-19 13:31:00-04:00,522.06,522.06,521.75,521.81,45351.0,521.886,293
2025-05-19 13:32:00-04:00,521.81,521.95,521.71,521.93,93204.0,521.79,428
2025-05-19 13:33:00-04:00,521.9,522.39,521.82,522.22,167747.0,522.152,1284
2025-05-19 13:34:00-04:00,522.21,522.47,522.07,522.46,54660.0,522.275,344
2025-05-19 13:35:00-04:00,522.47,522.5,522.11,522.15,76077.0,522.293,449
2025-05-19 13:36:00-04:00,522.17,522.32,522.13,522.15,43019.0,522.227,262
2025-05-19 13:37:00-04:00,522.16,522.37,522.09,522.2,38016.0,522.242,262
2025-05-19 13:38:00-04:00,522.22,522.27,522.08,522.22,28932.0,522.185,174
2025-05-19 13:39:00-04:00,522.22,522.22,522.03,522.08,31261.0,522.127,176
2025-05-19 13:40:00-04:00,522.09,522.15,521.9,521.92,33133.0,522.039,188
2025-05-19 13:41:00-04:00,521.92,522.07,521.85,521.98,46031.0,521.948,269
2025-05-19 13:42:00-04:00,522.0,522.08,521.9,521.95,24360.0,521.996,133
2025-05-19 13:43:00-04:00,521.98,522.11,521.93,522.0,30513.0,522.012,185
2025-05-19 13:44:00-04:00,522.01,522.05,521.92,521.96,17921.0,521.972,146
2025-05-19 13:45:00-04:00,521.98,522.02,521.92,521.95,18534.0,521.978,129
2025-05-19 13:46:00-04:00,521.95,521.96,521.82,521.9,24548.0,521.893,173
2025-05-19 13:47:00-04:00,521.9,521.99,521.78,521.8,59482.0,521.841,271
2025-05-19 13:48:00-04:00,521.8,521.82,521.55,521.56,127574.0,521.693,474
2025-05-19 13:49:00-04:00,521.57,521.76,521.56,521.66,44470.0,521.681,307
2025-05-19 13:50:00-04:00,521.68,521.71,521.45,521.71,77892.0,521.569,447
2025-05-19 13:51:00-04:00,521.7,521.92,521.61,521.9,76923.0,521.736,443
2025-05-19 13:52:00-04:00,521.91,521.93,521.75,521.76,38048.0,521.833,248
2025-05-19 13:53:00-04:00,521.76,521.78,521.53,521.64,57413.0,521.62,352
2025-05-19 13:54:00-04:00,521.65,521.81,521.57,521.6,32588.0,521.676,231
2025-05-19 13:55:00-04:00,521.58,521.69,521.48,521.59,61237.0,521.549,336
2025-05-19 13:56:00-04:00,521.57,521.69,521.55,521.64,39550.0,521.636,250
2025-05-19 13:57:00-04:00,521.65,521.66,521.38,521.45,47592.0,521.533,329
2025-05-19 13:58:00-04:00,521.44,521.58,521.34,521.57,93858.0,521.495,415
2025-05-19 13:59:00-04:00,521.56,521.56,521.43,521.45,35600.0,521.492,201
2025-05-19 14:00:00-04:00,521.44,521.52,521.25,521.39,70341.0,521.387,439
2025-05-19 14:01:00-04:00,521.39,521.48,521.36,521.47,37881.0,521.415,237
2025-05-19 14:02:00-04:00,521.45,521.62,521.45,521.54,72186.0,521.548,385
2025-05-19 14:03:00-04:00,521.51,521.54,521.41,521.51,30374.0,521.485,174
2025-05-19 14:04:00-04:00,521.51,521.54,521.39,521.46,42403.0,521.473,261
2025-05-19 14:05:00-04:00,521.45,521.53,521.44,521.45,32117.0,521.476,215
2025-05-19 14:06:00-04:00,521.46,521.51,521.35,521.35,33989.0,521.437,243
2025-05-19 14:07:00-04:00,521.36,521.43,521.31,521.43,27476.0,521.363,160
2025-05-19 14:08:00-04:00,521.42,521.42,521.32,521.41,22802.0,521.384,146
2025-05-19 14:09:00-04:00,521.37,521.46,521.32,521.36,34159.0,521.396,207
2025-05-19 14:10:00-04:00,521.35,521.37,521.09,521.12,54510.0,521.191,327
2025-05-19 14:11:00-04:00,521.13,521.2,521.06,521.1,43797.0,521.134,249
2025-05-19 14:12:00-04:00,521.08,521.1,520.84,521.01,73777.0,520.961,452
2025-05-19 14:13:00-04:00,521.01,521.09,520.92,521.08,38315.0,521.002,240
2025-05-19 14:14:00-04:00,521.06,521.06,520.88,520.95,32012.0,520.947,193
2025-05-19 14:15:00-04:00,520.94,520.94,520.68,520.82,79680.0,520.822,421
2025-05-19 14:16:00-04:00,520.83,520.83,520.6,520.72,59290.0,520.728,323
2025-05-19 14:17:00-04:00,520.74,520.78,520.66,520.7,36133.0,520.719,248
2025-05-19 14:18:00-04:00,520.69,520.69,520.3,520.46,65737.0,520.473,406
2025-05-19 14:19:00-04:00,520.46,520.5,520.27,520.49,73027.0,520.393,467
2025-05-19 14:20:00-04:00,520.48,520.61,520.38,520.56,76406.0,520.488,427
2025-05-19 14:21:00-04:00,520.58,520.61,520.36,520.44,56773.0,520.499,232
2025-05-19 14:22:00-04:00,520.44,520.45,520.26,520.39,35388.0,520.372,236
2025-05-19 14:23:00-04:00,520.38,520.74,520.37,520.66,77841.0,520.606,439
2025-05-19 14:24:00-04:00,520.66,520.67,520.41,520.51,25035.0,520.553,179
2025-05-19 14:25:00-04:00,520.53,520.85,520.52,520.84,65168.0,520.76,392
2025-05-19 14:26:00-04:00,520.83,521.02,520.83,520.88,49416.0,520.929,295
2025-05-19 14:27:00-04:00,520.88,520.91,520.53,520.56,63703.0,520.69,439
2025-05-19 14:28:00-04:00,520.56,520.74,520.46,520.64,222728.0,520.569,1373
2025-05-19 14:29:00-04:00,520.62,520.71,520.46,520.51,40344.0,520.571,288
2025-05-19 14:30:00-04:00,520.53,520.62,520.48,520.55,60170.0,520.539,303
2025-05-19 14:31:00-04:00,520.56,520.59,520.41,520.5,36444.0,520.502,231
2025-05-19 14:32:00-04:00,520.52,520.85,520.51,520.85,67952.0,520.689,356
2025-05-19 14:33:00-04:00,520.86,520.98,520.8,520.98,35494.0,520.892,223
2025-05-19 14:34:00-04:00,520.98,520.98,520.86,520.9,15909.0,520.918,116
2025-05-19 14:35:00-04:00,520.91,521.13,520.89,521.1,31845.0,521.007,195
2025-05-19 14:36:00-04:00,521.08,521.22,521.08,521.17,61328.0,521.159,303
2025-05-19 14:37:00-04:00,521.18,521.4,521.18,521.29,73408.0,521.279,352
2025-05-19 14:38:00-04:00,521.29,521.32,521.17,521.22,42502.0,521.235,179
2025-05-19 14:39:00-04:00,521.22,521.37,521.22,521.31,24150.0,521.312,154
2025-05-19 14:40:00-04:00,521.33,521.36,521.25,521.3,36833.0,521.289,229
2025-05-19 14:41:00-04:00,521.29,521.34,521.21,521.29,22180.0,521.264,159
2025-05-19 14:42:00-04:00,521.29,521.3,521.12,521.13,41812.0,521.224,254
2025-05-19 14:43:00-04:00,521.12,521.21,520.85,520.89,65132.0,521.037,360
2025-05-19 14:44:00-04:00,520.88,521.11,520.84,520.95,32945.0,520.996,194
2025-05-19 14:45:00-04:00,520.95,521.09,520.93,520.95,20377.0,521.018,128
2025-05-19 14:46:00-04:00,520.95,521.06,520.89,520.9,28699.0,520.988,163
2025-05-19 14:47:00-04:00,520.91,520.97,520.77,520.81,49842.0,520.843,316
2025-05-19 14:48:00-04:00,520.8,520.87,520.71,520.82,27988.0,520.803,205
2025-05-19 14:49:00-04:00,520.81,520.98,520.78,520.94,34750.0,520.887,244
2025-05-19 14:50:00-04:00,520.94,521.19,520.92,521.06,60948.0,521.08,400
2025-05-19 14:51:00-04:00,521.06,521.2,521.02,521.18,34228.0,521.107,253
2025-05-19 14:52:00-04:00,521.18,521.3,521.1,521.21,97311.0,521.193,616
2025-05-19 14:53:00-04:00,521.21,521.33,521.16,521.26,60876.0,521.251,341
2025-05-19 14:54:00-04:00,521.26,521.34,521.2,521.33,62988.0,521.273,324
2025-05-19 14:55:00-04:00,521.32,521.49,521.24,521.44,76767.0,521.364,531
2025-05-19 14:56:00-04:00,521.44,521.45,521.25,521.26,37579.0,521.36,227
2025-05-19 14:57:00-04:00,521.27,521.41,521.17,521.2,55100.0,521.32,396
2025-05-19 14:58:00-04:00,521.19,521.44,521.19,521.34,59900.0,521.343,372
2025-05-19 14:59:00-04:00,521.33,521.45,521.3,521.37,39685.0,521.392,265
2025-05-19 15:00:00-04:00,521.38,521.63,521.31,521.48,82899.0,521.504,611
2025-05-19 15:01:00-04:00,521.47,521.51,521.12,521.19,68403.0,521.301,409
2025-05-19 15:02:00-04:00,521.19,521.44,521.17,521.19,46985.0,521.287,331
2025-05-19 15:03:00-04:00,521.19,521.36,521.05,521.35,42127.0,521.206,334
2025-05-19 15:04:00-04:00,521.35,521.39,521.16,521.16,27157.0,521.269,215
2025-05-19 15:05:00-04:00,521.16,521.26,521.1,521.25,29013.0,521.162,228
2025-05-19 15:06:00-04:00,521.23,521.47,521.17,521.36,38440.0,521.355,254
2025-05-19 15:07:00-04:00,521.36,521.36,521.18,521.3,37262.0,521.283,240
2025-05-19 15:08:00-04:00,521.29,521.32,521.05,521.06,69176.0,521.119,380
2025-05-19 15:09:00-04:00,521.06,521.11,520.99,521.05,39818.0,521.034,253
2025-05-19 15:10:00-04:00,521.05,521.05,520.79,520.87,52085.0,520.919,309
2025-05-19 15:11:00-04:00,520.87,521.08,520.85,521.04,48400.0,520.999,284
2025-05-19 15:12:00-04:00,521.05,521.06,520.87,520.92,24162.0,520.94,180
2025-05-19 15:13:00-04:00,520.93,520.99,520.8,520.81,51407.0,520.893,352
2025-05-19 15:14:00-04:00,520.8,520.89,520.73,520.85,40752.0,520.807,257
2025-05-19 15:15:00-04:00,520.84,520.85,520.48,520.7,105100.0,520.668,563
2025-05-19 15:16:00-04:00,520.74,520.89,520.71,520.77,51248.0,520.818,338
2025-05-19 15:17:00-04:00,520.77,520.8,520.64,520.71,42257.0,520.727,207
2025-05-19 15:18:00-04:00,520.71,520.81,520.66,520.73,23895.0,520.718,194
2025-05-19 15:19:00-04:00,520.72,520.72,520.55,520.56,44004.0,520.635,300
2025-05-19 15:20:00-04:00,520.55,520.71,520.44,520.67,73761.0,520.544,477
2025-05-19 15:21:00-04:00,520.66,520.75,520.59,520.67,69719.0,520.659,338
2025-05-19 15:22:00-04:00,520.68,520.87,520.66,520.82,71754.0,520.785,478
2025-05-19 15:23:00-04:00,520.83,520.9,520.66,520.66,68199.0,520.793,463
2025-05-19 15:24:00-04:00,520.67,520.73,520.55,520.61,60587.0,520.641,362
2025-05-19 15:25:00-04:00,520.6,520.61,520.4,520.42,95965.0,520.468,547
2025-05-19 15:26:00-04:00,520.42,520.51,520.36,520.39,27612.0,520.433,230
2025-05-19 15:27:00-04:00,520.39,520.4,520.11,520.26,97051.0,520.291,410
2025-05-19 15:28:00-04:00,520.26,520.47,520.22,520.33,85407.0,520.34,525
2025-05-19 15:29:00-04:00,520.35,520.54,520.32,520.47,69417.0,520.431,415
2025-05-19 15:30:00-04:00,520.48,520.72,520.44,520.57,95749.0,520.565,582
2025-05-19 15:31:00-04:00,520.56,520.85,520.51,520.75,85826.0,520.676,559
2025-05-19 15:32:00-04:00,520.73,520.77,520.62,520.69,45156.0,520.7,304
2025-05-19 15:33:00-04:00,520.67,520.72,520.57,520.66,27252.0,520.639,202
2025-05-19 15:34:00-04:00,520.65,520.8,520.64,520.64,41433.0,520.726,275
2025-05-19 15:35:00-04:00,520.63,520.89,520.61,520.86,48056.0,520.771,302
2025-05-19 15:36:00-04:00,520.88,521.03,520.83,520.87,77207.0,520.923,485
2025-05-19 15:37:00-04:00,520.87,520.89,520.58,520.75,40000.0,520.754,293
2025-05-19 15:38:00-04:00,520.71,520.89,520.65,520.89,30378.0,520.779,223
2025-05-19 15:39:00-04:00,520.88,520.99,520.83,520.85,48954.0,520.9,371
2025-05-19 15:40:00-04:00,520.86,520.91,520.77,520.81,20911.0,520.844,182
2025-05-19 15:41:00-04:00,520.79,520.83,520.6,520.8,57279.0,520.705,363
2025-05-19 15:42:00-04:00,520.8,520.81,520.62,520.68,43123.0,520.7,290
2025-05-19 15:43:00-04:00,520.67,520.67,520.52,520.59,41287.0,520.589,276
2025-05-19 15:44:00-04:00,520.58,520.61,520.42,520.58,44148.0,520.542,268
2025-05-19 15:45:00-04:00,520.57,520.85,520.52,520.84,65658.0,520.752,370
2025-05-19 15:46:00-04:00,520.83,520.86,520.65,520.86,66494.0,520.78,374
2025-05-19 15:47:00-04:00,520.87,520.99,520.84,520.92,58841.0,520.918,381
2025-05-19 15:48:00-04:00,520.9,521.18,520.89,521.06,86602.0,521.105,573
2025-05-19 15:49:00-04:00,521.07,521.32,521.06,521.22,70314.0,521.186,442
2025-05-19 15:50:00-04:00,521.23,521.79,521.23,521.64,226439.0,521.576,1384
2025-05-19 15:51:00-04:00,521.63,521.71,521.36,521.6,161642.0,521.524,1013
2025-05-19 15:52:00-04:00,521.6,521.68,521.25,521.54,141988.0,521.458,928
2025-05-19 15:53:00-04:00,521.53,521.53,521.33,521.39,89400.0,521.417,648
2025-05-19 15:54:00-04:00,521.37,521.75,521.33,521.62,167880.0,521.577,1038
2025-05-19 15:55:00-04:00,521.61,521.78,521.4,521.65,188101.0,521.591,1205
2025-05-19 15:56:00-04:00,521.65,521.84,521.59,521.84,115744.0,521.714,833
2025-05-19 15:57:00-04:00,521.84,521.96,521.76,521.85,154399.0,521.868,1024
2025-05-19 15:58:00-04:00,521.85,521.85,521.64,521.72,202928.0,521.741,1323
2025-05-19 15:59:00-04:00,521.71,522.28,521.55,522.03,666223.0,522.013,3755
2025-05-20 09:30:00-04:00,519.46,519.96,519.4,519.96,409447.0,519.62,1849
2025-05-20 09:31:00-04:00,519.9,519.93,519.46,519.66,153293.0,519.66,988
2025-05-20 09:32:00-04:00,519.65,519.89,519.32,519.76,154943.0,519.605,970
2025-05-20 09:33:00-04:00,519.77,520.05,519.6,519.93,139130.0,519.836,1030
2025-05-20 09:34:00-04:00,519.92,519.96,519.58,519.67,95297.0,519.798,648
2025-05-20 09:35:00-04:00,519.65,519.65,519.21,519.5,135918.0,519.411,947
2025-05-20 09:36:00-04:00,519.45,519.49,519.14,519.37,91626.0,519.311,638
2025-05-20 09:37:00-04:00,519.36,519.78,519.27,519.31,113584.0,519.538,724
2025-05-20 09:38:00-04:00,519.29,519.83,518.96,519.83,146895.0,519.309,998
2025-05-20 09:39:00-04:00,519.81,519.91,519.62,519.84,89221.0,519.799,549
2025-05-20 09:40:00-04:00,519.83,520.1,519.48,519.48,141935.0,519.839,987
2025-05-20 09:41:00-04:00,519.47,519.51,519.04,519.42,130962.0,519.321,905
2025-05-20 09:42:00-04:00,519.43,519.72,519.22,519.61,89196.0,519.443,655
2025-05-20 09:43:00-04:00,519.62,519.74,519.43,519.6,61247.0,519.585,472
2025-05-20 09:44:00-04:00,519.62,519.68,519.25,519.47,70177.0,519.422,481
2025-05-20 09:45:00-04:00,519.49,519.57,519.27,519.5,88013.0,519.424,534
2025-05-20 09:46:00-04:00,519.49,519.51,519.07,519.15,80756.0,519.257,473
2025-05-20 09:47:00-04:00,519.15,519.24,518.31,518.32,190814.0,518.704,1216
2025-05-20 09:48:00-04:00,518.3,518.86,518.16,518.75,144206.0,518.467,920
2025-05-20 09:49:00-04:00,518.75,518.78,518.35,518.54,73062.0,518.515,469
2025-05-20 09:50:00-04:00,518.47,518.62,518.21,518.37,104782.0,518.47,686
2025-05-20 09:51:00-04:00,518.32,518.66,518.07,518.66,93980.0,518.315,564
2025-05-20 09:52:00-04:00,518.61,519.5,518.61,519.5,241049.0,519.159,1202
2025-05-20 09:53:00-04:00,519.49,519.8,519.34,519.69,141513.0,519.628,745
2025-05-20 09:54:00-04:00,519.71,519.92,519.64,519.72,99281.0,519.762,627
2025-05-20 09:55:00-04:00,519.7,519.79,519.52,519.59,130382.0,519.603,777
2025-05-20 09:56:00-04:00,519.56,519.56,519.21,519.36,87823.0,519.357,514
2025-05-20 09:57:00-04:00,519.33,519.47,519.12,519.2,92879.0,519.242,595
2025-05-20 09:58:00-04:00,519.19,519.4,518.77,518.83,76502.0,519.036,514
2025-05-20 09:59:00-04:00,518.82,519.17,518.69,519.03,69237.0,518.963,485
2025-05-20 10:00:00-04:00,519.03,519.25,518.77,519.03,101608.0,519.003,686
2025-05-20 10:01:00-04:00,519.0,519.1,518.6,518.87,118289.0,518.833,791
2025-05-20 10:02:00-04:00,518.88,519.28,518.71,518.94,54639.0,519.037,422
2025-05-20 10:03:00-04:00,518.97,519.15,518.84,519.14,61368.0,518.995,433
2025-05-20 10:04:00-04:00,519.13,519.28,518.95,519.2,94093.0,519.169,562
2025-05-20 10:05:00-04:00,519.19,519.51,519.06,519.36,102504.0,519.292,620
2025-05-20 10:06:00-04:00,519.37,519.48,519.12,519.21,58272.0,519.274,433
2025-05-20 10:07:00-04:00,519.17,519.21,518.58,518.86,95604.0,518.837,714
2025-05-20 10:08:00-04:00,518.84,518.84,518.53,518.7,61252.0,518.736,410
2025-05-20 10:09:00-04:00,518.67,518.83,518.43,518.44,78881.0,518.595,558
2025-05-20 10:10:00-04:00,518.41,518.77,518.28,518.75,115139.0,518.527,770
2025-05-20 10:11:00-04:00,518.74,518.87,518.49,518.68,58686.0,518.701,421
2025-05-20 10:12:00-04:00,518.65,518.89,518.5,518.88,59952.0,518.675,437
2025-05-20 10:13:00-04:00,518.87,519.0,518.76,518.83,74324.0,518.891,484
2025-05-20 10:14:00-04:00,518.84,518.92,518.58,518.82,74293.0,518.727,508
2025-05-20 10:15:00-04:00,518.81,519.17,518.76,519.12,73827.0,518.966,517
2025-05-20 10:16:00-04:00,519.17,519.25,518.93,518.98,95224.0,519.117,586
2025-05-20 10:17:00-04:00,518.97,519.25,518.84,519.2,43431.0,518.969,336
2025-05-20 10:18:00-04:00,519.15,519.46,519.12,519.28,103273.0,519.337,701
2025-05-20 10:19:00-04:00,519.36,519.48,519.26,519.29,52097.0,519.345,356
2025-05-20 10:20:00-04:00,519.3,519.56,519.19,519.56,94752.0,519.39,649
2025-05-20 10:21:00-04:00,519.54,519.79,519.4,519.43,144646.0,519.658,883
2025-05-20 10:22:00-04:00,519.42,519.69,519.42,519.56,84334.0,519.598,513
2025-05-20 10:23:00-04:00,519.55,519.58,519.34,519.4,75833.0,519.444,451
2025-05-20 10:24:00-04:00,519.38,519.47,519.08,519.14,86309.0,519.235,545
2025-05-20 10:25:00-04:00,519.12,519.35,519.1,519.25,93133.0,519.235,572
2025-05-20 10:26:00-04:00,519.25,519.52,519.18,519.52,77772.0,519.353,451
2025-05-20 10:27:00-04:00,519.51,519.56,519.19,519.29,72306.0,519.367,465
2025-05-20 10:28:00-04:00,519.34,519.38,518.65,518.93,132106.0,518.917,918
2025-05-20 10:29:00-04:00,518.94,519.13,518.91,519.03,44012.0,519.052,266
2025-05-20 10:30:00-04:00,518.99,519.16,518.94,519.06,28041.0,519.039,228
2025-05-20 10:31:00-04:00,519.06,519.25,518.95,519.22,49420.0,519.089,329
2025-05-20 10:32:00-04:00,519.19,519.27,518.79,518.88,71515.0,518.928,538
2025-05-20 10:33:00-04:00,518.85,519.12,518.73,519.11,62219.0,518.832,500
2025-05-20 10:34:00-04:00,519.11,519.25,518.95,519.23,34331.0,519.104,230
2025-05-20 10:35:00-04:00,519.21,519.4,519.13,519.34,66668.0,519.303,419
2025-05-20 10:36:00-04:00,519.32,519.42,519.1,519.2,69334.0,519.284,463
2025-05-20 10:37:00-04:00,519.18,519.45,519.18,519.43,45879.0,519.324,331
2025-05-20 10:38:00-04:00,519.43,519.83,519.43,519.75,97597.0,519.632,561
2025-05-20 10:39:00-04:00,519.76,520.18,519.74,520.1,230274.0,520.041,1350
2025-05-20 10:40:00-04:00,520.12,520.24,520.07,520.16,146911.0,520.152,702
2025-05-20 10:41:00-04:00,520.18,520.21,519.97,520.05,81917.0,520.092,516
2025-05-20 10:42:00-04:00,520.05,520.16,520.0,520.1,46222.0,520.067,266
2025-05-20 10:43:00-04:00,520.09,520.09,519.97,520.0,50575.0,520.033,288
2025-05-20 10:44:00-04:00,520.0,520.29,520.0,520.25,92855.0,520.165,664
2025-05-20 10:45:00-04:00,520.26,520.37,520.15,520.3,73219.0,520.275,456
2025-05-20 10:46:00-04:00,520.3,520.33,520.08,520.21,36419.0,520.192,259
2025-05-20 10:47:00-04:00,520.22,520.22,520.05,520.18,32092.0,520.123,239
2025-05-20 10:48:00-04:00,520.19,520.38,520.19,520.36,41600.0,520.261,257
2025-05-20 10:49:00-04:00,520.35,520.38,520.28,520.3,25265.0,520.325,185
2025-05-20 10:50:00-04:00,520.3,520.3,520.13,520.23,36932.0,520.216,286
2025-05-20 10:51:00-04:00,520.24,520.24,519.82,519.89,121028.0,519.956,739
2025-05-20 10:52:00-04:00,519.88,520.12,519.86,520.09,34442.0,520.016,221
2025-05-20 10:53:00-04:00,520.05,520.17,520.03,520.1,44708.0,520.112,257
2025-05-20 10:54:00-04:00,520.11,520.25,520.08,520.1,40765.0,520.182,284
2025-05-20 10:55:00-04:00,520.1,520.22,520.06,520.1,29571.0,520.142,242
2025-05-20 10:56:00-04:00,520.11,520.15,519.96,519.96,33384.0,520.054,257
2025-05-20 10:57:00-04:00,519.94,520.03,519.48,519.58,107792.0,519.684,682
2025-05-20 10:58:00-04:00,519.61,519.73,519.33,519.41,78858.0,519.488,486
2025-05-20 10:59:00-04:00,519.4,519.57,519.26,519.34,65378.0,519.411,469
2025-05-20 11:00:00-04:00,519.33,519.33,518.86,519.27,197572.0,519.063,1211
2025-05-20 11:01:00-04:00,519.26,519.37,519.11,519.26,57559.0,519.258,417
2025-05-20 11:02:00-04:00,519.25,519.51,519.25,519.49,65416.0,519.372,437
2025-05-20 11:03:00-04:00,519.5,519.64,519.41,519.58,50098.0,519.535,366
2025-05-20 11:04:00-04:00,519.59,519.6,519.4,519.4,33355.0,519.487,235
2025-05-20 11:05:00-04:00,519.4,519.55,519.17,519.32,40243.0,519.336,342
2025-05-20 11:06:00-04:00,519.32,519.42,519.24,519.24,27435.0,519.348,191
2025-05-20 11:07:00-04:00,519.23,519.57,519.14,519.55,61511.0,519.384,373
2025-05-20 11:08:00-04:00,519.55,519.56,519.36,519.48,38684.0,519.492,273
2025-05-20 11:09:00-04:00,519.49,519.57,519.43,519.47,16829.0,519.504,128
2025-05-20 11:10:00-04:00,519.46,519.47,519.29,519.36,50879.0,519.386,379
2025-05-20 11:11:00-04:00,519.38,519.72,519.36,519.67,61997.0,519.544,378
2025-05-20 11:12:00-04:00,519.68,519.76,519.53,519.53,42438.0,519.68,283
2025-05-20 11:13:00-04:00,519.55,519.68,519.55,519.58,20591.0,519.609,138
2025-05-20 11:14:00-04:00,519.59,519.62,519.46,519.52,35062.0,519.523,223
2025-05-20 11:15:00-04:00,519.52,519.57,519.45,519.55,21520.0,519.517,171
2025-05-20 11:16:00-04:00,519.55,519.74,519.45,519.64,34718.0,519.613,239
2025-05-20 11:17:00-04:00,519.61,519.78,519.61,519.76,59633.0,519.729,273
2025-05-20 11:18:00-04:00,519.77,519.82,519.68,519.82,18226.0,519.741,126
2025-05-20 11:19:00-04:00,519.83,519.92,519.63,519.75,56136.0,519.776,374
2025-05-20 11:20:00-04:00,519.76,519.89,519.64,519.69,35383.0,519.781,227
2025-05-20 11:21:00-04:00,519.68,519.77,519.65,519.75,17750.0,519.704,114
2025-05-20 11:22:00-04:00,519.74,519.85,519.6,519.69,32144.0,519.718,192
2025-05-20 11:23:00-04:00,519.7,519.7,519.41,519.41,29911.0,519.549,228
2025-05-20 11:24:00-04:00,519.41,519.59,519.36,519.37,30221.0,519.444,229
2025-05-20 11:25:00-04:00,519.36,519.48,519.26,519.42,40926.0,519.372,323
2025-05-20 11:26:00-04:00,519.43,519.69,519.37,519.68,39865.0,519.591,240
2025-05-20 11:27:00-04:00,519.68,519.71,519.5,519.7,21453.0,519.6,149
2025-05-20 11:28:00-04:00,519.72,519.75,519.57,519.64,21489.0,519.656,149
2025-05-20 11:29:00-04:00,519.64,519.73,519.63,519.69,25053.0,519.681,159
2025-05-20 11:30:00-04:00,519.69,519.82,519.63,519.77,60425.0,519.732,443
2025-05-20 11:31:00-04:00,519.77,519.81,519.68,519.77,29628.0,519.756,156
2025-05-20 11:32:00-04:00,519.76,519.8,519.46,519.47,61676.0,519.564,361
2025-05-20 11:33:00-04:00,519.47,519.67,519.35,519.64,43215.0,519.468,285
2025-05-20 11:34:00-04:00,519.6,519.66,519.52,519.59,15883.0,519.596,107
2025-05-20 11:35:00-04:00,519.59,519.64,519.4,519.51,31241.0,519.503,250
2025-05-20 11:36:00-04:00,519.52,519.61,519.42,519.45,33356.0,519.532,246
2025-05-20 11:37:00-04:00,519.49,519.56,519.39,519.4,20841.0,519.467,159
2025-05-20 11:38:00-04:00,519.41,519.51,519.31,519.34,50175.0,519.397,298
2025-05-20 11:39:00-04:00,519.37,519.59,519.28,519.45,43041.0,519.427,337
2025-05-20 11:40:00-04:00,519.48,519.5,519.32,519.37,30812.0,519.416,222
2025-05-20 11:41:00-04:00,519.38,519.38,519.1,519.24,61505.0,519.196,441
2025-05-20 11:42:00-04:00,519.22,519.43,519.22,519.4,33951.0,519.338,232
2025-05-20 11:43:00-04:00,519.42,519.42,519.23,519.28,22709.0,519.308,180
2025-05-20 11:44:00-04:00,519.28,519.3,519.0,519.08,37628.0,519.143,322
2025-05-20 11:45:00-04:00,519.07,519.11,518.93,519.11,74113.0,519.012,409
2025-05-20 11:46:00-04:00,519.09,519.29,519.08,519.15,43388.0,519.217,273
2025-05-20 11:47:00-04:00,519.16,519.36,519.14,519.35,30826.0,519.257,190
2025-05-20 11:48:00-04:00,519.35,519.68,519.35,519.61,60507.0,519.553,368
2025-05-20 11:49:00-04:00,519.6,519.65,519.45,519.63,38152.0,519.588,241
2025-05-20 11:50:00-04:00,519.64,519.74,519.52,519.66,115399.0,519.631,541
2025-05-20 11:51:00-04:00,519.63,519.67,519.56,519.62,18234.0,519.624,122
2025-05-20 11:52:00-04:00,519.64,519.67,519.44,519.61,27882.0,519.555,176
2025-05-20 11:53:00-04:00,519.6,519.65,519.49,519.55,15222.0,519.58,106
2025-05-20 11:54:00-04:00,519.54,519.61,519.49,519.58,15322.0,519.555,96
2025-05-20 11:55:00-04:00,519.58,519.87,519.58,519.86,54232.0,519.764,364
2025-05-20 11:56:00-04:00,519.87,520.21,519.82,520.18,177254.0,520.07,1005
2025-05-20 11:57:00-04:00,520.18,520.25,520.06,520.1,36402.0,520.163,236
2025-05-20 11:58:00-04:00,520.11,520.21,520.03,520.07,67640.0,520.147,421
2025-05-20 11:59:00-04:00,520.07,520.09,519.92,520.0,44521.0,519.995,245
2025-05-20 12:00:00-04:00,520.0,520.08,519.88,519.98,98061.0,519.99,504
2025-05-20 12:01:00-04:00,519.97,520.1,519.8,520.05,49665.0,519.979,263
2025-05-20 12:02:00-04:00,520.08,520.15,519.92,520.01,25342.0,520.044,149
2025-05-20 12:03:00-04:00,519.99,520.1,519.92,520.06,31819.0,520.025,205
2025-05-20 12:04:00-04:00,520.07,520.08,519.83,519.96,50900.0,519.991,232
2025-05-20 12:05:00-04:00,519.95,519.99,519.75,519.84,24844.0,519.881,132
2025-05-20 12:06:00-04:00,519.84,519.84,519.48,519.56,52519.0,519.647,316
2025-05-20 12:07:00-04:00,519.59,519.68,519.51,519.64,28365.0,519.583,156
2025-05-20 12:08:00-04:00,519.66,519.75,519.61,519.65,17862.0,519.686,109
2025-05-20 12:09:00-04:00,519.61,519.65,519.48,519.65,24173.0,519.567,158
2025-05-20 12:10:00-04:00,519.66,519.7,519.38,519.44,21851.0,519.529,165
2025-05-20 12:11:00-04:00,519.43,519.47,519.23,519.42,56393.0,519.342,327
2025-05-20 12:12:00-04:00,519.42,519.62,519.41,519.53,23424.0,519.538,137
2025-05-20 12:13:00-04:00,519.57,519.69,519.49,519.66,26816.0,519.608,191
2025-05-20 12:14:00-04:00,519.65,519.77,519.59,519.63,22196.0,519.681,161
2025-05-20 12:15:00-04:00,519.63,519.76,519.55,519.55,39433.0,519.672,216
2025-05-20 12:16:00-04:00,519.56,519.68,519.48,519.61,18993.0,519.57,115
2025-05-20 12:17:00-04:00,519.58,519.75,519.57,519.69,17130.0,519.654,116
2025-05-20 12:18:00-04:00,519.67,519.77,519.63,519.71,21454.0,519.696,151
2025-05-20 12:19:00-04:00,519.72,519.73,519.61,519.64,10385.0,519.685,85
2025-05-20 12:20:00-04:00,519.63,519.92,519.63,519.87,45501.0,519.82,282
2025-05-20 12:21:00-04:00,519.88,519.91,519.69,519.83,17096.0,519.803,111
2025-05-20 12:22:00-04:00,519.81,519.81,519.68,519.7,20876.0,519.748,138
2025-05-20 12:23:00-04:00,519.72,519.84,519.62,519.64,52465.0,519.733,218
2025-05-20 12:24:00-04:00,519.64,519.65,519.45,519.46,46284.0,519.538,276
2025-05-20 12:25:00-04:00,519.45,519.58,519.28,519.57,32816.0,519.413,204
2025-05-20 12:26:00-04:00,519.58,519.73,519.52,519.73,36673.0,519.612,204
2025-05-20 12:27:00-04:00,519.75,519.98,519.73,519.97,40087.0,519.832,207
2025-05-20 12:28:00-04:00,519.97,520.1,519.94,519.99,61284.0,520.01,400
2025-05-20 12:29:00-04:00,520.01,520.01,519.86,519.89,14321.0,519.959,108
2025-05-20 12:30:00-04:00,519.89,520.0,519.84,519.99,50255.0,519.958,240
2025-05-20 12:31:00-04:00,519.99,520.14,519.97,520.12,33505.0,520.09,188
2025-05-20 12:32:00-04:00,520.11,520.23,520.0,520.1,48175.0,520.137,293
2025-05-20 12:33:00-04:00,520.08,520.22,520.02,520.22,14808.0,520.098,116
2025-05-20 12:34:00-04:00,520.19,520.26,520.06,520.07,24586.0,520.163,175
2025-05-20 12:35:00-04:00,520.09,520.29,520.08,520.17,30854.0,520.199,190
2025-05-20 12:36:00-04:00,520.18,520.29,520.18,520.28,28459.0,520.257,163
2025-05-20 12:37:00-04:00,520.28,520.52,520.15,520.49,122001.0,520.397,703
2025-05-20 12:38:00-04:00,520.49,520.68,520.49,520.58,75224.0,520.596,481
2025-05-20 12:39:00-04:00,520.58,520.6,520.48,520.57,31893.0,520.541,213
2025-05-20 12:40:00-04:00,520.57,520.7,520.49,520.53,38081.0,520.578,260
2025-05-20 12:41:00-04:00,520.53,520.59,520.45,520.5,56415.0,520.533,312
2025-05-20 12:42:00-04:00,520.51,520.7,520.5,520.64,39705.0,520.597,291
2025-05-20 12:43:00-04:00,520.65,520.67,520.47,520.65,47594.0,520.584,363
2025-05-20 12:44:00-04:00,520.64,520.74,520.63,520.71,50555.0,520.698,377
2025-05-20 12:45:00-04:00,520.71,520.84,520.63,520.63,109909.0,520.75,710
2025-05-20 12:46:00-04:00,520.63,520.69,520.57,520.69,35819.0,520.629,232
2025-05-20 12:47:00-04:00,520.71,520.8,520.65,520.75,23911.0,520.737,192
2025-05-20 12:48:00-04:00,520.76,520.83,520.73,520.77,29522.0,520.765,247
2025-05-20 12:49:00-04:00,520.77,520.78,520.64,520.71,28126.0,520.708,217
2025-05-20 12:50:00-04:00,520.72,520.88,520.65,520.81,43421.0,520.756,330
2025-05-20 12:51:00-04:00,520.82,520.83,520.6,520.68,47626.0,520.71,345
2025-05-20 12:52:00-04:00,520.67,520.71,520.57,520.61,30561.0,520.625,241
2025-05-20 12:53:00-04:00,520.62,520.66,520.52,520.6,35517.0,520.609,228
2025-05-20 12:54:00-04:00,520.61,520.73,520.53,520.72,24444.0,520.61,187
2025-05-20 12:55:00-04:00,520.73,520.88,520.72,520.83,39041.0,520.804,242
2025-05-20 12:56:00-04:00,520.82,520.87,520.77,520.82,38253.0,520.829,281
2025-05-20 12:57:00-04:00,520.84,520.84,520.59,520.68,32255.0,520.668,209
2025-05-20 12:58:00-04:00,520.67,520.72,520.59,520.72,20543.0,520.637,135
2025-05-20 12:59:00-04:00,520.69,520.69,520.54,520.57,19712.0,520.598,118
2025-05-20 13:00:00-04:00,520.57,520.71,520.47,520.69,80294.0,520.59,475
2025-05-20 13:01:00-04:00,520.71,520.86,520.66,520.74,60226.0,520.737,320
2025-05-20 13:02:00-04:00,520.74,520.76,520.63,520.74,24784.0,520.721,172
2025-05-20 13:03:00-04:00,520.75,520.78,520.67,520.67,18245.0,520.742,144
2025-05-20 13:04:00-04:00,520.68,520.82,520.68,520.76,28801.0,520.745,183
2025-05-20 13:05:00-04:00,520.78,520.88,520.78,520.85,54332.0,520.841,249
2025-05-20 13:06:00-04:00,520.85,520.91,520.7,520.78,58728.0,520.8,296
2025-05-20 13:07:00-04:00,520.81,520.93,520.79,520.89,26213.0,520.851,168
2025-05-20 13:08:00-04:00,520.91,520.92,520.79,520.81,17060.0,520.849,140
2025-05-20 13:09:00-04:00,520.82,520.9,520.8,520.86,10447.0,520.846,88
2025-05-20 13:10:00-04:00,520.86,520.88,520.79,520.81,28486.0,520.851,207
2025-05-20 13:11:00-04:00,520.81,520.82,520.67,520.73,32712.0,520.722,197
2025-05-20 13:12:00-04:00,520.71,520.82,520.71,520.73,21575.0,520.765,144
2025-05-20 13:13:00-04:00,520.71,520.71,520.58,520.64,19990.0,520.623,145
2025-05-20 13:14:00-04:00,520.67,520.84,520.66,520.81,27866.0,520.779,194
2025-05-20 13:15:00-04:00,520.8,520.8,520.65,520.65,12572.0,520.718,89
2025-05-20 13:16:00-04:00,520.66,520.73,520.59,520.62,19508.0,520.66,135
2025-05-20 13:17:00-04:00,520.6,520.65,520.55,520.59,21663.0,520.592,130
2025-05-20 13:18:00-04:00,520.58,520.66,520.47,520.53,35561.0,520.567,177
2025-05-20 13:19:00-04:00,520.51,520.53,520.39,520.51,32283.0,520.455,215
2025-05-20 13:20:00-04:00,520.52,520.53,520.26,520.43,46404.0,520.364,292
2025-05-20 13:21:00-04:00,520.43,520.43,520.23,520.29,34228.0,520.303,241
2025-05-20 13:22:00-04:00,520.3,520.44,520.28,520.36,23322.0,520.361,130
2025-05-20 13:23:00-04:00,520.36,520.36,520.2,520.28,15704.0,520.277,98
2025-05-20 13:24:00-04:00,520.3,520.4,520.29,520.32,16213.0,520.346,118
2025-05-20 13:25:00-04:00,520.32,520.49,520.3,520.36,20419.0,520.411,160
2025-05-20 13:26:00-04:00,520.35,520.56,520.35,520.43,34241.0,520.471,207
2025-05-20 13:27:00-04:00,520.42,520.63,520.42,520.57,29336.0,520.566,147
2025-05-20 13:28:00-04:00,520.59,520.61,520.47,520.52,17304.0,520.525,110
2025-05-20 13:29:00-04:00,520.52,520.63,520.41,520.44,23283.0,520.518,154
2025-05-20 13:30:00-04:00,520.44,520.49,520.3,520.39,39765.0,520.402,250
2025-05-20 13:31:00-04:00,520.36,520.47,520.31,520.31,20372.0,520.413,155
2025-05-20 13:32:00-04:00,520.31,520.33,519.95,519.96,57222.0,520.136,317
2025-05-20 13:33:00-04:00,519.97,520.02,519.77,519.9,82000.0,519.88,438
2025-05-20 13:34:00-04:00,519.89,519.9,519.68,519.8,55317.0,519.775,364
2025-05-20 13:35:00-04:00,519.82,519.92,519.61,519.82,53863.0,519.762,357
2025-05-20 13:36:00-04:00,519.81,520.04,519.73,519.97,75616.0,519.904,412
2025-05-20 13:37:00-04:00,519.98,519.98,519.68,519.72,70713.0,519.873,366
2025-05-20 13:38:00-04:00,519.73,519.9,519.62,519.9,48684.0,519.75,326
2025-05-20 13:39:00-04:00,519.89,519.93,519.68,519.77,51092.0,519.815,387
2025-05-20 13:40:00-04:00,519.78,519.82,519.64,519.78,62831.0,519.758,409
2025-05-20 13:41:00-04:00,519.78,520.06,519.78,520.04,35095.0,519.968,207
2025-05-20 13:42:00-04:00,520.05,520.17,519.93,519.96,70464.0,520.093,414
2025-05-20 13:43:00-04:00,519.96,520.05,519.85,520.02,23139.0,519.957,152
2025-05-20 13:44:00-04:00,520.03,520.03,519.92,519.96,25516.0,519.977,180
2025-05-20 13:45:00-04:00,519.94,519.94,519.81,519.9,22188.0,519.866,160
2025-05-20 13:46:00-04:00,519.89,519.95,519.77,519.93,36089.0,519.875,205
2025-05-20 13:47:00-04:00,519.94,520.02,519.81,519.81,37690.0,519.908,216
2025-05-20 13:48:00-04:00,519.8,519.99,519.8,519.96,36224.0,519.905,207
2025-05-20 13:49:00-04:00,519.96,519.99,519.59,519.61,43982.0,519.837,271
2025-05-20 13:50:00-04:00,519.59,519.67,519.34,519.56,77772.0,519.49,489
2025-05-20 13:51:00-04:00,519.57,519.77,519.56,519.69,51382.0,519.702,315
2025-05-20 13:52:00-04:00,519.7,519.8,519.61,519.78,30623.0,519.697,229
2025-05-20 13:53:00-04:00,519.8,519.91,519.71,519.84,38351.0,519.797,254
2025-05-20 13:54:00-04:00,519.83,519.96,519.77,519.93,20946.0,519.882,148
2025-05-20 13:55:00-04:00,519.94,519.98,519.74,519.79,28894.0,519.852,204
2025-05-20 13:56:00-04:00,519.8,519.85,519.75,519.76,18699.0,519.793,130
2025-05-20 13:57:00-04:00,519.74,519.79,519.63,519.79,13623.0,519.699,96
2025-05-20 13:58:00-04:00,519.79,519.93,519.78,519.9,22286.0,519.86,163
2025-05-20 13:59:00-04:00,519.91,519.98,519.87,519.89,25163.0,519.914,196
2025-05-20 14:00:00-04:00,519.88,519.93,519.76,519.79,47643.0,519.848,288
2025-05-20 14:01:00-04:00,519.79,519.85,519.65,519.81,22926.0,519.766,160
2025-05-20 14:02:00-04:00,519.82,519.88,519.79,519.83,23169.0,519.839,148
2025-05-20 14:03:00-04:00,519.82,520.0,519.82,519.99,32174.0,519.948,202
2025-05-20 14:04:00-04:00,519.99,520.07,519.93,519.98,34087.0,520.012,248
2025-05-20 14:05:00-04:00,519.99,520.05,519.91,520.02,31503.0,519.997,187
2025-05-20 14:06:00-04:00,520.02,520.09,519.98,520.06,43291.0,520.055,296
2025-05-20 14:07:00-04:00,520.07,520.11,519.98,520.09,26784.0,520.055,178
2025-05-20 14:08:00-04:00,520.1,520.1,519.93,520.01,28359.0,520.027,205
2025-05-20 14:09:00-04:00,520.01,520.05,519.81,519.86,35449.0,519.916,254
2025-05-20 14:10:00-04:00,519.81,520.03,519.8,519.97,21276.0,519.928,156
2025-05-20 14:11:00-04:00,519.98,520.11,519.94,520.08,29711.0,520.065,205
2025-05-20 14:12:00-04:00,520.07,520.08,519.98,520.02,18700.0,520.029,119
2025-05-20 14:13:00-04:00,520.02,520.02,519.92,519.97,17506.0,519.967,116
2025-05-20 14:14:00-04:00,519.99,520.0,519.92,519.96,6301.0,519.952,53
2025-05-20 14:15:00-04:00,519.95,520.1,519.9,519.94,43987.0,520.022,261
2025-05-20 14:16:00-04:00,519.94,519.94,519.52,519.59,74897.0,519.726,515
2025-05-20 14:17:00-04:00,519.59,519.65,519.45,519.52,55928.0,519.555,343
2025-05-20 14:18:00-04:00,519.52,519.68,519.4,519.67,37850.0,519.516,230
2025-05-20 14:19:00-04:00,519.68,519.75,519.56,519.64,38922.0,519.654,223
2025-05-20 14:20:00-04:00,519.62,519.62,519.29,519.34,45276.0,519.388,312
2025-05-20 14:21:00-04:00,519.33,519.33,518.36,518.68,217613.0,518.747,1291
2025-05-20 14:22:00-04:00,518.64,518.87,518.49,518.59,107650.0,518.667,665
2025-05-20 14:23:00-04:00,518.61,519.01,518.43,518.97,87165.0,518.669,516
2025-05-20 14:24:00-04:00,518.97,518.97,518.74,518.87,53212.0,518.883,304
2025-05-20 14:25:00-04:00,518.85,519.16,518.8,519.08,62024.0,519.014,437
2025-05-20 14:26:00-04:00,519.08,519.08,518.56,518.65,39774.0,518.816,286
2025-05-20 14:27:00-04:00,518.61,518.68,518.32,518.33,70640.0,518.525,397
2025-05-20 14:28:00-04:00,518.34,518.41,517.72,517.88,173554.0,518.067,1083
2025-05-20 14:29:00-04:00,517.88,518.01,517.7,517.93,110543.0,517.874,691
2025-05-20 14:30:00-04:00,517.92,518.15,517.78,518.15,90698.0,517.97,640
2025-05-20 14:31:00-04:00,518.16,518.18,517.75,518.01,97669.0,518.001,575
2025-05-20 14:32:00-04:00,518.04,518.18,517.88,518.12,77418.0,518.031,481
2025-05-20 14:33:00-04:00,518.09,518.34,518.03,518.13,96128.0,518.241,560
2025-05-20 14:34:00-04:00,518.18,518.33,518.15,518.26,51544.0,518.242,358
2025-05-20 14:35:00-04:00,518.27,518.46,518.2,518.46,52787.0,518.324,397
2025-05-20 14:36:00-04:00,518.48,518.55,518.28,518.31,78352.0,518.454,458
2025-05-20 14:37:00-04:00,518.32,518.66,518.23,518.64,49992.0,518.421,338
2025-05-20 14:38:00-04:00,518.65,518.72,518.57,518.65,43509.0,518.628,259
2025-05-20 14:39:00-04:00,518.66,518.79,518.58,518.59,42430.0,518.682,298
2025-05-20 14:40:00-04:00,518.6,518.67,518.29,518.29,70604.0,518.486,463
2025-05-20 14:41:00-04:00,518.31,518.35,517.85,517.88,75999.0,518.094,588
2025-05-20 14:42:00-04:00,517.88,518.03,517.76,517.98,100359.0,517.894,570
2025-05-20 14:43:00-04:00,517.93,518.15,517.8,518.09,59956.0,517.948,277
2025-05-20 14:44:00-04:00,518.08,518.14,517.81,518.12,73382.0,517.973,422
2025-05-20 14:45:00-04:00,518.08,518.2,518.04,518.12,32876.0,518.111,211
2025-05-20 14:46:00-04:00,518.09,518.26,517.85,517.85,55480.0,518.059,451
2025-05-20 14:47:00-04:00,517.87,517.99,517.77,517.9,33091.0,517.885,222
2025-05-20 14:48:00-04:00,517.88,518.03,517.86,517.97,26201.0,517.946,172
2025-05-20 14:49:00-04:00,517.93,518.06,517.87,517.99,27665.0,517.955,195
2025-05-20 14:50:00-04:00,517.97,518.21,517.96,518.05,52288.0,518.141,315
2025-05-20 14:51:00-04:00,518.06,518.31,517.93,518.2,41779.0,518.157,274
2025-05-20 14:52:00-04:00,518.21,518.23,517.79,517.89,53136.0,518.054,384
2025-05-20 14:53:00-04:00,517.93,518.16,517.87,518.12,33216.0,518.053,198
2025-05-20 14:54:00-04:00,518.11,518.12,517.98,518.01,19866.0,518.048,168
2025-05-20 14:55:00-04:00,518.0,518.14,517.98,518.13,28525.0,518.048,199
2025-05-20 14:56:00-04:00,518.13,518.14,517.87,518.06,30063.0,517.992,207
2025-05-20 14:57:00-04:00,518.07,518.15,517.88,518.14,45572.0,518.028,246
2025-05-20 14:58:00-04:00,518.12,518.15,517.88,517.96,59487.0,518.012,338
2025-05-20 14:59:00-04:00,517.97,518.08,517.85,517.88,27285.0,517.974,188
2025-05-20 15:00:00-04:00,517.86,517.9,517.35,517.55,241087.0,517.551,1452
2025-05-20 15:01:00-04:00,517.55,517.56,517.31,517.5,137851.0,517.434,688
2025-05-20 15:02:00-04:00,517.49,517.56,517.17,517.2,170966.0,517.39,795
2025-05-20 15:03:00-04:00,517.22,517.29,517.1,517.1,97762.0,517.193,497
2025-05-20 15:04:00-04:00,517.1,517.12,516.78,516.93,200697.0,516.937,1085
2025-05-20 15:05:00-04:00,516.92,517.08,516.66,517.04,153547.0,516.957,954
2025-05-20 15:06:00-04:00,517.06,517.26,516.96,517.08,152521.0,517.097,911
2025-05-20 15:07:00-04:00,517.08,517.11,516.96,517.07,77164.0,517.051,408
2025-05-20 15:08:00-04:00,517.02,517.53,516.99,517.39,151900.0,517.345,1005
2025-05-20 15:09:00-04:00,517.4,517.74,517.4,517.67,99267.0,517.581,644
2025-05-20 15:10:00-04:00,517.66,517.71,517.47,517.61,82179.0,517.618,478
2025-05-20 15:11:00-04:00,517.62,517.7,517.52,517.63,44322.0,517.585,317
2025-05-20 15:12:00-04:00,517.63,517.96,517.59,517.92,85808.0,517.816,512
2025-05-20 15:13:00-04:00,517.92,518.07,517.84,518.05,79161.0,517.98,505
2025-05-20 15:14:00-04:00,518.07,518.09,517.95,518.01,47029.0,518.008,300
2025-05-20 15:15:00-04:00,517.99,518.02,517.77,517.98,67518.0,517.936,410
2025-05-20 15:16:00-04:00,517.96,518.04,517.84,517.86,60778.0,517.937,306
2025-05-20 15:17:00-04:00,517.87,518.03,517.83,517.99,35239.0,517.928,263
2025-05-20 15:18:00-04:00,518.0,518.18,517.88,518.17,53798.0,518.047,359
2025-05-20 15:19:00-04:00,518.18,518.37,518.17,518.26,88402.0,518.262,586
2025-05-20 15:20:00-04:00,518.26,518.53,518.22,518.45,100721.0,518.396,607
2025-05-20 15:21:00-04:00,518.48,518.49,518.29,518.38,51825.0,518.384,348
2025-05-20 15:22:00-04:00,518.39,518.42,518.3,518.37,48564.0,518.347,260
2025-05-20 15:23:00-04:00,518.36,518.56,518.31,518.51,38176.0,518.431,253
2025-05-20 15:24:00-04:00,518.53,518.57,518.42,518.47,52751.0,518.498,326
2025-05-20 15:25:00-04:00,518.48,518.68,518.4,518.66,62485.0,518.54,332
2025-05-20 15:26:00-04:00,518.68,518.79,518.59,518.72,110056.0,518.698,595
2025-05-20 15:27:00-04:00,518.73,518.78,518.64,518.72,50496.0,518.72,322
2025-05-20 15:28:00-04:00,518.71,518.82,518.66,518.79,74304.0,518.755,398
2025-05-20 15:29:00-04:00,518.8,518.8,518.5,518.56,65083.0,518.641,415
2025-05-20 15:30:00-04:00,518.58,519.1,518.57,519.02,120193.0,518.858,738
2025-05-20 15:31:00-04:00,519.03,519.19,518.96,519.07,92564.0,519.081,546
2025-05-20 15:32:00-04:00,519.1,519.21,519.04,519.05,86947.0,519.122,405
2025-05-20 15:33:00-04:00,519.05,519.19,519.03,519.17,54272.0,519.084,377
2025-05-20 15:34:00-04:00,519.18,519.39,519.14,519.21,102091.0,519.265,687
2025-05-20 15:35:00-04:00,519.21,519.49,519.19,519.34,102393.0,519.341,726
2025-05-20 15:36:00-04:00,519.34,519.34,519.07,519.29,138906.0,519.198,782
2025-05-20 15:37:00-04:00,519.29,519.36,519.1,519.33,50749.0,519.259,422
2025-05-20 15:38:00-04:00,519.31,519.34,519.18,519.19,39460.0,519.267,245
2025-05-20 15:39:00-04:00,519.19,519.4,519.15,519.38,51318.0,519.276,388
2025-05-20 15:40:00-04:00,519.39,519.52,519.19,519.28,97994.0,519.408,434
2025-05-20 15:41:00-04:00,519.27,519.41,519.19,519.37,73273.0,519.271,498
2025-05-20 15:42:00-04:00,519.36,519.38,519.15,519.19,58357.0,519.249,402
2025-05-20 15:43:00-04:00,519.19,519.19,518.93,518.95,139823.0,519.064,895
2025-05-20 15:44:00-04:00,518.96,519.0,518.84,518.95,77509.0,518.925,443
2025-05-20 15:45:00-04:00,518.95,519.24,518.95,519.03,99866.0,519.107,616
2025-05-20 15:46:00-04:00,519.02,519.1,518.74,519.03,93250.0,518.912,581
2025-05-20 15:47:00-04:00,519.03,519.18,518.97,519.14,51298.0,519.112,369
2025-05-20 15:48:00-04:00,519.14,519.23,519.09,519.15,66623.0,519.172,456
2025-05-20 15:49:00-04:00,519.15,519.37,518.95,518.96,103611.0,519.159,627
2025-05-20 15:50:00-04:00,518.97,519.55,518.73,519.3,201188.0,519.155,1329
2025-05-20 15:51:00-04:00,519.31,519.68,519.24,519.64,179381.0,519.49,1113
2025-05-20 15:52:00-04:00,519.64,519.77,519.52,519.75,144004.0,519.654,942
2025-05-20 15:53:00-04:00,519.76,519.81,519.65,519.68,151949.0,519.732,1090
2025-05-20 15:54:00-04:00,519.67,520.07,519.67,519.87,325523.0,519.886,2018
2025-05-20 15:55:00-04:00,519.87,519.9,519.61,519.86,167322.0,519.748,1142
2025-05-20 15:56:00-04:00,519.87,520.03,519.8,519.9,175031.0,519.933,1297
2025-05-20 15:57:00-04:00,519.89,520.1,519.81,520.07,199434.0,519.958,1307
2025-05-20 15:58:00-04:00,520.06,520.15,519.86,519.89,256985.0,520.042,1345
2025-05-20 15:59:00-04:00,519.88,520.36,519.8,520.24,570728.0,520.13,2887
2025-05-21 09:30:00-04:00,516.29,516.89,516.21,516.87,400437.0,516.458,1455
2025-05-21 09:31:00-04:00,516.88,517.41,516.69,517.34,278465.0,517.127,1639
2025-05-21 09:32:00-04:00,517.36,517.68,517.29,517.45,208894.0,517.49,1109
2025-05-21 09:33:00-04:00,517.42,517.76,517.21,517.72,163855.0,517.476,1052
2025-05-21 09:34:00-04:00,517.72,517.86,517.18,517.23,203548.0,517.46,1163
2025-05-21 09:35:00-04:00,517.24,517.59,517.09,517.51,176443.0,517.381,1230
2025-05-21 09:36:00-04:00,517.51,517.67,517.22,517.38,148683.0,517.462,1000
2025-05-21 09:37:00-04:00,517.39,517.66,517.11,517.66,110170.0,517.397,767
2025-05-21 09:38:00-04:00,517.64,517.76,517.45,517.56,117206.0,517.602,793
2025-05-21 09:39:00-04:00,517.57,517.78,517.33,517.78,97590.0,517.597,666
2025-05-21 09:40:00-04:00,517.75,517.91,517.4,517.52,186838.0,517.659,1303
2025-05-21 09:41:00-04:00,517.51,517.92,517.3,517.71,122029.0,517.601,771
2025-05-21 09:42:00-04:00,517.75,518.31,517.69,518.24,204563.0,518.03,1238
2025-05-21 09:43:00-04:00,518.24,518.28,518.04,518.28,125560.0,518.169,807
2025-05-21 09:44:00-04:00,518.25,518.52,518.25,518.3,271170.0,518.407,1435
2025-05-21 09:45:00-04:00,518.34,518.43,518.14,518.35,138906.0,518.29,1067
2025-05-21 09:46:00-04:00,518.33,518.55,518.23,518.43,105391.0,518.373,724
2025-05-21 09:47:00-04:00,518.46,518.67,518.3,518.34,133997.0,518.465,849
2025-05-21 09:48:00-04:00,518.33,518.66,518.32,518.56,121472.0,518.495,887
2025-05-21 09:49:00-04:00,518.56,518.81,518.54,518.79,100172.0,518.694,670
2025-05-21 09:50:00-04:00,518.76,518.85,518.55,518.65,107874.0,518.722,766
2025-05-21 09:51:00-04:00,518.64,519.17,518.63,519.13,203546.0,518.961,1168
2025-05-21 09:52:00-04:00,519.13,519.3,518.85,518.89,172716.0,519.143,918
2025-05-21 09:53:00-04:00,518.88,519.02,518.47,518.68,106317.0,518.724,667
2025-05-21 09:54:00-04:00,518.65,518.85,518.57,518.66,95345.0,518.691,578
2025-05-21 09:55:00-04:00,518.64,519.14,518.58,518.93,88077.0,518.938,558
2025-05-21 09:56:00-04:00,518.93,519.16,518.92,519.02,73085.0,519.048,425
2025-05-21 09:57:00-04:00,519.04,519.06,518.7,518.72,72291.0,518.881,455
2025-05-21 09:58:00-04:00,518.74,518.83,518.52,518.56,78399.0,518.632,579
2025-05-21 09:59:00-04:00,518.58,518.62,518.43,518.57,91357.0,518.514,545
2025-05-21 10:00:00-04:00,518.57,519.01,518.34,518.35,155998.0,518.742,1037
2025-05-21 10:01:00-04:00,518.32,520.08,518.3,518.88,538935.0,519.321,3952
2025-05-21 10:02:00-04:00,518.91,519.5,518.85,519.07,220009.0,519.145,1387
2025-05-21 10:03:00-04:00,519.09,519.24,518.92,519.16,84265.0,519.086,540
2025-05-21 10:04:00-04:00,519.12,519.23,519.01,519.1,81363.0,519.125,553
2025-05-21 10:05:00-04:00,519.1,519.33,518.94,519.24,106021.0,519.171,721
2025-05-21 10:06:00-04:00,519.21,519.61,518.99,519.09,131117.0,519.319,885
2025-05-21 10:07:00-04:00,519.06,519.34,518.8,519.25,126990.0,519.015,750
2025-05-21 10:08:00-04:00,519.24,519.43,519.1,519.3,135893.0,519.277,945
2025-05-21 10:09:00-04:00,519.3,519.47,519.24,519.46,48994.0,519.388,289
2025-05-21 10:10:00-04:00,519.46,519.51,518.92,519.0,109106.0,519.103,727
2025-05-21 10:11:00-04:00,519.01,519.06,518.76,518.9,92467.0,518.884,668
2025-05-21 10:12:00-04:00,518.9,519.01,518.66,518.75,74877.0,518.809,503
2025-05-21 10:13:00-04:00,518.74,519.0,518.64,518.98,83092.0,518.784,624
2025-05-21 10:14:00-04:00,519.0,519.25,518.8,518.84,100796.0,519.024,654
2025-05-21 10:15:00-04:00,518.85,519.14,518.79,519.02,67539.0,518.925,447
2025-05-21 10:16:00-04:00,519.01,519.18,518.86,518.97,63053.0,519.053,412
2025-05-21 10:17:00-04:00,518.96,518.99,518.75,518.96,80158.0,518.866,484
2025-05-21 10:18:00-04:00,518.97,519.15,518.89,518.89,64196.0,519.003,419
2025-05-21 10:19:00-04:00,518.87,519.14,518.86,519.03,47330.0,519.004,338
2025-05-21 10:20:00-04:00,519.04,519.39,518.98,519.35,83668.0,519.213,595
2025-05-21 10:21:00-04:00,519.32,519.5,519.21,519.3,84665.0,519.37,591
2025-05-21 10:22:00-04:00,519.31,519.43,519.14,519.3,63609.0,519.259,483
2025-05-21 10:23:00-04:00,519.29,519.32,519.05,519.06,59024.0,519.206,450
2025-05-21 10:24:00-04:00,519.05,519.17,518.96,519.09,47836.0,519.056,316
2025-05-21 10:25:00-04:00,519.06,519.21,518.77,518.78,92156.0,519.019,656
2025-05-21 10:26:00-04:00,518.81,519.17,518.65,519.15,105743.0,518.857,640
2025-05-21 10:27:00-04:00,519.15,519.39,519.04,519.1,113274.0,519.214,761
2025-05-21 10:28:00-04:00,519.09,519.18,518.75,518.78,130405.0,518.885,884
2025-05-21 10:29:00-04:00,518.78,518.95,518.72,518.81,79066.0,518.826,630
2025-05-21 10:30:00-04:00,518.8,519.36,518.8,519.33,105110.0,519.105,589
2025-05-21 10:31:00-04:00,519.3,519.43,519.11,519.22,69942.0,519.271,485
2025-05-21 10:32:00-04:00,519.24,519.24,518.78,518.87,74589.0,519.027,475
2025-05-21 10:33:00-04:00,518.87,519.17,518.75,518.75,238969.0,519.048,998
2025-05-21 10:34:00-04:00,518.75,518.93,518.56,518.7,96524.0,518.751,564
2025-05-21 10:35:00-04:00,518.69,519.09,518.69,518.92,142063.0,518.927,941
2025-05-21 10:36:00-04:00,518.93,519.21,518.74,518.99,75974.0,519.019,467
2025-05-21 10:37:00-04:00,518.99,518.99,518.53,518.67,71466.0,518.734,444
2025-05-21 10:38:00-04:00,518.67,519.2,518.63,519.19,120501.0,518.95,739
2025-05-21 10:39:00-04:00,519.2,519.32,519.14,519.28,59157.0,519.242,334
2025-05-21 10:40:00-04:00,519.27,519.57,519.25,519.42,140123.0,519.416,608
2025-05-21 10:41:00-04:00,519.42,519.47,519.21,519.3,34032.0,519.331,227
2025-05-21 10:42:00-04:00,519.31,519.38,519.02,519.26,43524.0,519.172,274
2025-05-21 10:43:00-04:00,519.28,519.3,518.75,518.9,59420.0,519.004,364
2025-05-21 10:44:00-04:00,518.9,519.0,518.7,518.84,60163.0,518.829,269
2025-05-21 10:45:00-04:00,518.84,518.98,518.76,518.86,22089.0,518.892,140
2025-05-21 10:46:00-04:00,518.87,519.1,518.78,518.96,45096.0,518.964,239
2025-05-21 10:47:00-04:00,518.99,519.07,518.72,518.8,32947.0,518.871,187
2025-05-21 10:48:00-04:00,518.82,518.92,518.58,518.91,53550.0,518.765,280
2025-05-21 10:49:00-04:00,518.91,519.27,518.85,519.26,132064.0,519.137,583
2025-05-21 10:50:00-04:00,519.27,519.57,519.21,519.36,136412.0,519.428,751
2025-05-21 10:51:00-04:00,519.38,519.75,519.36,519.53,108524.0,519.591,586
2025-05-21 10:52:00-04:00,519.58,519.65,519.26,519.56,71933.0,519.481,469
2025-05-21 10:53:00-04:00,519.56,519.66,519.46,519.58,29081.0,519.567,169
2025-05-21 10:54:00-04:00,519.57,519.57,519.33,519.41,54016.0,519.475,288
2025-05-21 10:55:00-04:00,519.42,519.87,519.41,519.68,60746.0,519.7,361
2025-05-21 10:56:00-04:00,519.7,520.31,519.69,520.2,160439.0,520.073,994
2025-05-21 10:57:00-04:00,520.2,520.33,520.14,520.21,76592.0,520.25,380
2025-05-21 10:58:00-04:00,520.24,520.43,520.18,520.38,74536.0,520.297,389
2025-05-21 10:59:00-04:00,520.37,520.59,520.31,520.56,81935.0,520.453,495
2025-05-21 11:00:00-04:00,520.54,520.69,520.39,520.46,150476.0,520.526,815
2025-05-21 11:01:00-04:00,520.49,520.6,520.32,520.54,65577.0,520.453,448
2025-05-21 11:02:00-04:00,520.55,520.67,520.46,520.64,98361.0,520.568,588
2025-05-21 11:03:00-04:00,520.6,520.86,520.57,520.79,108314.0,520.735,650
2025-05-21 11:04:00-04:00,520.84,521.06,520.8,520.88,149442.0,520.924,953
2025-05-21 11:05:00-04:00,520.87,520.95,520.73,520.81,57421.0,520.848,406
2025-05-21 11:06:00-04:00,520.8,520.92,520.63,520.7,81211.0,520.766,542
2025-05-21 11:07:00-04:00,520.7,521.3,520.7,521.29,167178.0,521.041,1087
2025-05-21 11:08:00-04:00,521.3,521.87,521.25,521.75,305630.0,521.63,2104
2025-05-21 11:09:00-04:00,521.76,522.04,521.75,521.91,249820.0,521.924,1554
2025-05-21 11:10:00-04:00,521.93,521.96,521.56,521.74,182028.0,521.667,997
2025-05-21 11:11:00-04:00,521.72,521.75,521.55,521.7,121765.0,521.65,743
2025-05-21 11:12:00-04:00,521.69,521.78,521.57,521.63,70455.0,521.66,317
2025-05-21 11:13:00-04:00,521.63,521.8,521.53,521.73,58801.0,521.653,355
2025-05-21 11:14:00-04:00,521.76,522.12,521.76,522.03,124832.0,521.998,756
2025-05-21 11:15:00-04:00,522.01,522.21,521.86,521.9,131191.0,522.015,861
2025-05-21 11:16:00-04:00,521.9,522.0,521.72,521.78,113459.0,521.82,669
2025-05-21 11:17:00-04:00,521.77,521.95,521.67,521.92,67936.0,521.81,450
2025-05-21 11:18:00-04:00,521.9,522.0,521.81,521.82,62419.0,521.914,360
2025-05-21 11:19:00-04:00,521.84,521.97,521.74,521.88,67809.0,521.857,422
2025-05-21 11:20:00-04:00,521.87,522.01,521.8,521.88,89445.0,521.909,640
2025-05-21 11:21:00-04:00,521.89,521.91,521.68,521.7,64090.0,521.814,428
2025-05-21 11:22:00-04:00,521.71,522.09,521.56,522.07,130176.0,521.799,851
2025-05-21 11:23:00-04:00,522.08,522.11,521.92,521.99,85661.0,522.025,585
2025-05-21 11:24:00-04:00,521.98,522.43,521.98,522.4,159646.0,522.281,996
2025-05-21 11:25:00-04:00,522.4,522.43,522.08,522.12,92186.0,522.289,538
2025-05-21 11:26:00-04:00,522.13,522.43,522.08,522.4,76420.0,522.251,554
2025-05-21 11:27:00-04:00,522.39,522.43,522.18,522.23,85701.0,522.285,547
2025-05-21 11:28:00-04:00,522.23,522.37,522.11,522.32,51228.0,522.22,323
2025-05-21 11:29:00-04:00,522.32,522.32,522.02,522.06,58212.0,522.116,357
2025-05-21 11:30:00-04:00,522.05,522.14,521.93,522.02,86308.0,522.026,576
2025-05-21 11:31:00-04:00,522.03,522.04,521.69,521.71,98399.0,521.885,650
2025-05-21 11:32:00-04:00,521.71,522.1,521.71,521.95,61924.0,521.929,471
2025-05-21 11:33:00-04:00,521.95,521.97,521.77,521.81,45682.0,521.885,312
2025-05-21 11:34:00-04:00,521.8,521.97,521.78,521.92,33584.0,521.902,241
2025-05-21 11:35:00-04:00,521.94,521.98,521.6,521.8,83547.0,521.766,567
2025-05-21 11:36:00-04:00,521.8,521.83,521.54,521.57,75698.0,521.649,479
2025-05-21 11:37:00-04:00,521.58,521.74,521.48,521.6,106046.0,521.628,742
2025-05-21 11:38:00-04:00,521.61,521.74,521.42,521.7,92879.0,521.573,567
2025-05-21 11:39:00-04:00,521.72,521.89,521.65,521.88,71520.0,521.752,349
2025-05-21 11:40:00-04:00,521.89,522.11,521.87,522.05,89931.0,521.991,507
2025-05-21 11:41:00-04:00,522.06,522.12,521.88,521.89,33615.0,522.018,220
2025-05-21 11:42:00-04:00,521.91,522.07,521.79,521.8,40153.0,521.947,276
2025-05-21 11:43:00-04:00,521.8,522.06,521.66,522.04,38398.0,521.854,235
2025-05-21 11:44:00-04:00,522.02,522.17,521.99,522.1,73225.0,522.099,342
2025-05-21 11:45:00-04:00,522.1,522.18,522.06,522.1,54036.0,522.11,327
2025-05-21 11:46:00-04:00,522.1,522.19,521.8,521.87,70743.0,522.022,387
2025-05-21 11:47:00-04:00,521.88,521.88,521.76,521.82,35502.0,521.82,207
2025-05-21 11:48:00-04:00,521.83,521.84,521.7,521.75,153363.0,521.77,720
2025-05-21 11:49:00-04:00,521.76,522.0,521.69,521.94,34435.0,521.812,220
2025-05-21 11:50:00-04:00,521.95,521.97,521.75,521.9,25038.0,521.894,198
2025-05-21 11:51:00-04:00,521.9,522.02,521.86,521.96,42421.0,521.943,281
2025-05-21 11:52:00-04:00,521.95,522.1,521.94,522.09,30403.0,522.03,185
2025-05-21 11:53:00-04:00,522.07,522.29,522.01,522.29,48741.0,522.169,268
2025-05-21 11:54:00-04:00,522.29,522.4,522.25,522.33,101040.0,522.311,585
2025-05-21 11:55:00-04:00,522.3,522.37,522.25,522.31,51160.0,522.302,297
2025-05-21 11:56:00-04:00,522.33,522.34,521.96,522.17,55382.0,522.161,376
2025-05-21 11:57:00-04:00,522.2,522.22,521.94,521.98,62731.0,522.021,378
2025-05-21 11:58:00-04:00,521.97,522.24,521.92,522.11,65872.0,522.149,478
2025-05-21 11:59:00-04:00,522.1,522.13,521.93,521.96,75183.0,522.031,462
2025-05-21 12:00:00-04:00,521.96,522.25,521.95,522.2,91355.0,522.071,578
2025-05-21 12:01:00-04:00,522.19,522.24,522.08,522.2,75116.0,522.163,390
2025-05-21 12:02:00-04:00,522.17,522.29,522.17,522.22,42838.0,522.235,238
2025-05-21 12:03:00-04:00,522.25,522.32,522.22,522.23,77175.0,522.25,403
2025-05-21 12:04:00-04:00,522.21,522.27,521.96,522.26,93341.0,522.078,606
2025-05-21 12:05:00-04:00,522.23,522.29,522.1,522.15,76748.0,522.209,441
2025-05-21 12:06:00-04:00,522.15,522.3,522.1,522.11,34946.0,522.199,244
2025-05-21 12:07:00-04:00,522.11,522.66,522.1,522.5,205404.0,522.525,931
2025-05-21 12:08:00-04:00,522.5,522.55,522.44,522.53,54660.0,522.494,334
2025-05-21 12:09:00-04:00,522.54,522.79,522.54,522.62,149883.0,522.697,873
2025-05-21 12:10:00-04:00,522.61,522.69,522.53,522.53,47655.0,522.604,323
2025-05-21 12:11:00-04:00,522.54,522.57,522.23,522.29,66438.0,522.349,449
2025-05-21 12:12:00-04:00,522.23,522.53,522.17,522.51,48729.0,522.403,359
2025-05-21 12:13:00-04:00,522.52,522.68,522.43,522.45,63607.0,522.539,348
2025-05-21 12:14:00-04:00,522.45,522.55,522.43,522.45,20855.0,522.482,179
2025-05-21 12:15:00-04:00,522.45,522.53,522.37,522.42,59902.0,522.443,418
2025-05-21 12:16:00-04:00,522.44,522.5,522.27,522.44,76298.0,522.372,504
2025-05-21 12:17:00-04:00,522.44,522.49,522.36,522.38,18862.0,522.422,156
2025-05-21 12:18:00-04:00,522.4,522.46,522.23,522.3,104496.0,522.339,519
2025-05-21 12:19:00-04:00,522.29,522.33,522.17,522.27,106078.0,522.24,515
2025-05-21 12:20:00-04:00,522.26,522.31,521.96,521.98,60446.0,522.089,369
2025-05-21 12:21:00-04:00,522.0,522.16,521.95,522.1,58205.0,522.039,388
2025-05-21 12:22:00-04:00,522.1,522.13,521.95,521.96,40882.0,522.04,291
2025-05-21 12:23:00-04:00,521.96,522.01,521.83,522.0,50609.0,521.923,323
2025-05-21 12:24:00-04:00,521.99,522.08,521.98,522.04,33277.0,522.044,235
2025-05-21 12:25:00-04:00,522.04,522.26,521.97,522.26,31124.0,522.109,229
2025-05-21 12:26:00-04:00,522.26,522.26,522.04,522.16,69935.0,522.153,414
2025-05-21 12:27:00-04:00,522.16,522.2,522.03,522.08,50748.0,522.119,302
2025-05-21 12:28:00-04:00,522.07,522.18,522.07,522.18,18986.0,522.141,127
2025-05-21 12:29:00-04:00,522.17,522.4,522.17,522.31,46836.0,522.299,309
2025-05-21 12:30:00-04:00,522.34,522.61,522.21,522.51,92042.0,522.474,549
2025-05-21 12:31:00-04:00,522.52,522.59,522.44,522.45,76469.0,522.53,340
2025-05-21 12:32:00-04:00,522.45,522.57,522.41,522.43,39839.0,522.51,272
2025-05-21 12:33:00-04:00,522.44,522.49,522.4,522.46,42421.0,522.444,217
2025-05-21 12:34:00-04:00,522.46,522.57,522.45,522.5,20029.0,522.52,144
2025-05-21 12:35:00-04:00,522.45,522.6,522.44,522.56,47658.0,522.568,223
2025-05-21 12:36:00-04:00,522.56,522.68,522.55,522.57,66456.0,522.636,353
2025-05-21 12:37:00-04:00,522.57,522.57,522.34,522.49,48542.0,522.416,256
2025-05-21 12:38:00-04:00,522.47,522.47,522.33,522.41,27225.0,522.399,165
2025-05-21 12:39:00-04:00,522.42,522.48,522.32,522.38,30726.0,522.427,215
2025-05-21 12:40:00-04:00,522.38,522.48,522.28,522.32,34083.0,522.358,244
2025-05-21 12:41:00-04:00,522.32,522.44,522.31,522.35,20815.0,522.372,162
2025-05-21 12:42:00-04:00,522.36,522.59,522.36,522.55,27232.0,522.523,207
2025-05-21 12:43:00-04:00,522.56,522.62,522.53,522.59,38884.0,522.561,226
2025-05-21 12:44:00-04:00,522.57,522.6,522.46,522.52,37350.0,522.54,250
2025-05-21 12:45:00-04:00,522.53,522.68,522.41,522.49,50485.0,522.584,372
2025-05-21 12:46:00-04:00,522.48,522.57,522.45,522.53,27789.0,522.528,206
2025-05-21 12:47:00-04:00,522.54,522.78,522.49,522.69,104755.0,522.707,646
2025-05-21 12:48:00-04:00,522.69,522.94,522.68,522.82,86410.0,522.857,541
2025-05-21 12:49:00-04:00,522.83,522.95,522.81,522.91,34730.0,522.887,236
2025-05-21 12:50:00-04:00,522.91,523.0,522.81,522.85,64864.0,522.903,408
2025-05-21 12:51:00-04:00,522.85,522.97,522.85,522.9,35203.0,522.897,289
2025-05-21 12:52:00-04:00,522.92,522.92,522.66,522.8,57531.0,522.794,446
2025-05-21 12:53:00-04:00,522.79,522.81,522.65,522.69,63216.0,522.732,403
2025-05-21 12:54:00-04:00,522.7,522.73,522.6,522.69,48019.0,522.674,324
2025-05-21 12:55:00-04:00,522.67,522.71,522.34,522.43,51162.0,522.458,311
2025-05-21 12:56:00-04:00,522.45,522.47,522.1,522.13,86985.0,522.204,539
2025-05-21 12:57:00-04:00,522.1,522.34,522.08,522.16,46131.0,522.208,327
2025-05-21 12:58:00-04:00,522.18,522.18,521.95,522.11,62076.0,522.075,421
2025-05-21 12:59:00-04:00,522.11,522.17,521.89,521.97,62134.0,522.017,397
2025-05-21 13:00:00-04:00,521.96,522.15,521.86,522.12,83432.0,521.987,560
2025-05-21 13:01:00-04:00,522.07,522.09,521.85,521.92,26645.0,521.96,142
2025-05-21 13:02:00-04:00,521.89,521.91,521.34,521.42,202380.0,521.551,1091
2025-05-21 13:03:00-04:00,521.41,521.62,521.17,521.62,135128.0,521.349,828
2025-05-21 13:04:00-04:00,521.58,521.84,521.45,521.7,118051.0,521.652,569
2025-05-21 13:05:00-04:00,521.7,521.82,521.67,521.73,87624.0,521.745,354
2025-05-21 13:06:00-04:00,521.71,521.86,521.59,521.84,92130.0,521.675,455
2025-05-21 13:07:00-04:00,521.85,522.0,521.76,521.82,78811.0,521.887,500
2025-05-21 13:08:00-04:00,521.83,521.87,521.35,521.35,114808.0,521.597,707
2025-05-21 13:09:00-04:00,521.35,521.45,520.77,520.9,249935.0,521.04,1462
2025-05-21 13:10:00-04:00,520.91,520.92,520.5,520.82,161717.0,520.716,984
2025-05-21 13:11:00-04:00,520.8,520.87,520.4,520.49,137173.0,520.627,862
2025-05-21 13:12:00-04:00,520.5,520.91,520.25,520.9,285812.0,520.505,1436
2025-05-21 13:13:00-04:00,520.89,520.89,520.6,520.74,71372.0,520.704,531
2025-05-21 13:14:00-04:00,520.77,520.81,520.49,520.53,58626.0,520.692,400
2025-05-21 13:15:00-04:00,520.51,520.57,520.04,520.13,152563.0,520.357,909
2025-05-21 13:16:00-04:00,520.07,520.07,519.34,519.67,281090.0,519.699,1614
2025-05-21 13:17:00-04:00,519.64,519.64,518.92,518.94,203836.0,519.147,1237
2025-05-21 13:18:00-04:00,518.95,518.95,518.07,518.2,342822.0,518.42,1950
2025-05-21 13:19:00-04:00,518.17,518.71,517.84,518.61,345813.0,518.32,1841
2025-05-21 13:20:00-04:00,518.61,518.67,517.25,517.3,365433.0,517.794,2250
2025-05-21 13:21:00-04:00,517.29,517.73,517.04,517.55,332947.0,517.351,2115
2025-05-21 13:22:00-04:00,517.51,517.53,516.61,516.69,351001.0,516.938,2002
2025-05-21 13:23:00-04:00,516.67,517.14,516.31,517.0,390305.0,516.755,2472
2025-05-21 13:24:00-04:00,516.97,516.97,515.85,516.07,360449.0,516.166,2262
2025-05-21 13:25:00-04:00,516.06,516.27,515.62,515.84,435940.0,515.958,2605
2025-05-21 13:26:00-04:00,515.86,515.89,514.83,515.65,684410.0,515.269,3598
2025-05-21 13:27:00-04:00,515.63,515.64,514.74,515.51,377636.0,515.196,2444
2025-05-21 13:28:00-04:00,515.51,515.7,514.75,514.85,301033.0,515.162,1931
2025-05-21 13:29:00-04:00,514.87,515.16,514.21,514.45,408421.0,514.652,2355
2025-05-21 13:30:00-04:00,514.44,514.44,513.38,513.9,487821.0,513.83,2661
2025-05-21 13:31:00-04:00,513.87,515.31,513.64,515.26,626694.0,514.365,3462
2025-05-21 13:32:00-04:00,515.28,515.76,515.06,515.63,376945.0,515.416,2415
2025-05-21 13:33:00-04:00,515.63,516.2,515.43,516.03,399790.0,515.722,2678
2025-05-21 13:34:00-04:00,516.02,516.28,515.51,515.56,469828.0,515.939,3182
2025-05-21 13:35:00-04:00,515.57,515.84,515.22,515.49,390673.0,515.516,2716
2025-05-21 13:36:00-04:00,515.5,515.98,514.82,515.93,356333.0,515.313,2449
2025-05-21 13:37:00-04:00,515.9,516.2,515.6,515.95,307159.0,515.959,1938
2025-05-21 13:38:00-04:00,515.96,516.57,515.9,516.56,285454.0,516.263,1721
2025-05-21 13:39:00-04:00,516.55,517.45,516.55,517.42,439712.0,517.168,1867
2025-05-21 13:40:00-04:00,517.39,517.41,516.72,516.9,246942.0,517.074,1400
2025-05-21 13:41:00-04:00,516.88,517.12,516.48,516.89,207566.0,516.854,1071
2025-05-21 13:42:00-04:00,516.86,517.07,516.68,517.01,141529.0,516.864,861
2025-05-21 13:43:00-04:00,516.91,517.0,516.16,516.17,145447.0,516.588,851
2025-05-21 13:44:00-04:00,516.17,516.31,515.98,516.08,147098.0,516.112,765
2025-05-21 13:45:00-04:00,516.03,516.38,515.82,516.0,133437.0,516.059,830
2025-05-21 13:46:00-04:00,515.97,516.98,515.64,516.71,163225.0,516.527,999
2025-05-21 13:47:00-04:00,516.71,516.92,516.18,516.47,83880.0,516.506,398
2025-05-21 13:48:00-04:00,516.48,516.87,516.37,516.44,76344.0,516.559,457
2025-05-21 13:49:00-04:00,516.42,516.54,515.9,516.37,86331.0,516.168,593
2025-05-21 13:50:00-04:00,516.29,516.78,516.03,516.76,64216.0,516.349,425
2025-05-21 13:51:00-04:00,516.76,516.82,516.44,516.66,58433.0,516.657,335
2025-05-21 13:52:00-04:00,516.61,516.63,515.66,515.68,106225.0,516.117,598
2025-05-21 13:53:00-04:00,515.69,516.51,515.34,516.48,160475.0,515.957,954
2025-05-21 13:54:00-04:00,516.48,516.48,515.52,515.84,86655.0,515.944,510
2025-05-21 13:55:00-04:00,515.83,515.88,515.4,515.7,56614.0,515.629,405
2025-05-21 13:56:00-04:00,515.7,515.97,515.58,515.66,143692.0,515.781,654
2025-05-21 13:57:00-04:00,515.71,515.86,515.33,515.36,76022.0,515.54,474
2025-05-21 13:58:00-04:00,515.38,515.84,515.31,515.78,140256.0,515.579,625
2025-05-21 13:59:00-04:00,515.8,516.09,515.66,516.05,105484.0,515.875,487
2025-05-21 14:00:00-04:00,516.06,516.3,515.35,515.5,167075.0,515.768,1146
2025-05-21 14:01:00-04:00,515.45,515.85,515.44,515.48,123353.0,515.679,554
2025-05-21 14:02:00-04:00,515.46,515.64,515.12,515.19,111544.0,515.29,570
2025-05-21 14:03:00-04:00,515.18,515.38,514.93,514.96,166771.0,515.17,787
2025-05-21 14:04:00-04:00,514.94,515.05,514.82,514.91,126328.0,514.924,666
2025-05-21 14:05:00-04:00,514.94,515.21,514.73,514.94,148332.0,514.955,829
2025-05-21 14:06:00-04:00,514.93,515.95,514.86,515.91,161779.0,515.391,820
2025-05-21 14:07:00-04:00,515.97,516.23,515.55,515.61,152954.0,515.933,706
2025-05-21 14:08:00-04:00,515.66,515.97,515.6,515.77,75668.0,515.811,418
2025-05-21 14:09:00-04:00,515.79,516.27,515.76,516.17,137319.0,516.043,729
2025-05-21 14:10:00-04:00,516.18,516.32,515.44,515.5,75854.0,515.756,419
2025-05-21 14:11:00-04:00,515.47,515.47,514.76,514.84,68766.0,515.048,356
2025-05-21 14:12:00-04:00,514.82,514.95,514.76,514.82,56570.0,514.836,308
2025-05-21 14:13:00-04:00,514.8,515.19,514.64,514.97,74301.0,514.933,409
2025-05-21 14:14:00-04:00,514.93,515.28,514.92,515.2,54694.0,515.115,294
2025-05-21 14:15:00-04:00,515.17,515.52,514.95,515.5,95161.0,515.244,592
2025-05-21 14:16:00-04:00,515.48,515.73,515.29,515.42,88270.0,515.51,488
2025-05-21 14:17:00-04:00,515.45,515.58,515.11,515.13,61751.0,515.297,315
2025-05-21 14:18:00-04:00,515.12,515.41,515.04,515.34,68337.0,515.236,355
2025-05-21 14:19:00-04:00,515.32,515.32,514.99,515.08,41996.0,515.138,238
2025-05-21 14:20:00-04:00,515.08,515.17,514.37,514.38,188291.0,514.708,1003
2025-05-21 14:21:00-04:00,514.39,514.47,514.02,514.17,108884.0,514.232,515
2025-05-21 14:22:00-04:00,514.14,514.52,514.14,514.27,115419.0,514.316,565
2025-05-21 14:23:00-04:00,514.27,514.79,514.13,514.67,112433.0,514.576,720
2025-05-21 14:24:00-04:00,514.62,514.83,514.43,514.63,87332.0,514.616,474
2025-05-21 14:25:00-04:00,514.62,515.45,514.58,515.02,155630.0,515.061,926
2025-05-21 14:26:00-04:00,515.01,515.63,515.01,515.41,117355.0,515.382,675
2025-05-21 14:27:00-04:00,515.41,515.71,515.22,515.24,70539.0,515.472,478
2025-05-21 14:28:00-04:00,515.16,515.62,515.13,515.24,73825.0,515.38,411
2025-05-21 14:29:00-04:00,515.26,515.5,515.25,515.28,49446.0,515.383,293
2025-05-21 14:30:00-04:00,515.32,515.55,515.12,515.42,69552.0,515.36,400
2025-05-21 14:31:00-04:00,515.45,515.82,515.43,515.58,88346.0,515.609,583
2025-05-21 14:32:00-04:00,515.57,515.65,515.38,515.4,52175.0,515.523,324
2025-05-21 14:33:00-04:00,515.4,515.85,515.38,515.74,67692.0,515.666,448
2025-05-21 14:34:00-04:00,515.75,516.02,515.72,515.97,87103.0,515.886,672
2025-05-21 14:35:00-04:00,516.0,516.17,515.86,516.03,87999.0,516.039,609
2025-05-21 14:36:00-04:00,516.04,516.33,515.92,516.19,82162.0,516.168,580
2025-05-21 14:37:00-04:00,516.18,516.25,515.75,515.77,109114.0,515.973,738
2025-05-21 14:38:00-04:00,515.77,515.77,515.38,515.48,155184.0,515.602,1035
2025-05-21 14:39:00-04:00,515.44,515.69,515.41,515.62,60541.0,515.574,395
2025-05-21 14:40:00-04:00,515.63,515.88,515.51,515.78,86761.0,515.721,661
2025-05-21 14:41:00-04:00,515.82,516.19,515.8,515.99,95366.0,516.005,714
2025-05-21 14:42:00-04:00,516.0,516.11,515.63,515.82,94736.0,515.831,632
2025-05-21 14:43:00-04:00,515.82,515.96,515.68,515.9,87226.0,515.852,417
2025-05-21 14:44:00-04:00,515.89,516.08,515.76,515.93,34612.0,515.927,257
2025-05-21 14:45:00-04:00,515.92,516.1,515.81,515.93,48849.0,515.979,357
2025-05-21 14:46:00-04:00,515.93,515.95,515.67,515.78,90955.0,515.788,531
2025-05-21 14:47:00-04:00,515.79,515.79,515.1,515.18,123451.0,515.352,780
2025-05-21 14:48:00-04:00,515.13,515.22,514.97,515.1,98860.0,515.091,659
2025-05-21 14:49:00-04:00,515.13,515.23,514.5,514.62,131452.0,514.759,942
2025-05-21 14:50:00-04:00,514.57,514.7,514.36,514.49,89781.0,514.493,594
2025-05-21 14:51:00-04:00,514.46,515.01,514.36,514.72,118235.0,514.763,765
2025-05-21 14:52:00-04:00,514.73,514.82,514.44,514.46,79527.0,514.608,509
2025-05-21 14:53:00-04:00,514.44,514.55,514.1,514.15,126343.0,514.298,857
2025-05-21 14:54:00-04:00,514.13,514.32,514.08,514.1,93664.0,514.2,671
2025-05-21 14:55:00-04:00,514.08,514.11,513.64,513.9,193990.0,513.874,1350
2025-05-21 14:56:00-04:00,513.87,513.89,513.54,513.68,129709.0,513.69,799
2025-05-21 14:57:00-04:00,513.67,514.14,513.64,513.95,108923.0,513.925,696
2025-05-21 14:58:00-04:00,513.96,514.44,513.92,514.09,132846.0,514.148,905
2025-05-21 14:59:00-04:00,514.07,514.25,513.72,513.82,177331.0,513.928,1160
2025-05-21 15:00:00-04:00,513.83,514.06,513.52,514.06,217250.0,513.782,1411
2025-05-21 15:01:00-04:00,514.07,514.32,513.8,514.11,134106.0,514.084,749
2025-05-21 15:02:00-04:00,514.11,514.45,514.09,514.11,88880.0,514.251,574
2025-05-21 15:03:00-04:00,514.1,514.3,513.88,514.15,147065.0,514.138,807
2025-05-21 15:04:00-04:00,514.14,514.17,513.84,513.92,85685.0,513.985,496
2025-05-21 15:05:00-04:00,513.93,514.29,513.85,514.13,85562.0,514.109,481
2025-05-21 15:06:00-04:00,514.09,514.15,513.13,513.15,257482.0,513.435,1471
2025-05-21 15:07:00-04:00,513.17,513.37,512.89,512.89,207722.0,513.069,1267
2025-05-21 15:08:00-04:00,512.89,513.0,512.73,512.75,165913.0,512.853,1050
2025-05-21 15:09:00-04:00,512.76,512.85,512.17,512.22,289025.0,512.499,1473
2025-05-21 15:10:00-04:00,512.22,512.39,512.03,512.03,239667.0,512.21,1501
2025-05-21 15:11:00-04:00,512.05,512.17,511.73,511.77,225662.0,511.953,1379
2025-05-21 15:12:00-04:00,511.76,512.37,511.73,512.28,223335.0,512.013,1380
2025-05-21 15:13:00-04:00,512.32,512.89,512.22,512.66,192074.0,512.636,1374
2025-05-21 15:14:00-04:00,512.67,513.07,512.62,512.95,143995.0,512.885,1061
2025-05-21 15:15:00-04:00,512.95,513.13,512.64,512.87,132115.0,512.897,980
2025-05-21 15:16:00-04:00,512.86,512.95,512.43,512.79,134036.0,512.651,869
2025-05-21 15:17:00-04:00,512.82,512.91,512.25,512.3,103583.0,512.428,712
2025-05-21 15:18:00-04:00,512.29,512.53,512.08,512.08,99165.0,512.247,559
2025-05-21 15:19:00-04:00,512.08,512.36,512.05,512.22,96828.0,512.196,637
2025-05-21 15:20:00-04:00,512.2,512.52,512.16,512.5,161531.0,512.321,1191
2025-05-21 15:21:00-04:00,512.5,512.61,511.62,511.74,147110.0,511.98,1042
2025-05-21 15:22:00-04:00,511.69,512.07,511.59,512.05,192670.0,511.793,1152
2025-05-21 15:23:00-04:00,512.06,512.21,511.72,511.73,112501.0,511.99,786
2025-05-21 15:24:00-04:00,511.74,511.95,511.6,511.79,89030.0,511.795,622
2025-05-21 15:25:00-04:00,511.79,511.85,511.53,511.63,128575.0,511.694,799
2025-05-21 15:26:00-04:00,511.59,511.72,511.24,511.29,150665.0,511.427,1043
2025-05-21 15:27:00-04:00,511.3,512.15,511.27,512.01,190985.0,511.744,1229
2025-05-21 15:28:00-04:00,512.03,512.05,511.67,511.78,104719.0,511.836,663
2025-05-21 15:29:00-04:00,511.78,512.01,511.66,511.81,125087.0,511.829,774
2025-05-21 15:30:00-04:00,511.83,512.54,511.83,512.17,186910.0,512.273,1172
2025-05-21 15:31:00-04:00,512.19,512.91,512.03,512.72,188540.0,512.511,1075
2025-05-21 15:32:00-04:00,512.77,512.93,512.39,512.77,206318.0,512.7,1314
2025-05-21 15:33:00-04:00,512.77,513.28,512.77,513.22,166370.0,513.034,944
2025-05-21 15:34:00-04:00,513.21,513.28,512.94,513.08,130162.0,513.102,866
2025-05-21 15:35:00-04:00,513.08,513.26,512.76,512.79,121364.0,512.951,779
2025-05-21 15:36:00-04:00,512.78,513.31,512.78,513.23,140088.0,513.108,944
2025-05-21 15:37:00-04:00,513.22,513.44,513.17,513.39,108837.0,513.317,743
2025-05-21 15:38:00-04:00,513.38,513.8,513.27,513.61,159872.0,513.486,990
2025-05-21 15:39:00-04:00,513.62,514.04,513.59,513.99,159366.0,513.819,959
2025-05-21 15:40:00-04:00,513.97,514.25,513.62,514.18,163109.0,513.907,954
2025-05-21 15:41:00-04:00,514.15,514.51,514.0,514.21,233129.0,514.27,1250
2025-05-21 15:42:00-04:00,514.17,514.28,513.72,513.73,190952.0,513.943,1098
2025-05-21 15:43:00-04:00,513.73,514.28,513.71,514.26,123490.0,514.022,785
2025-05-21 15:44:00-04:00,514.3,514.36,514.03,514.29,150264.0,514.209,949
2025-05-21 15:45:00-04:00,514.28,514.46,513.97,513.98,268749.0,514.244,1824
2025-05-21 15:46:00-04:00,514.0,514.36,513.75,513.78,176651.0,513.995,1213
2025-05-21 15:47:00-04:00,513.79,513.95,513.57,513.85,203690.0,513.778,1387
2025-05-21 15:48:00-04:00,513.86,514.22,513.79,513.99,129974.0,514.028,880
2025-05-21 15:49:00-04:00,513.99,514.31,513.97,514.04,164774.0,514.134,1098
2025-05-21 15:50:00-04:00,514.09,514.82,514.04,514.47,358845.0,514.462,2570
2025-05-21 15:51:00-04:00,514.47,514.78,514.2,514.78,259701.0,514.52,1690
2025-05-21 15:52:00-04:00,514.76,514.78,514.21,514.33,186631.0,514.425,1282
2025-05-21 15:53:00-04:00,514.34,514.35,513.66,513.72,243234.0,513.913,1655
2025-05-21 15:54:00-04:00,513.72,513.79,513.38,513.39,337959.0,513.583,2259
2025-05-21 15:55:00-04:00,513.4,513.87,513.37,513.52,439262.0,513.589,2923
2025-05-21 15:56:00-04:00,513.51,513.83,513.49,513.58,262373.0,513.623,1720
2025-05-21 15:57:00-04:00,513.59,513.92,513.5,513.68,257483.0,513.69,1790
2025-05-21 15:58:00-04:00,513.69,513.89,513.57,513.63,361702.0,513.718,2162
2025-05-21 15:59:00-04:00,513.63,513.69,513.03,513.06,949291.0,513.363,5510
2025-05-22 09:30:00-04:00,513.67,513.97,513.47,513.86,345801.0,513.679,1111
2025-05-22 09:31:00-04:00,513.87,514.46,513.87,514.46,269224.0,514.05,1550
2025-05-22 09:32:00-04:00,514.47,514.86,513.92,513.97,266402.0,514.36,1605
2025-05-22 09:33:00-04:00,513.97,514.1,512.88,512.96,179118.0,513.474,1123
2025-05-22 09:34:00-04:00,512.95,513.08,512.47,512.53,175708.0,512.74,1016
2025-05-22 09:35:00-04:00,512.52,513.8,512.3,513.79,272949.0,512.911,1735
2025-05-22 09:36:00-04:00,513.78,514.08,513.03,513.18,174384.0,513.633,1109
2025-05-22 09:37:00-04:00,513.15,513.76,513.02,513.67,171835.0,513.322,1197
2025-05-22 09:38:00-04:00,513.68,513.68,512.91,513.0,183104.0,513.194,1155
2025-05-22 09:39:00-04:00,512.96,513.42,512.84,513.34,134972.0,513.197,943
2025-05-22 09:40:00-04:00,513.27,513.76,513.22,513.66,269383.0,513.519,1823
2025-05-22 09:41:00-04:00,513.64,514.38,513.31,514.37,290098.0,513.893,1547
2025-05-22 09:42:00-04:00,514.34,514.36,513.58,513.62,163951.0,514.041,887
2025-05-22 09:43:00-04:00,513.6,513.74,512.99,513.72,133727.0,513.308,811
2025-05-22 09:44:00-04:00,513.7,513.8,513.25,513.41,99488.0,513.59,760
2025-05-22 09:45:00-04:00,513.32,514.11,513.26,513.85,186794.0,513.862,1314
2025-05-22 09:46:00-04:00,513.82,514.1,513.26,513.37,172557.0,513.724,1222
2025-05-22 09:47:00-04:00,513.44,513.89,513.17,513.8,109465.0,513.509,818
2025-05-22 09:48:00-04:00,513.8,514.04,513.36,513.5,111971.0,513.753,837
2025-05-22 09:49:00-04:00,513.51,514.02,513.38,513.94,102157.0,513.77,778
2025-05-22 09:50:00-04:00,513.93,514.48,513.51,514.38,221626.0,513.97,1449
2025-05-22 09:51:00-04:00,514.38,514.67,514.11,514.63,164331.0,514.399,1058
2025-05-22 09:52:00-04:00,514.68,515.34,514.58,515.31,214282.0,515.003,1262
2025-05-22 09:53:00-04:00,515.34,515.84,515.32,515.74,279893.0,515.552,1712
2025-05-22 09:54:00-04:00,515.73,515.87,515.2,515.29,195152.0,515.513,1084
2025-05-22 09:55:00-04:00,515.29,515.73,515.23,515.5,137610.0,515.511,825
2025-05-22 09:56:00-04:00,515.54,515.78,515.08,515.72,149302.0,515.546,865
2025-05-22 09:57:00-04:00,515.72,516.58,515.61,516.42,200243.0,516.209,1288
2025-05-22 09:58:00-04:00,516.43,516.54,516.26,516.45,139829.0,516.384,791
2025-05-22 09:59:00-04:00,516.47,516.62,516.38,516.5,119755.0,516.491,768
2025-05-22 10:00:00-04:00,516.52,516.82,516.32,516.55,155759.0,516.519,998
2025-05-22 10:01:00-04:00,516.6,517.01,516.49,516.83,139025.0,516.797,840
2025-05-22 10:02:00-04:00,516.86,516.95,516.54,516.69,114174.0,516.741,671
2025-05-22 10:03:00-04:00,516.71,517.2,516.48,517.09,157060.0,516.911,895
2025-05-22 10:04:00-04:00,517.08,517.28,517.0,517.0,148971.0,517.16,625
2025-05-22 10:05:00-04:00,517.01,517.15,516.69,516.95,197137.0,516.878,823
2025-05-22 10:06:00-04:00,516.94,517.41,516.68,517.37,140587.0,517.008,822
2025-05-22 10:07:00-04:00,517.39,517.54,517.29,517.47,140058.0,517.42,799
2025-05-22 10:08:00-04:00,517.45,517.46,516.87,516.88,107699.0,517.201,662
2025-05-22 10:09:00-04:00,516.89,517.44,516.78,517.23,99876.0,517.11,567
2025-05-22 10:10:00-04:00,517.23,517.23,516.66,516.69,91432.0,516.914,535
2025-05-22 10:11:00-04:00,516.71,516.81,516.43,516.62,142000.0,516.63,688
2025-05-22 10:12:00-04:00,516.6,516.65,516.23,516.32,111028.0,516.408,707
2025-05-22 10:13:00-04:00,516.32,516.37,515.9,516.35,138512.0,516.159,845
2025-05-22 10:14:00-04:00,516.33,516.46,515.89,516.12,120059.0,516.19,765
2025-05-22 10:15:00-04:00,516.13,516.43,515.91,516.19,151867.0,516.118,857
2025-05-22 10:16:00-04:00,516.18,516.24,515.72,516.2,61283.0,516.008,356
2025-05-22 10:17:00-04:00,516.15,516.25,516.02,516.06,34447.0,516.141,268
2025-05-22 10:18:00-04:00,516.06,516.06,515.77,515.91,99018.0,515.912,519
2025-05-22 10:19:00-04:00,515.86,516.15,515.78,515.89,40256.0,515.965,250
2025-05-22 10:20:00-04:00,515.85,515.89,515.58,515.8,75269.0,515.725,411
2025-05-22 10:21:00-04:00,515.77,515.81,515.2,515.43,95338.0,515.476,573
2025-05-22 10:22:00-04:00,515.48,515.48,514.92,515.13,131774.0,515.135,620
2025-05-22 10:23:00-04:00,515.09,515.47,514.77,515.38,124264.0,515.172,798
2025-05-22 10:24:00-04:00,515.39,515.59,514.95,515.0,135469.0,515.329,752
2025-05-22 10:25:00-04:00,514.97,515.21,514.65,514.88,108931.0,514.913,635
2025-05-22 10:26:00-04:00,514.88,515.23,514.73,514.86,57159.0,514.908,338
2025-05-22 10:27:00-04:00,514.82,515.33,514.71,515.3,129847.0,515.066,835
2025-05-22 10:28:00-04:00,515.29,515.66,515.29,515.38,157476.0,515.498,1057
2025-05-22 10:29:00-04:00,515.39,515.44,514.95,515.19,88622.0,515.143,560
2025-05-22 10:30:00-04:00,515.21,515.67,515.05,515.65,136462.0,515.376,951
2025-05-22 10:31:00-04:00,515.68,515.7,515.16,515.39,101468.0,515.381,705
2025-05-22 10:32:00-04:00,515.37,515.62,515.25,515.25,83588.0,515.459,587
2025-05-22 10:33:00-04:00,515.27,515.81,515.01,515.75,143837.0,515.427,1075
2025-05-22 10:34:00-04:00,515.78,515.95,515.17,515.49,130390.0,515.584,744
2025-05-22 10:35:00-04:00,515.47,515.79,515.37,515.57,73172.0,515.602,486
2025-05-22 10:36:00-04:00,515.57,515.8,515.2,515.33,84055.0,515.498,557
2025-05-22 10:37:00-04:00,515.31,515.31,514.85,515.05,114704.0,515.034,801
2025-05-22 10:38:00-04:00,515.03,515.05,514.56,514.6,118709.0,514.78,741
2025-05-22 10:39:00-04:00,514.6,514.98,514.6,514.88,67867.0,514.8,460
2025-05-22 10:40:00-04:00,514.9,515.24,514.65,515.23,92170.0,514.948,677
2025-05-22 10:41:00-04:00,515.22,515.63,515.19,515.43,146962.0,515.407,998
2025-05-22 10:42:00-04:00,515.46,515.84,515.33,515.81,106628.0,515.623,725
2025-05-22 10:43:00-04:00,515.81,515.88,514.84,514.87,112976.0,515.382,741
2025-05-22 10:44:00-04:00,514.86,514.93,514.6,514.88,79217.0,514.794,545
2025-05-22 10:45:00-04:00,514.84,515.61,514.8,515.25,129746.0,515.343,859
2025-05-22 10:46:00-04:00,515.24,515.65,515.2,515.48,62443.0,515.507,422
2025-05-22 10:47:00-04:00,515.51,515.57,514.71,514.88,82749.0,515.004,561
2025-05-22 10:48:00-04:00,514.89,515.19,514.79,515.13,85673.0,514.961,634
2025-05-22 10:49:00-04:00,515.15,515.32,514.86,514.97,90000.0,515.187,664
2025-05-22 10:50:00-04:00,515.02,515.19,514.79,514.87,83408.0,515.031,655
2025-05-22 10:51:00-04:00,514.86,514.97,514.73,514.95,54048.0,514.856,366
2025-05-22 10:52:00-04:00,514.97,515.24,514.8,514.82,90293.0,515.071,688
2025-05-22 10:53:00-04:00,514.81,514.95,514.58,514.61,133007.0,514.727,883
2025-05-22 10:54:00-04:00,514.6,514.7,514.26,514.35,145284.0,514.431,869
2025-05-22 10:55:00-04:00,514.33,514.33,513.88,513.89,227841.0,514.044,1239
2025-05-22 10:56:00-04:00,513.9,513.96,513.69,513.93,179798.0,513.823,1184
2025-05-22 10:57:00-04:00,513.94,513.95,513.58,513.79,125955.0,513.742,755
2025-05-22 10:58:00-04:00,513.81,514.71,513.8,514.69,214052.0,514.312,1578
2025-05-22 10:59:00-04:00,514.69,515.37,514.69,515.17,200748.0,515.071,1479
2025-05-22 11:00:00-04:00,515.15,515.44,515.04,515.38,136078.0,515.266,935
2025-05-22 11:01:00-04:00,515.36,515.45,515.19,515.3,73687.0,515.322,547
2025-05-22 11:02:00-04:00,515.31,515.48,515.06,515.34,75717.0,515.294,561
2025-05-22 11:03:00-04:00,515.34,515.46,515.17,515.42,54539.0,515.35,357
2025-05-22 11:04:00-04:00,515.41,515.72,515.4,515.5,261878.0,515.622,1323
2025-05-22 11:05:00-04:00,515.52,515.7,515.36,515.55,111951.0,515.558,725
2025-05-22 11:06:00-04:00,515.49,515.61,515.13,515.16,78353.0,515.342,519
2025-05-22 11:07:00-04:00,515.15,515.79,514.97,515.76,143156.0,515.423,902
2025-05-22 11:08:00-04:00,515.78,515.91,515.55,515.62,96362.0,515.775,627
2025-05-22 11:09:00-04:00,515.62,515.8,515.49,515.59,52545.0,515.644,335
2025-05-22 11:10:00-04:00,515.59,515.68,515.4,515.56,64866.0,515.558,435
2025-05-22 11:11:00-04:00,515.56,515.67,515.08,515.08,60451.0,515.356,430
2025-05-22 11:12:00-04:00,515.07,515.5,515.06,515.34,42682.0,515.36,319
2025-05-22 11:13:00-04:00,515.35,515.58,515.19,515.44,39515.0,515.422,327
2025-05-22 11:14:00-04:00,515.42,515.43,515.09,515.1,33050.0,515.292,243
2025-05-22 11:15:00-04:00,515.1,515.17,514.62,514.71,77120.0,514.907,553
2025-05-22 11:16:00-04:00,514.69,514.78,514.52,514.75,76976.0,514.632,526
2025-05-22 11:17:00-04:00,514.74,514.82,514.57,514.78,54321.0,514.685,329
2025-05-22 11:18:00-04:00,514.8,514.86,514.48,514.73,38615.0,514.688,291
2025-05-22 11:19:00-04:00,514.74,515.24,514.69,515.24,92527.0,514.994,631
2025-05-22 11:20:00-04:00,515.24,515.42,515.07,515.36,112108.0,515.259,864
2025-05-22 11:21:00-04:00,515.36,515.77,515.35,515.73,73448.0,515.594,463
2025-05-22 11:22:00-04:00,515.74,515.79,515.54,515.68,54504.0,515.653,381
2025-05-22 11:23:00-04:00,515.72,515.77,515.61,515.69,34367.0,515.693,225
2025-05-22 11:24:00-04:00,515.69,516.02,515.69,515.85,131343.0,515.886,772
2025-05-22 11:25:00-04:00,515.87,515.98,515.72,515.97,105599.0,515.906,410
2025-05-22 11:26:00-04:00,516.0,516.02,515.54,515.57,48415.0,515.809,314
2025-05-22 11:27:00-04:00,515.56,515.57,515.14,515.3,79653.0,515.355,532
2025-05-22 11:28:00-04:00,515.29,515.46,515.12,515.37,83690.0,515.319,506
2025-05-22 11:29:00-04:00,515.34,515.52,514.5,514.55,206328.0,514.952,1473
2025-05-22 11:30:00-04:00,514.54,515.35,514.38,515.07,214035.0,514.875,1517
2025-05-22 11:31:00-04:00,515.05,515.11,514.64,514.98,120990.0,514.88,795
2025-05-22 11:32:00-04:00,514.94,515.15,514.7,515.12,78584.0,514.919,597
2025-05-22 11:33:00-04:00,515.1,515.23,514.89,515.16,93161.0,515.102,611
2025-05-22 11:34:00-04:00,515.15,515.37,515.03,515.31,90280.0,515.269,643
2025-05-22 11:35:00-04:00,515.28,515.65,515.28,515.6,108181.0,515.44,776
2025-05-22 11:36:00-04:00,515.6,515.67,514.98,515.19,77681.0,515.347,535
2025-05-22 11:37:00-04:00,515.19,515.53,515.14,515.4,53000.0,515.405,387
2025-05-22 11:38:00-04:00,515.41,515.78,515.01,515.71,165259.0,515.454,1090
2025-05-22 11:39:00-04:00,515.72,515.84,515.36,515.41,103606.0,515.682,713
2025-05-22 11:40:00-04:00,515.36,515.57,515.27,515.46,43396.0,515.4,359
2025-05-22 11:41:00-04:00,515.51,515.51,515.22,515.5,48972.0,515.388,372
2025-05-22 11:42:00-04:00,515.48,515.66,515.41,515.59,78501.0,515.521,530
2025-05-22 11:43:00-04:00,515.57,515.95,515.54,515.79,88148.0,515.744,626
2025-05-22 11:44:00-04:00,515.81,515.86,515.62,515.83,58474.0,515.748,430
2025-05-22 11:45:00-04:00,515.8,516.1,515.78,516.0,123550.0,516.003,936
2025-05-22 11:46:00-04:00,516.02,516.34,516.0,516.11,119448.0,516.169,958
2025-05-22 11:47:00-04:00,516.11,516.22,515.87,515.88,64559.0,516.085,382
2025-05-22 11:48:00-04:00,515.88,515.98,515.76,515.88,39680.0,515.851,274
2025-05-22 11:49:00-04:00,515.86,515.95,515.48,515.63,60655.0,515.675,398
2025-05-22 11:50:00-04:00,515.62,515.97,515.55,515.64,65640.0,515.768,488
2025-05-22 11:51:00-04:00,515.63,515.71,515.42,515.59,42829.0,515.528,310
2025-05-22 11:52:00-04:00,515.61,515.93,515.54,515.65,109235.0,515.739,785
2025-05-22 11:53:00-04:00,515.65,515.91,515.62,515.72,35340.0,515.767,267
2025-05-22 11:54:00-04:00,515.74,515.92,515.51,515.89,56145.0,515.755,370
2025-05-22 11:55:00-04:00,515.88,516.01,515.76,515.98,69843.0,515.881,460
2025-05-22 11:56:00-04:00,515.98,516.06,515.83,516.0,42725.0,515.973,318
2025-05-22 11:57:00-04:00,516.0,516.09,515.73,515.8,43833.0,515.931,329
2025-05-22 11:58:00-04:00,515.78,515.97,515.73,515.79,35838.0,515.851,264
2025-05-22 11:59:00-04:00,515.8,516.15,515.68,516.14,70489.0,515.955,466
2025-05-22 12:00:00-04:00,516.13,516.23,516.01,516.06,102703.0,516.142,685
2025-05-22 12:01:00-04:00,516.06,516.14,515.99,516.04,47242.0,516.057,306
2025-05-22 12:02:00-04:00,516.03,516.38,515.92,516.23,107244.0,516.206,772
2025-05-22 12:03:00-04:00,516.27,516.38,516.18,516.22,40721.0,516.284,271
2025-05-22 12:04:00-04:00,516.25,516.32,516.06,516.14,45752.0,516.185,304
2025-05-22 12:05:00-04:00,516.12,516.19,515.72,515.78,86606.0,515.944,537
2025-05-22 12:06:00-04:00,515.74,516.16,515.55,516.15,123798.0,515.805,775
2025-05-22 12:07:00-04:00,516.14,516.47,515.97,516.34,143085.0,516.304,896
2025-05-22 12:08:00-04:00,516.35,516.5,516.33,516.35,62154.0,516.407,387
2025-05-22 12:09:00-04:00,516.34,516.39,516.07,516.29,56259.0,516.23,339
2025-05-22 12:10:00-04:00,516.3,516.45,516.2,516.35,55539.0,516.317,421
2025-05-22 12:11:00-04:00,516.4,516.61,516.32,516.58,88456.0,516.541,464
2025-05-22 12:12:00-04:00,516.57,516.65,516.31,516.53,83850.0,516.499,456
2025-05-22 12:13:00-04:00,516.47,516.69,516.46,516.65,136315.0,516.622,697
2025-05-22 12:14:00-04:00,516.66,516.92,516.66,516.85,115768.0,516.81,815
2025-05-22 12:15:00-04:00,516.82,517.18,516.81,517.14,208626.0,517.023,1217
2025-05-22 12:16:00-04:00,517.13,517.39,517.04,517.07,107780.0,517.275,676
2025-05-22 12:17:00-04:00,517.06,517.13,516.94,516.97,74424.0,517.047,431
2025-05-22 12:18:00-04:00,516.94,517.0,516.79,516.88,57022.0,516.889,347
2025-05-22 12:19:00-04:00,516.87,516.91,516.46,516.51,98836.0,516.634,536
2025-05-22 12:20:00-04:00,516.5,516.51,516.23,516.28,115444.0,516.376,732
2025-05-22 12:21:00-04:00,516.26,516.51,516.17,516.34,67315.0,516.381,395
2025-05-22 12:22:00-04:00,516.33,516.41,516.15,516.27,43116.0,516.299,253
2025-05-22 12:23:00-04:00,516.28,516.55,516.23,516.27,118557.0,516.434,685
2025-05-22 12:24:00-04:00,516.29,516.4,516.1,516.17,55105.0,516.249,350
2025-05-22 12:25:00-04:00,516.18,516.32,516.01,516.28,61245.0,516.2,415
2025-05-22 12:26:00-04:00,516.28,516.29,515.91,516.0,68800.0,516.049,385
2025-05-22 12:27:00-04:00,516.01,516.21,515.96,516.11,36673.0,516.083,276
2025-05-22 12:28:00-04:00,516.08,516.23,515.96,516.13,48896.0,516.085,300
2025-05-22 12:29:00-04:00,516.13,516.18,515.95,516.05,32380.0,516.079,204
2025-05-22 12:30:00-04:00,516.05,516.19,515.88,515.95,63949.0,516.013,434
2025-05-22 12:31:00-04:00,515.94,515.94,515.56,515.62,54296.0,515.756,425
2025-05-22 12:32:00-04:00,515.62,515.71,515.49,515.65,51508.0,515.595,326
2025-05-22 12:33:00-04:00,515.64,515.78,515.61,515.78,45919.0,515.72,307
2025-05-22 12:34:00-04:00,515.76,515.94,515.6,515.66,37053.0,515.77,282
2025-05-22 12:35:00-04:00,515.66,516.11,515.66,515.95,55055.0,515.957,390
2025-05-22 12:36:00-04:00,515.97,515.97,515.54,515.57,53198.0,515.731,338
2025-05-22 12:37:00-04:00,515.56,515.84,515.49,515.76,42451.0,515.691,308
2025-05-22 12:38:00-04:00,515.74,515.9,515.7,515.87,32485.0,515.806,166
2025-05-22 12:39:00-04:00,515.92,515.96,515.7,515.81,35310.0,515.857,221
2025-05-22 12:40:00-04:00,515.82,515.9,515.64,515.73,32634.0,515.764,212
2025-05-22 12:41:00-04:00,515.73,515.88,515.6,515.67,39619.0,515.72,232
2025-05-22 12:42:00-04:00,515.66,515.89,515.54,515.82,74359.0,515.697,434
2025-05-22 12:43:00-04:00,515.82,516.0,515.66,515.77,87228.0,515.835,616
2025-05-22 12:44:00-04:00,515.77,515.77,515.56,515.58,72723.0,515.638,497
2025-05-22 12:45:00-04:00,515.56,515.61,515.47,515.5,51118.0,515.548,364
2025-05-22 12:46:00-04:00,515.49,515.67,515.43,515.46,60423.0,515.528,419
2025-05-22 12:47:00-04:00,515.45,515.47,515.14,515.14,79257.0,515.288,529
2025-05-22 12:48:00-04:00,515.13,515.37,515.11,515.21,45863.0,515.259,346
2025-05-22 12:49:00-04:00,515.2,515.29,515.02,515.09,76924.0,515.131,542
2025-05-22 12:50:00-04:00,515.1,515.24,514.94,515.16,63924.0,515.093,471
2025-05-22 12:51:00-04:00,515.16,515.16,514.95,515.04,37638.0,515.042,262
2025-05-22 12:52:00-04:00,515.02,515.15,514.98,515.08,34433.0,515.074,250
2025-05-22 12:53:00-04:00,515.07,515.27,515.02,515.19,46358.0,515.12,319
2025-05-22 12:54:00-04:00,515.21,515.52,515.17,515.43,68840.0,515.391,407
2025-05-22 12:55:00-04:00,515.43,515.47,515.19,515.2,53034.0,515.302,294
2025-05-22 12:56:00-04:00,515.21,515.23,514.64,514.69,89225.0,514.874,591
2025-05-22 12:57:00-04:00,514.66,514.86,514.63,514.74,51166.0,514.74,331
2025-05-22 12:58:00-04:00,514.73,514.93,514.68,514.9,49091.0,514.818,303
2025-05-22 12:59:00-04:00,514.86,514.89,514.76,514.81,35795.0,514.839,241
2025-05-22 13:00:00-04:00,514.83,515.13,514.8,514.96,69974.0,514.973,449
2025-05-22 13:01:00-04:00,514.97,515.02,514.7,514.78,47091.0,514.841,313
2025-05-22 13:02:00-04:00,514.74,514.77,514.51,514.72,66124.0,514.629,407
2025-05-22 13:03:00-04:00,514.7,514.78,514.6,514.66,44990.0,514.696,311
2025-05-22 13:04:00-04:00,514.66,514.76,514.64,514.66,44698.0,514.704,293
2025-05-22 13:05:00-04:00,514.64,514.99,514.64,514.74,64435.0,514.798,442
2025-05-22 13:06:00-04:00,514.75,514.93,514.51,514.56,74208.0,514.695,549
2025-05-22 13:07:00-04:00,514.54,514.65,514.47,514.54,41530.0,514.542,298
2025-05-22 13:08:00-04:00,514.55,514.59,514.38,514.47,39087.0,514.491,259
2025-05-22 13:09:00-04:00,514.44,514.56,514.41,514.45,24140.0,514.478,167
2025-05-22 13:10:00-04:00,514.45,514.49,514.34,514.41,40143.0,514.42,270
2025-05-22 13:11:00-04:00,514.41,514.58,514.31,514.57,37494.0,514.437,261
2025-05-22 13:12:00-04:00,514.56,514.56,514.36,514.5,27707.0,514.468,177
2025-05-22 13:13:00-04:00,514.51,514.63,514.42,514.63,34517.0,514.528,245
2025-05-22 13:14:00-04:00,514.6,514.68,514.34,514.41,77749.0,514.529,531
2025-05-22 13:15:00-04:00,514.4,514.59,514.37,514.59,30689.0,514.495,256
2025-05-22 13:16:00-04:00,514.58,515.1,514.56,515.01,152745.0,514.879,1083
2025-05-22 13:17:00-04:00,515.01,515.33,514.94,515.33,111114.0,515.133,745
2025-05-22 13:18:00-04:00,515.33,515.56,515.26,515.39,72444.0,515.415,608
2025-05-22 13:19:00-04:00,515.39,515.44,515.08,515.08,48206.0,515.26,347
2025-05-22 13:20:00-04:00,515.09,515.41,515.08,515.36,43708.0,515.243,315
2025-05-22 13:21:00-04:00,515.38,515.53,515.31,515.37,40309.0,515.457,269
2025-05-22 13:22:00-04:00,515.37,515.67,515.37,515.61,60944.0,515.589,394
2025-05-22 13:23:00-04:00,515.61,515.95,515.61,515.92,115789.0,515.819,796
2025-05-22 13:24:00-04:00,515.91,515.97,515.78,515.9,38834.0,515.906,281
2025-05-22 13:25:00-04:00,515.87,516.01,515.68,515.76,106788.0,515.893,624
2025-05-22 13:26:00-04:00,515.75,515.96,515.75,515.83,51334.0,515.846,290
2025-05-22 13:27:00-04:00,515.84,516.11,515.81,516.05,83959.0,515.977,544
2025-05-22 13:28:00-04:00,516.03,516.12,515.86,516.0,45598.0,515.989,353
2025-05-22 13:29:00-04:00,516.0,516.04,515.82,516.0,27374.0,515.929,181
2025-05-22 13:30:00-04:00,515.99,516.04,515.67,515.77,62703.0,515.881,473
2025-05-22 13:31:00-04:00,515.77,515.82,515.56,515.64,51231.0,515.666,309
2025-05-22 13:32:00-04:00,515.65,515.71,515.51,515.6,36817.0,515.634,241
2025-05-22 13:33:00-04:00,515.62,515.93,515.61,515.93,72170.0,515.792,505
2025-05-22 13:34:00-04:00,515.93,516.2,515.93,516.15,81003.0,516.079,582
2025-05-22 13:35:00-04:00,516.15,516.28,515.93,515.95,71888.0,516.161,399
2025-05-22 13:36:00-04:00,515.99,516.1,515.9,515.93,35975.0,515.972,256
2025-05-22 13:37:00-04:00,515.91,515.93,515.63,515.66,47013.0,515.759,268
2025-05-22 13:38:00-04:00,515.65,516.09,515.62,515.93,50935.0,515.864,361
2025-05-22 13:39:00-04:00,515.94,515.97,515.82,515.91,15369.0,515.877,123
2025-05-22 13:40:00-04:00,515.91,516.08,515.89,516.06,58238.0,515.959,315
2025-05-22 13:41:00-04:00,516.07,516.11,515.97,516.08,86037.0,516.039,317
2025-05-22 13:42:00-04:00,516.05,516.14,515.97,516.09,37217.0,516.076,228
2025-05-22 13:43:00-04:00,516.09,516.22,516.04,516.15,34909.0,516.134,286
2025-05-22 13:44:00-04:00,516.15,516.55,516.14,516.55,151548.0,516.399,1065
2025-05-22 13:45:00-04:00,516.54,516.64,516.22,516.25,95357.0,516.459,497
2025-05-22 13:46:00-04:00,516.25,516.31,516.05,516.09,45865.0,516.165,314
2025-05-22 13:47:00-04:00,516.07,516.41,515.99,516.35,46462.0,516.251,368
2025-05-22 13:48:00-04:00,516.37,516.49,516.35,516.47,56495.0,516.424,358
2025-05-22 13:49:00-04:00,516.46,516.47,516.26,516.26,40471.0,516.357,257
2025-05-22 13:50:00-04:00,516.27,516.41,516.19,516.28,46577.0,516.3,360
2025-05-22 13:51:00-04:00,516.28,516.43,516.26,516.29,27685.0,516.337,196
2025-05-22 13:52:00-04:00,516.28,516.4,516.21,516.24,25790.0,516.31,165
2025-05-22 13:53:00-04:00,516.25,516.32,516.18,516.22,24612.0,516.236,179
2025-05-22 13:54:00-04:00,516.17,516.25,516.07,516.21,42980.0,516.184,264
2025-05-22 13:55:00-04:00,516.22,516.88,516.19,516.88,102339.0,516.512,739
2025-05-22 13:56:00-04:00,516.89,517.06,516.67,516.69,170838.0,516.874,1033
2025-05-22 13:57:00-04:00,516.68,516.81,516.45,516.57,93942.0,516.646,676
2025-05-22 13:58:00-04:00,516.57,516.69,516.42,516.66,60373.0,516.55,461
2025-05-22 13:59:00-04:00,516.66,516.71,516.45,516.62,48958.0,516.597,385
2025-05-22 14:00:00-04:00,516.63,516.68,516.46,516.65,127327.0,516.579,916
2025-05-22 14:01:00-04:00,516.69,516.87,516.65,516.76,82783.0,516.755,503
2025-05-22 14:02:00-04:00,516.77,516.98,516.67,516.72,80330.0,516.868,470
2025-05-22 14:03:00-04:00,516.69,516.8,516.52,516.58,78046.0,516.656,420
2025-05-22 14:04:00-04:00,516.59,516.71,516.46,516.71,68945.0,516.561,415
2025-05-22 14:05:00-04:00,516.69,516.75,516.34,516.44,66626.0,516.531,479
2025-05-22 14:06:00-04:00,516.43,516.54,516.38,516.45,45275.0,516.459,311
2025-05-22 14:07:00-04:00,516.46,516.79,516.42,516.79,42816.0,516.593,333
2025-05-22 14:08:00-04:00,516.8,516.84,516.57,516.81,31955.0,516.726,234
2025-05-22 14:09:00-04:00,516.81,516.88,516.55,516.58,36735.0,516.667,270
2025-05-22 14:10:00-04:00,516.57,516.6,516.25,516.38,64508.0,516.357,485
2025-05-22 14:11:00-04:00,516.36,516.47,516.34,516.45,50774.0,516.399,362
2025-05-22 14:12:00-04:00,516.43,516.62,516.34,516.5,43417.0,516.517,335
2025-05-22 14:13:00-04:00,516.5,516.75,516.5,516.72,44069.0,516.639,341
2025-05-22 14:14:00-04:00,516.7,516.73,516.58,516.67,51066.0,516.653,329
2025-05-22 14:15:00-04:00,516.67,516.92,516.65,516.69,74978.0,516.785,521
2025-05-22 14:16:00-04:00,516.68,517.02,516.54,516.85,73339.0,516.816,561
2025-05-22 14:17:00-04:00,516.87,516.92,516.73,516.89,23014.0,516.833,206
2025-05-22 14:18:00-04:00,516.87,516.94,516.8,516.89,22636.0,516.857,167
2025-05-22 14:19:00-04:00,516.91,516.99,516.87,516.96,29409.0,516.934,174
2025-05-22 14:20:00-04:00,516.95,517.13,516.8,516.81,128838.0,516.974,682
2025-05-22 14:21:00-04:00,516.81,516.92,516.71,516.82,60604.0,516.82,482
2025-05-22 14:22:00-04:00,516.81,516.83,516.42,516.53,59113.0,516.595,434
2025-05-22 14:23:00-04:00,516.55,517.02,516.54,516.89,69560.0,516.795,567
2025-05-22 14:24:00-04:00,516.89,517.13,516.85,516.96,47207.0,516.993,362
2025-05-22 14:25:00-04:00,516.92,517.08,516.92,516.92,32306.0,516.992,221
2025-05-22 14:26:00-04:00,516.93,516.96,516.65,516.75,65291.0,516.806,459
2025-05-22 14:27:00-04:00,516.74,516.87,516.62,516.69,42212.0,516.727,329
2025-05-22 14:28:00-04:00,516.7,516.7,516.52,516.56,61361.0,516.639,317
2025-05-22 14:29:00-04:00,516.54,516.67,516.52,516.61,36596.0,516.577,172
2025-05-22 14:30:00-04:00,516.6,516.61,516.3,516.49,74865.0,516.47,547
2025-05-22 14:31:00-04:00,516.5,516.72,516.48,516.67,40727.0,516.579,295
2025-05-22 14:32:00-04:00,516.7,516.81,516.66,516.74,92280.0,516.753,567
2025-05-22 14:33:00-04:00,516.77,516.84,516.62,516.76,31996.0,516.745,204
2025-05-22 14:34:00-04:00,516.79,516.83,516.72,516.8,20762.0,516.776,175
2025-05-22 14:35:00-04:00,516.8,516.9,516.71,516.84,56081.0,516.814,339
2025-05-22 14:36:00-04:00,516.83,516.96,516.75,516.83,42791.0,516.867,277
2025-05-22 14:37:00-04:00,516.82,516.89,516.72,516.83,45785.0,516.793,344
2025-05-22 14:38:00-04:00,516.83,516.9,516.47,516.5,59634.0,516.696,373
2025-05-22 14:39:00-04:00,516.5,516.55,516.31,516.35,55250.0,516.442,368
2025-05-22 14:40:00-04:00,516.34,516.41,516.07,516.09,71280.0,516.254,530
2025-05-22 14:41:00-04:00,516.08,516.33,516.07,516.26,66209.0,516.193,391
2025-05-22 14:42:00-04:00,516.27,516.47,516.18,516.4,41035.0,516.364,274
2025-05-22 14:43:00-04:00,516.38,516.53,516.23,516.43,37430.0,516.381,263
2025-05-22 14:44:00-04:00,516.4,516.43,516.19,516.34,36950.0,516.33,263
2025-05-22 14:45:00-04:00,516.36,516.54,516.23,516.47,53188.0,516.419,388
2025-05-22 14:46:00-04:00,516.47,516.65,516.35,516.44,60348.0,516.491,425
2025-05-22 14:47:00-04:00,516.44,516.51,516.33,516.43,39382.0,516.425,252
2025-05-22 14:48:00-04:00,516.44,516.59,516.38,516.59,62328.0,516.456,374
2025-05-22 14:49:00-04:00,516.6,516.65,516.31,516.33,31855.0,516.515,252
2025-05-22 14:50:00-04:00,516.34,516.61,516.31,516.51,51605.0,516.452,379
2025-05-22 14:51:00-04:00,516.5,516.67,516.49,516.65,39975.0,516.606,330
2025-05-22 14:52:00-04:00,516.65,516.98,516.64,516.96,72239.0,516.818,518
2025-05-22 14:53:00-04:00,516.94,516.96,516.69,516.75,30566.0,516.822,219
2025-05-22 14:54:00-04:00,516.75,516.77,516.61,516.67,42220.0,516.676,325
2025-05-22 14:55:00-04:00,516.67,517.06,516.65,517.01,70033.0,516.903,534
2025-05-22 14:56:00-04:00,517.04,517.24,516.89,516.93,82275.0,517.077,589
2025-05-22 14:57:00-04:00,516.92,517.09,516.92,516.98,36516.0,517.011,267
2025-05-22 14:58:00-04:00,516.95,517.1,516.92,516.99,37441.0,517.001,247
2025-05-22 14:59:00-04:00,516.98,517.06,516.85,516.95,53131.0,516.932,360
2025-05-22 15:00:00-04:00,516.96,517.06,516.86,516.98,89236.0,516.963,673
2025-05-22 15:01:00-04:00,516.98,517.28,516.98,517.09,77393.0,517.123,572
2025-05-22 15:02:00-04:00,517.09,517.24,517.08,517.2,63193.0,517.154,412
2025-05-22 15:03:00-04:00,517.19,517.3,517.17,517.25,57337.0,517.243,343
2025-05-22 15:04:00-04:00,517.26,517.48,517.16,517.33,87458.0,517.397,518
2025-05-22 15:05:00-04:00,517.32,517.71,517.32,517.57,168425.0,517.515,982
2025-05-22 15:06:00-04:00,517.59,517.61,517.39,517.39,50451.0,517.488,355
2025-05-22 15:07:00-04:00,517.36,517.43,517.28,517.32,79592.0,517.34,554
2025-05-22 15:08:00-04:00,517.32,517.45,517.26,517.37,50621.0,517.363,367
2025-05-22 15:09:00-04:00,517.36,517.4,517.1,517.11,42200.0,517.257,320
2025-05-22 15:10:00-04:00,517.1,517.31,517.03,517.26,66317.0,517.187,494
2025-05-22 15:11:00-04:00,517.23,517.32,517.15,517.26,32568.0,517.233,228
2025-05-22 15:12:00-04:00,517.27,517.43,517.22,517.33,39964.0,517.306,289
2025-05-22 15:13:00-04:00,517.31,517.37,517.25,517.29,38752.0,517.306,267
2025-05-22 15:14:00-04:00,517.28,517.43,517.24,517.39,39585.0,517.338,248
2025-05-22 15:15:00-04:00,517.39,517.43,517.21,517.29,34100.0,517.315,266
2025-05-22 15:16:00-04:00,517.29,517.35,517.16,517.19,35562.0,517.253,277
2025-05-22 15:17:00-04:00,517.18,517.22,517.11,517.21,59716.0,517.166,357
2025-05-22 15:18:00-04:00,517.21,517.24,516.93,516.96,53461.0,517.047,391
2025-05-22 15:19:00-04:00,516.96,517.08,516.92,517.01,50034.0,517.015,278
2025-05-22 15:20:00-04:00,517.02,517.18,516.98,517.14,49112.0,517.069,342
2025-05-22 15:21:00-04:00,517.14,517.15,516.92,516.99,35060.0,517.004,278
2025-05-22 15:22:00-04:00,517.02,517.11,516.93,516.99,41813.0,517.019,326
2025-05-22 15:23:00-04:00,517.0,517.01,516.75,516.88,64252.0,516.856,450
2025-05-22 15:24:00-04:00,516.9,517.07,516.82,516.95,44861.0,516.964,301
2025-05-22 15:25:00-04:00,516.94,517.14,516.93,517.1,35359.0,517.036,272
2025-05-22 15:26:00-04:00,517.07,517.17,517.02,517.12,43059.0,517.117,253
2025-05-22 15:27:00-04:00,517.12,517.47,517.11,517.44,73898.0,517.292,549
2025-05-22 15:28:00-04:00,517.46,517.54,517.38,517.39,86367.0,517.474,586
2025-05-22 15:29:00-04:00,517.4,517.56,517.36,517.42,58373.0,517.465,414
2025-05-22 15:30:00-04:00,517.43,517.48,517.23,517.36,95969.0,517.37,725
2025-05-22 15:31:00-04:00,517.36,517.37,517.19,517.24,44719.0,517.278,381
2025-05-22 15:32:00-04:00,517.25,517.29,517.0,517.01,103806.0,517.184,649
2025-05-22 15:33:00-04:00,517.0,517.03,516.73,516.74,87250.0,516.862,672
2025-05-22 15:34:00-04:00,516.74,517.02,516.68,516.92,82708.0,516.859,496
2025-05-22 15:35:00-04:00,516.91,516.96,516.75,516.93,54908.0,516.873,401
2025-05-22 15:36:00-04:00,516.93,516.93,516.57,516.58,69545.0,516.747,502
2025-05-22 15:37:00-04:00,516.56,516.64,516.45,516.57,86615.0,516.551,577
2025-05-22 15:38:00-04:00,516.56,516.57,516.33,516.46,53931.0,516.433,417
2025-05-22 15:39:00-04:00,516.44,516.72,516.43,516.45,84400.0,516.582,628
2025-05-22 15:40:00-04:00,516.43,516.5,516.23,516.36,91298.0,516.364,619
2025-05-22 15:41:00-04:00,516.36,516.4,516.21,516.29,55957.0,516.314,348
2025-05-22 15:42:00-04:00,516.29,516.33,516.11,516.12,65863.0,516.232,531
2025-05-22 15:43:00-04:00,516.1,516.18,515.89,516.13,111329.0,516.042,871
2025-05-22 15:44:00-04:00,516.1,516.15,515.83,515.88,115110.0,516.024,828
2025-05-22 15:45:00-04:00,515.86,515.87,515.27,515.41,234199.0,515.56,1622
2025-05-22 15:46:00-04:00,515.41,515.52,515.15,515.47,312275.0,515.323,2007
2025-05-22 15:47:00-04:00,515.49,515.58,515.22,515.34,202769.0,515.419,1487
2025-05-22 15:48:00-04:00,515.34,515.82,515.29,515.78,122945.0,515.613,882
2025-05-22 15:49:00-04:00,515.8,515.97,515.7,515.81,108627.0,515.843,837
2025-05-22 15:50:00-04:00,515.82,516.65,515.77,515.83,328806.0,516.178,2270
2025-05-22 15:51:00-04:00,515.81,516.11,515.53,515.53,181279.0,515.82,1366
2025-05-22 15:52:00-04:00,515.54,515.74,515.23,515.33,167243.0,515.482,1175
2025-05-22 15:53:00-04:00,515.34,515.48,515.16,515.26,176722.0,515.279,1403
2025-05-22 15:54:00-04:00,515.26,515.39,515.0,515.07,1104388.0,515.239,2412
2025-05-22 15:55:00-04:00,515.08,515.4,514.2,514.21,411031.0,514.728,2978
2025-05-22 15:56:00-04:00,514.22,514.36,513.62,513.92,459438.0,513.99,2783
2025-05-22 15:57:00-04:00,513.93,514.08,513.59,513.89,338288.0,513.882,2234
2025-05-22 15:58:00-04:00,513.89,514.14,513.72,513.8,297595.0,513.912,2106
2025-05-22 15:59:00-04:00,513.78,514.2,513.62,514.02,755123.0,513.865,4508
2025-05-23 09:30:00-04:00,506.2,506.85,505.58,506.15,1047772.0,506.166,5039
2025-05-23 09:31:00-04:00,506.18,506.55,505.63,505.93,505878.0,506.139,3704
2025-05-23 09:32:00-04:00,505.94,506.93,505.79,506.8,317784.0,506.398,2074
2025-05-23 09:33:00-04:00,506.87,507.88,506.54,507.47,373482.0,507.193,2355
2025-05-23 09:34:00-04:00,507.51,507.99,507.28,507.64,277116.0,507.648,1894
2025-05-23 09:35:00-04:00,507.62,508.36,507.5,508.3,336218.0,508.015,2081
2025-05-23 09:36:00-04:00,508.28,508.68,507.87,508.45,241527.0,508.225,1682
2025-05-23 09:37:00-04:00,508.47,508.72,508.0,508.09,237687.0,508.358,1529
2025-05-23 09:38:00-04:00,508.11,508.45,507.88,508.25,208491.0,508.176,1378
2025-05-23 09:39:00-04:00,508.23,508.32,507.62,507.87,221050.0,508.016,1528
2025-05-23 09:40:00-04:00,507.84,507.97,507.42,507.7,209529.0,507.714,1497
2025-05-23 09:41:00-04:00,507.66,508.28,507.37,508.18,163964.0,507.7,1320
2025-05-23 09:42:00-04:00,508.1,508.19,507.2,507.47,173506.0,507.618,1293
2025-05-23 09:43:00-04:00,507.5,507.77,506.81,506.99,152235.0,507.272,1016
2025-05-23 09:44:00-04:00,506.98,507.71,506.78,507.57,163036.0,507.189,1226
2025-05-23 09:45:00-04:00,507.61,507.67,506.7,506.83,204421.0,507.033,1462
2025-05-23 09:46:00-04:00,506.81,506.81,506.31,506.54,194079.0,506.527,1375
2025-05-23 09:47:00-04:00,506.53,506.79,506.25,506.5,179067.0,506.421,1225
2025-05-23 09:48:00-04:00,506.48,506.86,506.06,506.48,141138.0,506.426,1052
2025-05-23 09:49:00-04:00,506.5,506.95,506.35,506.51,209432.0,506.565,1126
2025-05-23 09:50:00-04:00,506.5,507.29,506.36,507.2,180617.0,506.698,1287
2025-05-23 09:51:00-04:00,507.24,507.62,506.75,506.75,143782.0,507.242,961
2025-05-23 09:52:00-04:00,506.78,507.33,506.38,507.2,175133.0,506.799,1239
2025-05-23 09:53:00-04:00,507.2,507.57,506.26,506.42,285971.0,506.825,2107
2025-05-23 09:54:00-04:00,506.39,506.82,506.19,506.82,174395.0,506.415,1198
2025-05-23 09:55:00-04:00,506.8,507.13,506.63,506.73,116290.0,506.859,829
2025-05-23 09:56:00-04:00,506.73,507.45,506.57,506.97,110452.0,507.086,792
2025-05-23 09:57:00-04:00,506.96,507.15,506.79,506.85,81516.0,506.981,630
2025-05-23 09:58:00-04:00,506.83,507.14,506.76,507.1,65838.0,506.988,538
2025-05-23 09:59:00-04:00,507.12,507.24,506.94,507.14,112694.0,507.082,842
2025-05-23 10:00:00-04:00,507.15,507.73,507.01,507.14,154395.0,507.345,1068
2025-05-23 10:01:00-04:00,507.11,507.61,506.98,507.38,109507.0,507.372,814
2025-05-23 10:02:00-04:00,507.37,507.62,507.18,507.34,309191.0,507.464,635
2025-05-23 10:03:00-04:00,507.3,507.52,507.07,507.45,98117.0,507.276,778
2025-05-23 10:04:00-04:00,507.45,508.31,507.43,508.08,323649.0,507.976,2053
2025-05-23 10:05:00-04:00,508.11,508.35,507.78,508.26,220379.0,508.037,1400
2025-05-23 10:06:00-04:00,508.25,508.43,508.11,508.3,130430.0,508.272,928
2025-05-23 10:07:00-04:00,508.29,508.56,508.18,508.25,101882.0,508.411,726
2025-05-23 10:08:00-04:00,508.27,508.53,507.9,508.47,86741.0,508.118,563
2025-05-23 10:09:00-04:00,508.52,508.52,508.07,508.08,67402.0,508.284,466
2025-05-23 10:10:00-04:00,508.07,508.37,507.93,507.95,95512.0,508.153,684
2025-05-23 10:11:00-04:00,507.95,508.3,507.77,508.25,79433.0,508.08,562
2025-05-23 10:12:00-04:00,508.28,509.68,508.23,509.36,215194.0,509.123,1436
2025-05-23 10:13:00-04:00,509.29,509.41,508.8,508.92,121179.0,509.112,700
2025-05-23 10:14:00-04:00,508.9,509.26,508.76,509.11,88432.0,509.029,639
2025-05-23 10:15:00-04:00,509.11,509.4,508.98,508.99,113960.0,509.169,802
2025-05-23 10:16:00-04:00,509.0,509.05,508.78,508.78,94069.0,508.901,539
2025-05-23 10:17:00-04:00,508.78,508.92,508.52,508.84,75637.0,508.725,476
2025-05-23 10:18:00-04:00,508.83,508.94,508.59,508.63,42476.0,508.755,363
2025-05-23 10:19:00-04:00,508.63,508.64,508.23,508.25,85673.0,508.494,609
2025-05-23 10:20:00-04:00,508.25,508.3,507.89,508.11,112676.0,508.112,722
2025-05-23 10:21:00-04:00,508.08,508.09,507.71,507.79,67925.0,507.834,465
2025-05-23 10:22:00-04:00,507.81,508.44,507.81,508.16,95205.0,508.146,635
2025-05-23 10:23:00-04:00,508.15,508.88,508.15,508.7,99637.0,508.614,555
2025-05-23 10:24:00-04:00,508.65,509.21,508.65,509.16,50721.0,508.968,312
2025-05-23 10:25:00-04:00,509.18,509.48,509.08,509.47,87068.0,509.29,491
2025-05-23 10:26:00-04:00,509.46,509.56,508.84,508.86,109947.0,509.216,601
2025-05-23 10:27:00-04:00,508.83,509.05,508.73,508.86,71632.0,508.887,490
2025-05-23 10:28:00-04:00,508.86,508.86,508.23,508.31,127394.0,508.495,953
2025-05-23 10:29:00-04:00,508.31,508.53,508.16,508.45,99189.0,508.333,755
2025-05-23 10:30:00-04:00,508.45,508.89,508.23,508.84,114179.0,508.558,860
2025-05-23 10:31:00-04:00,508.82,508.82,508.43,508.73,59963.0,508.634,414
2025-05-23 10:32:00-04:00,508.72,508.93,508.62,508.66,76825.0,508.794,508
2025-05-23 10:33:00-04:00,508.68,509.0,508.63,508.97,44918.0,508.79,366
2025-05-23 10:34:00-04:00,508.98,509.34,508.91,509.25,63660.0,509.151,443
2025-05-23 10:35:00-04:00,509.28,509.4,509.15,509.39,57731.0,509.286,397
2025-05-23 10:36:00-04:00,509.34,509.43,508.89,509.31,76236.0,509.213,519
2025-05-23 10:37:00-04:00,509.31,509.36,508.81,508.98,73593.0,509.038,524
2025-05-23 10:38:00-04:00,508.96,509.4,508.9,509.14,60231.0,509.134,406
2025-05-23 10:39:00-04:00,509.14,509.32,509.07,509.09,50980.0,509.201,386
2025-05-23 10:40:00-04:00,509.1,509.52,508.9,509.22,115719.0,509.282,796
2025-05-23 10:41:00-04:00,509.23,509.45,509.05,509.06,40200.0,509.273,266
2025-05-23 10:42:00-04:00,509.04,509.11,508.56,508.59,84889.0,508.787,583
2025-05-23 10:43:00-04:00,508.61,509.18,508.54,509.12,71878.0,508.909,470
2025-05-23 10:44:00-04:00,509.13,509.14,508.94,509.0,45534.0,509.029,288
2025-05-23 10:45:00-04:00,509.0,509.18,508.95,509.1,48065.0,509.043,299
2025-05-23 10:46:00-04:00,509.06,509.13,508.86,509.03,32987.0,508.986,224
2025-05-23 10:47:00-04:00,509.03,509.54,508.79,508.81,112336.0,509.175,721
2025-05-23 10:48:00-04:00,508.79,509.48,508.64,509.36,72934.0,509.053,491
2025-05-23 10:49:00-04:00,509.38,509.5,509.04,509.04,42962.0,509.325,312
2025-05-23 10:50:00-04:00,509.06,509.17,508.39,508.65,96278.0,508.779,700
2025-05-23 10:51:00-04:00,508.65,508.73,508.37,508.44,87081.0,508.491,578
2025-05-23 10:52:00-04:00,508.38,508.44,508.12,508.14,89180.0,508.293,561
2025-05-23 10:53:00-04:00,508.14,508.48,507.96,508.26,130940.0,508.173,688
2025-05-23 10:54:00-04:00,508.3,508.46,507.97,508.0,69720.0,508.238,459
2025-05-23 10:55:00-04:00,508.02,508.18,507.92,508.04,103315.0,508.045,598
2025-05-23 10:56:00-04:00,508.02,508.19,507.8,507.88,78745.0,507.95,533
2025-05-23 10:57:00-04:00,507.87,508.22,507.83,508.1,58030.0,508.042,383
2025-05-23 10:58:00-04:00,508.1,508.1,507.6,507.69,121012.0,507.825,809
2025-05-23 10:59:00-04:00,507.69,507.89,507.61,507.67,80663.0,507.755,505
2025-05-23 11:00:00-04:00,507.67,508.18,507.62,508.1,245725.0,507.9,1507
2025-05-23 11:01:00-04:00,508.09,508.32,508.06,508.16,82985.0,508.179,545
2025-05-23 11:02:00-04:00,508.17,508.17,507.84,508.11,43431.0,508.008,312
2025-05-23 11:03:00-04:00,508.13,508.52,508.08,508.41,96554.0,508.343,601
2025-05-23 11:04:00-04:00,508.4,508.65,508.18,508.18,67579.0,508.462,440
2025-05-23 11:05:00-04:00,508.21,508.25,507.54,507.6,80696.0,507.91,638
2025-05-23 11:06:00-04:00,507.59,507.82,507.35,507.41,96668.0,507.558,604
2025-05-23 11:07:00-04:00,507.42,507.48,507.3,507.43,62407.0,507.38,408
2025-05-23 11:08:00-04:00,507.42,507.76,507.35,507.55,106098.0,507.563,715
2025-05-23 11:09:00-04:00,507.58,508.03,507.54,508.0,104920.0,507.823,483
2025-05-23 11:10:00-04:00,508.03,508.24,507.9,508.12,84051.0,508.06,611
2025-05-23 11:11:00-04:00,508.11,508.18,507.82,508.15,79272.0,508.008,469
2025-05-23 11:12:00-04:00,508.15,508.32,507.91,507.95,64054.0,508.111,375
2025-05-23 11:13:00-04:00,507.96,508.03,507.33,507.39,153559.0,507.581,776
2025-05-23 11:14:00-04:00,507.39,507.85,507.32,507.83,62046.0,507.626,433
2025-05-23 11:15:00-04:00,507.81,507.87,507.29,507.29,62701.0,507.549,444
2025-05-23 11:16:00-04:00,507.3,507.68,507.06,507.43,117587.0,507.3,734
2025-05-23 11:17:00-04:00,507.46,507.8,507.44,507.73,65378.0,507.625,421
2025-05-23 11:18:00-04:00,507.76,508.36,507.76,508.32,68659.0,508.067,463
2025-05-23 11:19:00-04:00,508.35,508.42,508.08,508.08,60920.0,508.245,440
2025-05-23 11:20:00-04:00,508.06,508.6,507.99,508.46,65624.0,508.366,419
2025-05-23 11:21:00-04:00,508.45,508.72,508.45,508.69,62226.0,508.62,383
2025-05-23 11:22:00-04:00,508.71,508.92,508.53,508.91,77060.0,508.754,473
2025-05-23 11:23:00-04:00,508.9,508.91,508.62,508.72,52956.0,508.747,331
2025-05-23 11:24:00-04:00,508.71,508.84,508.61,508.81,34878.0,508.73,222
2025-05-23 11:25:00-04:00,508.8,508.98,508.69,508.87,56119.0,508.841,347
2025-05-23 11:26:00-04:00,508.86,508.94,508.75,508.85,37681.0,508.823,220
2025-05-23 11:27:00-04:00,508.86,508.9,508.65,508.75,50894.0,508.794,289
2025-05-23 11:28:00-04:00,508.77,508.84,508.57,508.72,46160.0,508.735,263
2025-05-23 11:29:00-04:00,508.7,508.93,508.67,508.88,36771.0,508.798,223
2025-05-23 11:30:00-04:00,508.84,509.0,508.73,508.97,62205.0,508.892,424
2025-05-23 11:31:00-04:00,508.98,509.07,508.78,508.96,57268.0,508.95,352
2025-05-23 11:32:00-04:00,509.0,509.26,508.99,509.26,59175.0,509.16,337
2025-05-23 11:33:00-04:00,509.28,509.36,509.09,509.17,56145.0,509.207,369
2025-05-23 11:34:00-04:00,509.18,509.49,509.15,509.48,77928.0,509.299,479
2025-05-23 11:35:00-04:00,509.43,509.43,509.08,509.23,76066.0,509.288,503
2025-05-23 11:36:00-04:00,509.23,509.51,509.23,509.4,78328.0,509.399,479
2025-05-23 11:37:00-04:00,509.4,510.03,509.37,509.85,213136.0,509.837,1300
2025-05-23 11:38:00-04:00,509.87,509.97,509.22,509.27,94900.0,509.661,547
2025-05-23 11:39:00-04:00,509.29,509.38,509.02,509.14,90788.0,509.179,602
2025-05-23 11:40:00-04:00,509.18,509.5,509.05,509.44,36090.0,509.29,241
2025-05-23 11:41:00-04:00,509.44,509.48,509.09,509.13,43758.0,509.255,295
2025-05-23 11:42:00-04:00,509.15,509.56,509.13,509.55,53373.0,509.308,373
2025-05-23 11:43:00-04:00,509.54,509.67,509.34,509.6,63095.0,509.519,323
2025-05-23 11:44:00-04:00,509.63,509.65,509.39,509.47,85072.0,509.501,401
2025-05-23 11:45:00-04:00,509.46,509.58,509.08,509.1,70597.0,509.318,373
2025-05-23 11:46:00-04:00,509.07,509.35,508.98,509.31,62125.0,509.144,372
2025-05-23 11:47:00-04:00,509.3,509.57,509.16,509.24,44041.0,509.354,304
2025-05-23 11:48:00-04:00,509.24,509.42,509.21,509.39,28484.0,509.343,179
2025-05-23 11:49:00-04:00,509.36,509.42,509.2,509.32,36595.0,509.327,266
2025-05-23 11:50:00-04:00,509.3,509.36,508.89,508.98,40777.0,509.148,326
2025-05-23 11:51:00-04:00,508.99,509.04,508.7,508.85,99698.0,508.896,658
2025-05-23 11:52:00-04:00,508.82,509.01,508.48,508.52,53711.0,508.71,323
2025-05-23 11:53:00-04:00,508.48,508.74,508.37,508.62,62343.0,508.552,423
2025-05-23 11:54:00-04:00,508.62,508.75,508.49,508.72,36404.0,508.618,297
2025-05-23 11:55:00-04:00,508.77,508.78,508.43,508.5,62148.0,508.559,427
2025-05-23 11:56:00-04:00,508.5,508.59,508.34,508.55,62385.0,508.464,403
2025-05-23 11:57:00-04:00,508.57,508.63,508.4,508.56,78873.0,508.519,371
2025-05-23 11:58:00-04:00,508.57,508.8,508.47,508.49,83497.0,508.61,579
2025-05-23 11:59:00-04:00,508.5,508.55,508.25,508.27,61367.0,508.38,348
2025-05-23 12:00:00-04:00,508.27,508.61,508.23,508.33,118809.0,508.396,903
2025-05-23 12:01:00-04:00,508.35,508.51,508.21,508.32,102091.0,508.341,736
2025-05-23 12:02:00-04:00,508.31,508.94,508.2,508.94,101453.0,508.547,620
2025-05-23 12:03:00-04:00,508.94,509.18,508.92,509.13,88358.0,509.046,450
2025-05-23 12:04:00-04:00,509.14,509.19,508.03,508.12,358483.0,508.408,2259
2025-05-23 12:05:00-04:00,508.12,508.46,507.88,508.18,141028.0,508.107,889
2025-05-23 12:06:00-04:00,508.13,508.4,508.13,508.26,51346.0,508.273,363
2025-05-23 12:07:00-04:00,508.27,508.62,508.25,508.54,48294.0,508.481,366
2025-05-23 12:08:00-04:00,508.55,508.63,508.09,508.32,63512.0,508.371,454
2025-05-23 12:09:00-04:00,508.29,508.92,508.08,508.51,283668.0,508.497,2180
2025-05-23 12:10:00-04:00,508.5,508.77,508.5,508.52,49471.0,508.636,339
2025-05-23 12:11:00-04:00,508.53,508.58,508.23,508.36,38836.0,508.359,307
2025-05-23 12:12:00-04:00,508.37,508.53,508.25,508.48,42931.0,508.375,331
2025-05-23 12:13:00-04:00,508.44,508.54,507.97,508.27,122560.0,508.32,803
2025-05-23 12:14:00-04:00,508.3,508.56,508.24,508.49,38661.0,508.468,281
2025-05-23 12:15:00-04:00,508.43,508.72,508.36,508.7,51630.0,508.57,282
2025-05-23 12:16:00-04:00,508.73,508.75,508.49,508.6,64348.0,508.618,299
2025-05-23 12:17:00-04:00,508.62,508.62,508.22,508.47,50066.0,508.356,292
2025-05-23 12:18:00-04:00,508.45,508.49,508.24,508.3,19941.0,508.325,172
2025-05-23 12:19:00-04:00,508.33,508.43,508.26,508.42,40560.0,508.367,269
2025-05-23 12:20:00-04:00,508.44,508.81,508.36,508.73,56251.0,508.658,388
2025-05-23 12:21:00-04:00,508.74,508.93,508.66,508.93,40397.0,508.796,298
2025-05-23 12:22:00-04:00,508.91,509.14,508.9,509.06,60126.0,509.028,409
2025-05-23 12:23:00-04:00,509.08,509.23,508.94,509.13,70205.0,509.112,431
2025-05-23 12:24:00-04:00,509.15,509.28,509.13,509.24,43536.0,509.198,320
2025-05-23 12:25:00-04:00,509.21,509.37,509.12,509.32,57776.0,509.265,382
2025-05-23 12:26:00-04:00,509.35,509.37,509.19,509.28,50175.0,509.3,329
2025-05-23 12:27:00-04:00,509.29,509.47,509.29,509.43,43537.0,509.384,279
2025-05-23 12:28:00-04:00,509.46,509.47,509.31,509.35,24887.0,509.376,155
2025-05-23 12:29:00-04:00,509.34,509.37,509.01,509.01,63147.0,509.161,355
2025-05-23 12:30:00-04:00,509.03,509.04,508.66,508.73,63177.0,508.834,389
2025-05-23 12:31:00-04:00,508.69,508.92,508.66,508.68,26482.0,508.781,150
2025-05-23 12:32:00-04:00,508.68,508.72,508.43,508.56,51767.0,508.539,353
2025-05-23 12:33:00-04:00,508.56,508.57,508.29,508.45,37270.0,508.379,245
2025-05-23 12:34:00-04:00,508.44,508.6,508.33,508.57,31645.0,508.44,222
2025-05-23 12:35:00-04:00,508.57,508.89,508.57,508.87,61776.0,508.721,393
2025-05-23 12:36:00-04:00,508.88,509.09,508.79,508.99,44689.0,508.956,291
2025-05-23 12:37:00-04:00,509.0,509.36,508.85,509.3,70051.0,509.082,504
2025-05-23 12:38:00-04:00,509.33,509.4,509.23,509.3,34792.0,509.329,256
2025-05-23 12:39:00-04:00,509.3,509.46,509.21,509.34,41561.0,509.353,209
2025-05-23 12:40:00-04:00,509.37,509.5,509.15,509.16,59891.0,509.379,362
2025-05-23 12:41:00-04:00,509.18,509.25,509.03,509.17,34972.0,509.127,204
2025-05-23 12:42:00-04:00,509.24,509.47,509.15,509.33,41935.0,509.295,246
2025-05-23 12:43:00-04:00,509.35,509.36,509.24,509.28,7865.0,509.303,60
2025-05-23 12:44:00-04:00,509.31,509.36,509.21,509.3,21362.0,509.282,156
2025-05-23 12:45:00-04:00,509.33,509.57,509.28,509.5,87449.0,509.525,507
2025-05-23 12:46:00-04:00,509.52,509.63,509.47,509.58,58559.0,509.566,327
2025-05-23 12:47:00-04:00,509.63,509.68,509.55,509.61,27349.0,509.599,151
2025-05-23 12:48:00-04:00,509.6,509.69,509.31,509.57,99263.0,509.523,547
2025-05-23 12:49:00-04:00,509.6,509.76,509.6,509.7,71851.0,509.66,418
2025-05-23 12:50:00-04:00,509.7,509.93,509.68,509.69,90508.0,509.843,530
2025-05-23 12:51:00-04:00,509.69,509.77,509.52,509.75,49931.0,509.615,332
2025-05-23 12:52:00-04:00,509.75,509.77,509.58,509.62,125289.0,509.654,196
2025-05-23 12:53:00-04:00,509.62,509.71,509.55,509.65,81661.0,509.643,408
2025-05-23 12:54:00-04:00,509.66,509.9,509.66,509.86,31362.0,509.774,218
2025-05-23 12:55:00-04:00,509.86,509.96,509.72,509.74,55064.0,509.871,343
2025-05-23 12:56:00-04:00,509.77,509.78,509.26,509.28,128652.0,509.457,805
2025-05-23 12:57:00-04:00,509.31,509.6,509.3,509.46,124546.0,509.537,268
2025-05-23 12:58:00-04:00,509.48,509.57,509.38,509.45,23670.0,509.45,169
2025-05-23 12:59:00-04:00,509.45,509.5,509.24,509.43,81413.0,509.388,409
2025-05-23 13:00:00-04:00,509.43,509.54,509.21,509.5,85447.0,509.406,512
2025-05-23 13:01:00-04:00,509.52,509.59,509.16,509.24,68268.0,509.406,447
2025-05-23 13:02:00-04:00,509.22,509.62,509.17,509.58,70215.0,509.415,470
2025-05-23 13:03:00-04:00,509.59,509.74,509.47,509.69,42082.0,509.658,286
2025-05-23 13:04:00-04:00,509.68,509.97,509.68,509.91,69105.0,509.861,344
2025-05-23 13:05:00-04:00,509.89,510.18,509.81,510.17,146078.0,510.009,752
2025-05-23 13:06:00-04:00,510.14,510.4,510.1,510.3,137321.0,510.255,709
2025-05-23 13:07:00-04:00,510.33,510.35,510.01,510.1,68092.0,510.192,374
2025-05-23 13:08:00-04:00,510.08,510.34,510.08,510.31,30329.0,510.259,222
2025-05-23 13:09:00-04:00,510.3,510.45,510.29,510.42,39389.0,510.384,248
2025-05-23 13:10:00-04:00,510.41,510.46,510.29,510.37,41208.0,510.382,294
2025-05-23 13:11:00-04:00,510.36,510.55,510.24,510.53,121401.0,510.343,666
2025-05-23 13:12:00-04:00,510.54,510.7,510.54,510.56,66833.0,510.633,419
2025-05-23 13:13:00-04:00,510.54,510.79,510.03,510.46,195774.0,510.352,1466
2025-05-23 13:14:00-04:00,510.45,510.47,510.24,510.47,47508.0,510.326,297
2025-05-23 13:15:00-04:00,510.46,510.59,510.39,510.56,68025.0,510.504,416
2025-05-23 13:16:00-04:00,510.56,510.74,510.47,510.67,77017.0,510.63,412
2025-05-23 13:17:00-04:00,510.69,511.09,510.69,511.06,103830.0,510.951,641
2025-05-23 13:18:00-04:00,511.05,511.36,511.03,511.09,118497.0,511.215,655
2025-05-23 13:19:00-04:00,511.13,511.24,511.11,511.18,81159.0,511.193,477
2025-05-23 13:20:00-04:00,511.17,511.22,510.94,510.99,77628.0,511.081,525
2025-05-23 13:21:00-04:00,511.0,511.19,510.99,511.09,43129.0,511.083,292
2025-05-23 13:22:00-04:00,511.1,511.35,511.08,511.26,112068.0,511.251,579
2025-05-23 13:23:00-04:00,511.27,511.34,511.03,511.03,62606.0,511.173,405
2025-05-23 13:24:00-04:00,511.03,511.39,510.98,511.19,43975.0,511.23,312
2025-05-23 13:25:00-04:00,511.17,511.31,511.08,511.14,42863.0,511.187,292
2025-05-23 13:26:00-04:00,511.15,511.27,511.0,511.04,102808.0,511.091,530
2025-05-23 13:27:00-04:00,511.07,511.3,511.01,511.25,38426.0,511.147,289
2025-05-23 13:28:00-04:00,511.24,511.4,511.18,511.38,47284.0,511.305,267
2025-05-23 13:29:00-04:00,511.4,511.59,511.35,511.51,62227.0,511.474,390
2025-05-23 13:30:00-04:00,511.52,511.52,511.13,511.25,72249.0,511.312,374
2025-05-23 13:31:00-04:00,511.25,511.28,511.12,511.14,48222.0,511.19,305
2025-05-23 13:32:00-04:00,511.14,511.24,511.03,511.16,48636.0,511.12,277
2025-05-23 13:33:00-04:00,511.16,511.17,510.83,510.91,97036.0,510.967,584
2025-05-23 13:34:00-04:00,510.89,510.94,510.62,510.77,88735.0,510.774,474
2025-05-23 13:35:00-04:00,510.78,510.94,510.63,510.84,37731.0,510.792,229
2025-05-23 13:36:00-04:00,510.83,511.08,510.78,510.97,41559.0,510.948,206
2025-05-23 13:37:00-04:00,511.0,511.12,510.88,511.11,26589.0,510.992,175
2025-05-23 13:38:00-04:00,511.12,511.21,511.03,511.09,34315.0,511.105,180
2025-05-23 13:39:00-04:00,511.12,511.12,510.8,510.88,26734.0,510.927,199
2025-05-23 13:40:00-04:00,510.88,510.88,510.46,510.49,61103.0,510.655,422
2025-05-23 13:41:00-04:00,510.49,510.73,510.47,510.57,75359.0,510.578,449
2025-05-23 13:42:00-04:00,510.54,510.54,510.29,510.53,80111.0,510.435,465
2025-05-23 13:43:00-04:00,510.54,510.63,510.28,510.33,29811.0,510.454,213
2025-05-23 13:44:00-04:00,510.36,510.65,510.28,510.61,43322.0,510.46,327
2025-05-23 13:45:00-04:00,510.61,510.71,510.4,510.7,38581.0,510.536,222
2025-05-23 13:46:00-04:00,510.69,510.79,510.62,510.7,55344.0,510.715,352
2025-05-23 13:47:00-04:00,510.71,510.87,510.59,510.85,79965.0,510.788,300
2025-05-23 13:48:00-04:00,510.85,510.9,510.71,510.77,42159.0,510.789,346
2025-05-23 13:49:00-04:00,510.78,510.89,510.73,510.86,25925.0,510.789,192
2025-05-23 13:50:00-04:00,510.84,511.14,510.83,511.06,82413.0,511.009,467
2025-05-23 13:51:00-04:00,511.06,511.37,511.06,511.24,99857.0,511.245,614
2025-05-23 13:52:00-04:00,511.24,511.59,511.24,511.35,78094.0,511.41,461
2025-05-23 13:53:00-04:00,511.32,511.51,511.22,511.27,44522.0,511.355,297
2025-05-23 13:54:00-04:00,511.24,511.4,511.11,511.38,48841.0,511.215,345
2025-05-23 13:55:00-04:00,511.36,511.45,511.23,511.3,44985.0,511.361,263
2025-05-23 13:56:00-04:00,511.3,511.3,510.87,510.9,53684.0,511.058,352
2025-05-23 13:57:00-04:00,510.9,510.96,510.67,510.96,47878.0,510.791,333
2025-05-23 13:58:00-04:00,510.97,511.29,510.95,511.15,32199.0,511.137,213
2025-05-23 13:59:00-04:00,511.15,511.21,511.06,511.14,29210.0,511.12,168
2025-05-23 14:00:00-04:00,511.12,511.21,510.94,511.11,85214.0,511.097,474
2025-05-23 14:01:00-04:00,511.14,511.52,511.09,511.48,93033.0,511.252,503
2025-05-23 14:02:00-04:00,511.5,511.71,511.2,511.34,94329.0,511.428,558
2025-05-23 14:03:00-04:00,511.32,511.42,511.21,511.26,34528.0,511.301,232
2025-05-23 14:04:00-04:00,511.28,511.37,511.19,511.33,48408.0,511.251,343
2025-05-23 14:05:00-04:00,511.32,511.71,511.29,511.64,82510.0,511.509,468
2025-05-23 14:06:00-04:00,511.63,511.82,511.46,511.5,95737.0,511.664,565
2025-05-23 14:07:00-04:00,511.46,511.61,511.39,511.52,89169.0,511.482,480
2025-05-23 14:08:00-04:00,511.52,511.75,511.48,511.72,41923.0,511.626,244
2025-05-23 14:09:00-04:00,511.72,511.77,511.57,511.63,39005.0,511.678,257
2025-05-23 14:10:00-04:00,511.63,511.64,511.34,511.51,53596.0,511.458,365
2025-05-23 14:11:00-04:00,511.48,511.48,511.25,511.44,43945.0,511.361,290
2025-05-23 14:12:00-04:00,511.43,511.45,511.18,511.41,56200.0,511.299,279
2025-05-23 14:13:00-04:00,511.41,511.54,511.34,511.45,29630.0,511.419,181
2025-05-23 14:14:00-04:00,511.45,511.55,511.34,511.55,36767.0,511.453,207
2025-05-23 14:15:00-04:00,511.54,511.66,511.52,511.61,32060.0,511.592,220
2025-05-23 14:16:00-04:00,511.6,511.8,511.58,511.77,64550.0,511.69,330
2025-05-23 14:17:00-04:00,511.77,511.84,511.15,511.17,115673.0,511.494,810
2025-05-23 14:18:00-04:00,511.18,511.33,511.13,511.32,73480.0,511.244,528
2025-05-23 14:19:00-04:00,511.31,511.32,510.72,510.86,237234.0,510.987,1569
2025-05-23 14:20:00-04:00,510.84,510.9,510.27,510.58,297447.0,510.629,1960
2025-05-23 14:21:00-04:00,510.58,510.83,510.15,510.32,129711.0,510.467,872
2025-05-23 14:22:00-04:00,510.31,510.43,510.04,510.19,118428.0,510.22,791
2025-05-23 14:23:00-04:00,510.17,510.57,509.98,510.42,84998.0,510.207,572
2025-05-23 14:24:00-04:00,510.42,510.93,510.32,510.91,41548.0,510.616,302
2025-05-23 14:25:00-04:00,510.94,511.02,510.63,510.7,78749.0,510.842,507
2025-05-23 14:26:00-04:00,510.68,511.27,510.68,510.89,51844.0,511.055,382
2025-05-23 14:27:00-04:00,510.92,511.02,510.76,510.97,37870.0,510.889,262
2025-05-23 14:28:00-04:00,511.03,511.16,510.4,510.53,46021.0,510.756,339
2025-05-23 14:29:00-04:00,510.54,510.76,510.52,510.76,141453.0,510.695,410
2025-05-23 14:30:00-04:00,510.72,511.18,510.66,511.11,44726.0,510.951,352
2025-05-23 14:31:00-04:00,511.09,511.13,510.84,510.95,20033.0,510.997,164
2025-05-23 14:32:00-04:00,510.97,511.07,510.78,510.97,29314.0,510.922,207
2025-05-23 14:33:00-04:00,510.95,511.08,510.79,511.08,24458.0,510.925,165
2025-05-23 14:34:00-04:00,511.09,511.11,510.93,511.0,17084.0,511.037,123
2025-05-23 14:35:00-04:00,511.05,511.38,511.01,511.37,43706.0,511.253,306
2025-05-23 14:36:00-04:00,511.38,511.46,511.27,511.37,61026.0,511.374,334
2025-05-23 14:37:00-04:00,511.36,511.37,511.09,511.27,40184.0,511.198,280
2025-05-23 14:38:00-04:00,511.25,511.38,511.13,511.21,42338.0,511.252,308
2025-05-23 14:39:00-04:00,511.24,511.26,510.94,511.0,40889.0,511.04,264
2025-05-23 14:40:00-04:00,510.97,511.2,510.84,510.96,55133.0,511.033,292
2025-05-23 14:41:00-04:00,511.01,511.19,510.91,511.04,45855.0,511.035,230
2025-05-23 14:42:00-04:00,511.01,511.19,511.0,511.16,20509.0,511.109,147
2025-05-23 14:43:00-04:00,511.16,511.17,510.94,510.98,46833.0,511.019,235
2025-05-23 14:44:00-04:00,510.97,511.0,510.77,510.93,42813.0,510.89,300
2025-05-23 14:45:00-04:00,510.93,511.03,510.77,510.85,40263.0,510.901,272
2025-05-23 14:46:00-04:00,510.79,510.82,510.51,510.52,47350.0,510.632,265
2025-05-23 14:47:00-04:00,510.52,510.57,510.28,510.46,65219.0,510.424,370
2025-05-23 14:48:00-04:00,510.47,510.78,510.44,510.77,58728.0,510.572,340
2025-05-23 14:49:00-04:00,510.8,511.0,510.68,510.94,39065.0,510.827,222
2025-05-23 14:50:00-04:00,510.93,511.1,510.75,510.79,42232.0,510.91,257
2025-05-23 14:51:00-04:00,510.77,511.06,510.74,511.02,49686.0,510.895,232
2025-05-23 14:52:00-04:00,511.05,511.2,510.92,510.93,42708.0,511.044,269
2025-05-23 14:53:00-04:00,510.91,511.05,510.88,510.99,36472.0,510.981,230
2025-05-23 14:54:00-04:00,510.98,511.04,510.92,511.0,21093.0,510.981,154
2025-05-23 14:55:00-04:00,511.0,511.12,510.87,511.1,24790.0,511.021,179
2025-05-23 14:56:00-04:00,511.14,511.14,510.86,510.9,40256.0,511.022,243
2025-05-23 14:57:00-04:00,510.89,510.95,510.76,510.83,37324.0,510.832,258
2025-05-23 14:58:00-04:00,510.82,510.82,510.62,510.69,26916.0,510.72,193
2025-05-23 14:59:00-04:00,510.69,510.8,510.57,510.75,36671.0,510.697,243
2025-05-23 15:00:00-04:00,510.76,510.77,510.54,510.65,36107.0,510.657,281
2025-05-23 15:01:00-04:00,510.66,510.67,510.28,510.29,58761.0,510.444,369
2025-05-23 15:02:00-04:00,510.3,510.4,510.06,510.18,113197.0,510.256,623
2025-05-23 15:03:00-04:00,510.18,510.4,510.17,510.3,62245.0,510.282,425
2025-05-23 15:04:00-04:00,510.31,510.41,510.07,510.17,69970.0,510.189,466
2025-05-23 15:05:00-04:00,510.14,510.26,510.06,510.2,414566.0,510.25,397
2025-05-23 15:06:00-04:00,510.16,510.48,510.13,510.44,50621.0,510.34,309
2025-05-23 15:07:00-04:00,510.45,510.93,510.44,510.92,82054.0,510.7,523
2025-05-23 15:08:00-04:00,510.93,511.09,510.85,510.87,48417.0,510.967,326
2025-05-23 15:09:00-04:00,510.89,511.02,510.88,510.97,29719.0,510.953,179
2025-05-23 15:10:00-04:00,510.98,511.16,510.9,511.01,33594.0,510.994,246
2025-05-23 15:11:00-04:00,510.99,511.43,510.97,511.32,87956.0,511.286,561
2025-05-23 15:12:00-04:00,511.31,511.5,511.18,511.34,98618.0,511.335,659
2025-05-23 15:13:00-04:00,511.34,511.41,511.3,511.32,50902.0,511.353,341
2025-05-23 15:14:00-04:00,511.32,511.41,511.2,511.24,61730.0,511.291,383
2025-05-23 15:15:00-04:00,511.22,511.23,510.83,510.9,52630.0,511.069,408
2025-05-23 15:16:00-04:00,510.92,510.92,510.63,510.83,56541.0,510.75,416
2025-05-23 15:17:00-04:00,510.82,511.02,510.77,510.95,48467.0,510.935,343
2025-05-23 15:18:00-04:00,510.96,510.96,510.67,510.69,61289.0,510.804,429
2025-05-23 15:19:00-04:00,510.69,510.69,510.47,510.52,44975.0,510.556,343
2025-05-23 15:20:00-04:00,510.52,510.55,510.3,510.48,64981.0,510.421,469
2025-05-23 15:21:00-04:00,510.47,510.57,510.25,510.26,59376.0,510.39,374
2025-05-23 15:22:00-04:00,510.25,510.26,509.89,510.0,98605.0,510.069,636
2025-05-23 15:23:00-04:00,509.95,510.07,509.81,509.87,82540.0,509.954,522
2025-05-23 15:24:00-04:00,509.87,510.24,509.69,510.19,108666.0,509.924,700
2025-05-23 15:25:00-04:00,510.17,510.24,509.96,510.1,61683.0,510.097,428
2025-05-23 15:26:00-04:00,510.11,510.15,509.79,509.79,50945.0,509.985,345
2025-05-23 15:27:00-04:00,509.8,509.98,509.53,509.92,88622.0,509.731,534
2025-05-23 15:28:00-04:00,509.89,510.14,509.89,510.05,100973.0,509.998,636
2025-05-23 15:29:00-04:00,510.05,510.19,509.98,510.18,54284.0,510.116,353
2025-05-23 15:30:00-04:00,510.15,510.44,509.96,510.24,134512.0,510.226,931
2025-05-23 15:31:00-04:00,510.25,510.41,510.06,510.26,73516.0,510.244,558
2025-05-23 15:32:00-04:00,510.29,510.3,510.1,510.2,79209.0,510.202,449
2025-05-23 15:33:00-04:00,510.19,510.31,510.05,510.31,61513.0,510.141,307
2025-05-23 15:34:00-04:00,510.31,510.66,510.25,510.63,59161.0,510.502,418
2025-05-23 15:35:00-04:00,510.64,510.68,510.37,510.4,58431.0,510.496,384
2025-05-23 15:36:00-04:00,510.4,510.54,510.35,510.49,34494.0,510.443,279
2025-05-23 15:37:00-04:00,510.5,510.56,510.32,510.55,67608.0,510.415,471
2025-05-23 15:38:00-04:00,510.55,510.85,510.51,510.83,74684.0,510.696,570
2025-05-23 15:39:00-04:00,510.83,510.92,510.74,510.91,67010.0,510.821,531
2025-05-23 15:40:00-04:00,510.89,510.89,510.61,510.72,73113.0,510.747,509
2025-05-23 15:41:00-04:00,510.74,511.11,510.73,511.1,73784.0,510.986,491
2025-05-23 15:42:00-04:00,511.11,511.11,510.85,510.88,57491.0,510.946,456
2025-05-23 15:43:00-04:00,510.88,510.94,510.58,510.61,83957.0,510.765,507
2025-05-23 15:44:00-04:00,510.6,510.87,510.54,510.83,61344.0,510.778,366
2025-05-23 15:45:00-04:00,510.82,510.91,510.46,510.47,89961.0,510.683,654
2025-05-23 15:46:00-04:00,510.46,510.52,510.26,510.29,86111.0,510.374,556
2025-05-23 15:47:00-04:00,510.26,510.53,510.22,510.35,69897.0,510.374,471
2025-05-23 15:48:00-04:00,510.36,510.39,510.07,510.16,110422.0,510.172,615
2025-05-23 15:49:00-04:00,510.16,510.2,509.96,510.08,115555.0,510.077,794
2025-05-23 15:50:00-04:00,510.08,510.48,509.68,509.7,179769.0,510.068,1358
2025-05-23 15:51:00-04:00,509.69,509.89,509.42,509.69,234735.0,509.658,1630
2025-05-23 15:52:00-04:00,509.7,509.83,509.48,509.74,151205.0,509.642,973
2025-05-23 15:53:00-04:00,509.72,509.8,509.18,509.27,162423.0,509.424,1158
2025-05-23 15:54:00-04:00,509.26,509.53,508.92,509.33,371035.0,509.186,2668
2025-05-23 15:55:00-04:00,509.29,509.32,508.82,508.99,263977.0,509.003,1640
2025-05-23 15:56:00-04:00,508.98,509.57,508.95,509.46,175917.0,509.302,1253
2025-05-23 15:57:00-04:00,509.48,509.59,509.39,509.54,223965.0,509.492,1275
2025-05-23 15:58:00-04:00,509.53,509.88,509.51,509.81,333677.0,509.726,1914
2025-05-23 15:59:00-04:00,509.8,509.8,509.05,509.29,842074.0,509.307,5480
2025-05-27 09:30:00-04:00,516.15,516.8,515.85,516.65,757108.0,516.319,3320
2025-05-27 09:31:00-04:00,516.63,516.76,515.71,515.73,404757.0,516.391,2362
2025-05-27 09:32:00-04:00,515.74,516.36,515.72,515.92,320523.0,516.128,1857
2025-05-27 09:33:00-04:00,515.95,516.18,515.87,516.09,96304.0,516.009,749
2025-05-27 09:34:00-04:00,516.08,516.17,515.31,515.59,177111.0,515.728,1172
2025-05-27 09:35:00-04:00,515.59,515.64,514.87,515.13,198270.0,515.203,1362
2025-05-27 09:36:00-04:00,515.12,515.17,514.62,514.94,201168.0,514.898,1377
2025-05-27 09:37:00-04:00,514.91,515.21,514.59,515.01,188466.0,514.984,1225
2025-05-27 09:38:00-04:00,515.01,515.33,514.91,515.29,133916.0,515.126,980
2025-05-27 09:39:00-04:00,515.29,515.44,515.09,515.41,136459.0,515.251,971
2025-05-27 09:40:00-04:00,515.4,515.86,515.22,515.71,193747.0,515.522,1326
2025-05-27 09:41:00-04:00,515.71,515.8,515.49,515.55,109525.0,515.645,818
2025-05-27 09:42:00-04:00,515.55,515.64,515.17,515.19,149755.0,515.436,1013
2025-05-27 09:43:00-04:00,515.19,515.7,515.08,515.57,108737.0,515.407,715
2025-05-27 09:44:00-04:00,515.57,515.82,515.51,515.77,92333.0,515.687,720
2025-05-27 09:45:00-04:00,515.78,516.01,515.66,515.93,182492.0,515.87,1282
2025-05-27 09:46:00-04:00,515.94,516.18,515.81,516.09,138422.0,515.992,920
2025-05-27 09:47:00-04:00,516.09,516.34,516.04,516.27,121311.0,516.224,667
2025-05-27 09:48:00-04:00,516.25,516.66,516.25,516.53,121594.0,516.536,748
2025-05-27 09:49:00-04:00,516.54,516.62,516.24,516.33,95816.0,516.443,627
2025-05-27 09:50:00-04:00,516.34,516.71,515.95,516.71,134943.0,516.299,860
2025-05-27 09:51:00-04:00,516.72,516.74,516.4,516.51,116966.0,516.544,596
2025-05-27 09:52:00-04:00,516.5,516.71,516.37,516.54,77859.0,516.535,462
2025-05-27 09:53:00-04:00,516.53,516.59,516.38,516.51,57191.0,516.484,361
2025-05-27 09:54:00-04:00,516.52,516.62,516.16,516.54,112540.0,516.384,775
2025-05-27 09:55:00-04:00,516.53,516.98,516.51,516.81,139852.0,516.795,860
2025-05-27 09:56:00-04:00,516.79,516.9,516.73,516.9,51875.0,516.821,258
2025-05-27 09:57:00-04:00,516.93,516.95,516.79,516.87,52403.0,516.882,335
2025-05-27 09:58:00-04:00,516.88,517.03,516.85,517.02,64831.0,516.965,416
2025-05-27 09:59:00-04:00,517.03,517.1,516.95,516.99,102873.0,517.047,587
2025-05-27 10:00:00-04:00,517.03,517.86,516.98,517.76,244326.0,517.52,1474
2025-05-27 10:01:00-04:00,517.77,517.94,517.63,517.8,92167.0,517.773,581
2025-05-27 10:02:00-04:00,517.81,517.96,517.75,517.95,83415.0,517.875,484
2025-05-27 10:03:00-04:00,517.95,518.08,517.82,517.98,108118.0,517.969,612
2025-05-27 10:04:00-04:00,517.99,518.19,517.9,517.98,76223.0,518.06,490
2025-05-27 10:05:00-04:00,517.98,518.19,517.94,518.01,150678.0,518.091,871
2025-05-27 10:06:00-04:00,517.98,518.15,517.91,518.06,77067.0,518.025,497
2025-05-27 10:07:00-04:00,518.09,518.15,517.9,518.07,100323.0,518.002,674
2025-05-27 10:08:00-04:00,518.05,518.25,517.95,518.22,122484.0,518.112,782
2025-05-27 10:09:00-04:00,518.23,518.41,518.17,518.37,101095.0,518.29,590
2025-05-27 10:10:00-04:00,518.36,518.44,518.25,518.38,159649.0,518.389,741
2025-05-27 10:11:00-04:00,518.37,518.48,518.32,518.4,83455.0,518.394,557
2025-05-27 10:12:00-04:00,518.41,518.73,518.24,518.64,174299.0,518.526,977
2025-05-27 10:13:00-04:00,518.65,518.79,518.54,518.68,146868.0,518.7,644
2025-05-27 10:14:00-04:00,518.7,518.76,518.36,518.39,89461.0,518.527,599
2025-05-27 10:15:00-04:00,518.39,518.52,518.3,518.4,120536.0,518.406,769
2025-05-27 10:16:00-04:00,518.4,518.51,518.3,518.49,79632.0,518.42,536
2025-05-27 10:17:00-04:00,518.52,518.86,518.48,518.78,186820.0,518.699,819
2025-05-27 10:18:00-04:00,518.8,518.96,518.8,518.92,100611.0,518.886,603
2025-05-27 10:19:00-04:00,518.93,518.98,518.84,518.95,87272.0,518.9,554
2025-05-27 10:20:00-04:00,518.94,519.01,518.76,518.96,144403.0,518.904,892
2025-05-27 10:21:00-04:00,518.95,519.0,518.74,518.83,96889.0,518.848,701
2025-05-27 10:22:00-04:00,518.83,519.01,518.83,518.91,205801.0,518.958,1040
2025-05-27 10:23:00-04:00,518.93,518.96,518.82,518.86,72148.0,518.887,473
2025-05-27 10:24:00-04:00,518.86,518.94,518.67,518.87,79342.0,518.824,565
2025-05-27 10:25:00-04:00,518.87,518.93,518.74,518.93,147203.0,518.813,738
2025-05-27 10:26:00-04:00,518.93,519.16,518.85,518.94,157217.0,518.992,1010
2025-05-27 10:27:00-04:00,518.97,519.08,518.92,518.97,73052.0,519.007,512
2025-05-27 10:28:00-04:00,519.0,519.17,518.97,519.07,100458.0,519.098,574
2025-05-27 10:29:00-04:00,519.08,519.14,518.75,518.85,130686.0,518.855,739
2025-05-27 10:30:00-04:00,518.86,519.09,518.81,519.07,56221.0,518.937,427
2025-05-27 10:31:00-04:00,519.08,519.14,518.92,519.12,56860.0,519.059,396
2025-05-27 10:32:00-04:00,519.13,519.22,519.08,519.12,100241.0,519.146,614
2025-05-27 10:33:00-04:00,519.12,519.14,518.93,518.99,55221.0,519.029,388
2025-05-27 10:34:00-04:00,518.98,519.19,518.87,519.05,55752.0,519.012,401
2025-05-27 10:35:00-04:00,519.02,519.11,518.94,518.99,45125.0,519.009,345
2025-05-27 10:36:00-04:00,519.0,519.03,518.61,518.67,112453.0,518.799,672
2025-05-27 10:37:00-04:00,518.64,518.81,518.56,518.8,119645.0,518.68,807
2025-05-27 10:38:00-04:00,518.81,518.94,518.71,518.77,66414.0,518.821,438
2025-05-27 10:39:00-04:00,518.75,519.07,518.74,519.06,81084.0,518.923,666
2025-05-27 10:40:00-04:00,519.06,519.18,518.88,519.16,78051.0,519.044,543
2025-05-27 10:41:00-04:00,519.17,519.18,518.78,518.89,59804.0,518.934,409
2025-05-27 10:42:00-04:00,518.92,519.09,518.88,518.92,57655.0,518.997,309
2025-05-27 10:43:00-04:00,518.93,518.95,518.78,518.87,28994.0,518.855,248
2025-05-27 10:44:00-04:00,518.88,518.96,518.8,518.88,40322.0,518.88,284
2025-05-27 10:45:00-04:00,518.89,519.07,518.79,519.04,43754.0,518.928,319
2025-05-27 10:46:00-04:00,519.06,519.11,518.91,519.01,52332.0,519.028,339
2025-05-27 10:47:00-04:00,518.99,519.07,518.94,519.02,35314.0,519.016,263
2025-05-27 10:48:00-04:00,519.02,519.31,519.02,519.27,121710.0,519.218,709
2025-05-27 10:49:00-04:00,519.28,519.29,518.91,518.92,87615.0,519.115,537
2025-05-27 10:50:00-04:00,518.92,519.07,518.88,519.03,81671.0,518.99,472
2025-05-27 10:51:00-04:00,519.03,519.03,518.82,518.98,54250.0,518.915,381
2025-05-27 10:52:00-04:00,518.99,519.19,518.9,519.13,61474.0,519.054,445
2025-05-27 10:53:00-04:00,519.13,519.2,519.07,519.11,58704.0,519.151,336
2025-05-27 10:54:00-04:00,519.11,519.12,518.89,518.92,52308.0,518.995,347
2025-05-27 10:55:00-04:00,518.9,519.0,518.76,518.82,61180.0,518.882,396
2025-05-27 10:56:00-04:00,518.85,518.87,518.67,518.69,56082.0,518.75,380
2025-05-27 10:57:00-04:00,518.67,518.82,518.61,518.63,45436.0,518.714,316
2025-05-27 10:58:00-04:00,518.63,518.63,518.35,518.52,142307.0,518.486,815
2025-05-27 10:59:00-04:00,518.53,518.63,518.4,518.5,60160.0,518.491,358
2025-05-27 11:00:00-04:00,518.49,518.75,518.44,518.66,117443.0,518.604,733
2025-05-27 11:01:00-04:00,518.66,518.82,518.65,518.73,54178.0,518.745,335
2025-05-27 11:02:00-04:00,518.77,518.87,518.74,518.84,70904.0,518.804,412
2025-05-27 11:03:00-04:00,518.84,518.84,518.73,518.81,40031.0,518.787,293
2025-05-27 11:04:00-04:00,518.81,518.85,518.75,518.81,47320.0,518.8,329
2025-05-27 11:05:00-04:00,518.82,518.82,518.53,518.69,76616.0,518.65,522
2025-05-27 11:06:00-04:00,518.71,518.81,518.61,518.76,41820.0,518.724,293
2025-05-27 11:07:00-04:00,518.79,518.88,518.7,518.84,32804.0,518.817,241
2025-05-27 11:08:00-04:00,518.85,518.93,518.73,518.82,29673.0,518.827,247
2025-05-27 11:09:00-04:00,518.83,518.93,518.76,518.8,49480.0,518.83,316
2025-05-27 11:10:00-04:00,518.79,518.9,518.73,518.89,26278.0,518.813,193
2025-05-27 11:11:00-04:00,518.89,519.07,518.85,518.94,66155.0,518.992,396
2025-05-27 11:12:00-04:00,518.96,518.97,518.73,518.96,43270.0,518.82,287
2025-05-27 11:13:00-04:00,518.97,518.97,518.81,518.93,20165.0,518.874,161
2025-05-27 11:14:00-04:00,518.93,519.04,518.85,519.03,42118.0,518.955,222
2025-05-27 11:15:00-04:00,519.04,519.1,518.95,518.95,103186.0,519.026,551
2025-05-27 11:16:00-04:00,518.96,519.06,518.92,519.01,46685.0,518.989,288
2025-05-27 11:17:00-04:00,519.0,519.04,518.93,518.99,56487.0,519.001,350
2025-05-27 11:18:00-04:00,519.0,519.11,518.92,519.1,48093.0,519.014,333
2025-05-27 11:19:00-04:00,519.1,519.21,519.09,519.13,40599.0,519.143,279
2025-05-27 11:20:00-04:00,519.14,519.15,519.06,519.09,47160.0,519.112,356
2025-05-27 11:21:00-04:00,519.1,519.19,519.04,519.05,28673.0,519.111,218
2025-05-27 11:22:00-04:00,519.03,519.11,518.77,518.89,70857.0,518.886,447
2025-05-27 11:23:00-04:00,518.86,518.98,518.78,518.9,45128.0,518.885,333
2025-05-27 11:24:00-04:00,518.92,519.28,518.92,519.26,59654.0,519.137,447
2025-05-27 11:25:00-04:00,519.27,519.37,519.19,519.25,124971.0,519.294,795
2025-05-27 11:26:00-04:00,519.25,519.37,519.2,519.35,57611.0,519.288,367
2025-05-27 11:27:00-04:00,519.35,519.37,519.25,519.34,62858.0,519.305,397
2025-05-27 11:28:00-04:00,519.33,519.58,519.3,519.54,145967.0,519.451,873
2025-05-27 11:29:00-04:00,519.56,519.57,519.31,519.34,59151.0,519.393,414
2025-05-27 11:30:00-04:00,519.32,519.39,519.08,519.19,79967.0,519.249,584
2025-05-27 11:31:00-04:00,519.2,519.39,519.16,519.31,61560.0,519.275,452
2025-05-27 11:32:00-04:00,519.32,519.42,519.27,519.35,46474.0,519.334,340
2025-05-27 11:33:00-04:00,519.34,519.44,519.28,519.33,51868.0,519.369,318
2025-05-27 11:34:00-04:00,519.33,519.41,519.24,519.34,41722.0,519.335,308
2025-05-27 11:35:00-04:00,519.3,519.34,519.18,519.25,59555.0,519.238,449
2025-05-27 11:36:00-04:00,519.24,519.37,519.15,519.36,56259.0,519.252,380
2025-05-27 11:37:00-04:00,519.36,519.41,519.25,519.31,34319.0,519.362,217
2025-05-27 11:38:00-04:00,519.3,519.3,519.15,519.18,46042.0,519.208,299
2025-05-27 11:39:00-04:00,519.19,519.22,519.09,519.17,35831.0,519.151,226
2025-05-27 11:40:00-04:00,519.16,519.18,518.82,518.94,75786.0,518.943,460
2025-05-27 11:41:00-04:00,518.94,519.0,518.86,518.96,42823.0,518.927,261
2025-05-27 11:42:00-04:00,518.97,519.19,518.96,519.14,35270.0,519.089,227
2025-05-27 11:43:00-04:00,519.16,519.35,519.11,519.23,55204.0,519.267,371
2025-05-27 11:44:00-04:00,519.25,519.29,519.16,519.2,39118.0,519.203,273
2025-05-27 11:45:00-04:00,519.21,519.32,519.21,519.21,25784.0,519.268,180
2025-05-27 11:46:00-04:00,519.21,519.27,519.11,519.27,55545.0,519.202,334
2025-05-27 11:47:00-04:00,519.27,519.32,519.23,519.24,38153.0,519.271,256
2025-05-27 11:48:00-04:00,519.25,519.45,519.25,519.41,44750.0,519.372,293
2025-05-27 11:49:00-04:00,519.43,519.45,519.34,519.39,68994.0,519.423,366
2025-05-27 11:50:00-04:00,519.39,519.49,519.29,519.48,77573.0,519.401,328
2025-05-27 11:51:00-04:00,519.47,519.64,519.42,519.54,96695.0,519.532,627
2025-05-27 11:52:00-04:00,519.55,519.55,519.38,519.44,57645.0,519.446,374
2025-05-27 11:53:00-04:00,519.46,519.59,519.42,519.54,56553.0,519.536,304
2025-05-27 11:54:00-04:00,519.55,519.69,519.49,519.62,105354.0,519.625,613
2025-05-27 11:55:00-04:00,519.62,519.71,519.49,519.6,107738.0,519.632,505
2025-05-27 11:56:00-04:00,519.61,519.61,519.34,519.44,46352.0,519.495,333
2025-05-27 11:57:00-04:00,519.43,519.46,519.32,519.45,43589.0,519.387,305
2025-05-27 11:58:00-04:00,519.44,519.48,519.36,519.46,46476.0,519.435,317
2025-05-27 11:59:00-04:00,519.44,519.59,519.44,519.56,40898.0,519.532,295
2025-05-27 12:00:00-04:00,519.57,519.8,519.47,519.7,142147.0,519.625,910
2025-05-27 12:01:00-04:00,519.71,519.73,519.54,519.69,63799.0,519.674,423
2025-05-27 12:02:00-04:00,519.7,519.89,519.6,519.62,129936.0,519.77,891
2025-05-27 12:03:00-04:00,519.61,519.81,519.61,519.73,49910.0,519.732,335
2025-05-27 12:04:00-04:00,519.74,519.85,519.71,519.8,85544.0,519.779,494
2025-05-27 12:05:00-04:00,519.81,519.81,519.62,519.71,51428.0,519.716,349
2025-05-27 12:06:00-04:00,519.71,519.87,519.7,519.73,92055.0,519.8,479
2025-05-27 12:07:00-04:00,519.71,519.82,519.67,519.79,49603.0,519.734,312
2025-05-27 12:08:00-04:00,519.78,519.99,519.77,519.9,75514.0,519.919,474
2025-05-27 12:09:00-04:00,519.91,519.93,519.74,519.77,52016.0,519.817,397
2025-05-27 12:10:00-04:00,519.77,519.91,519.72,519.85,41031.0,519.841,256
2025-05-27 12:11:00-04:00,519.85,519.95,519.8,519.93,37323.0,519.876,275
2025-05-27 12:12:00-04:00,519.92,519.94,519.84,519.94,61836.0,519.896,406
2025-05-27 12:13:00-04:00,519.94,519.97,519.82,519.87,50736.0,519.895,377
2025-05-27 12:14:00-04:00,519.88,519.91,519.84,519.9,34973.0,519.885,252
2025-05-27 12:15:00-04:00,519.91,520.02,519.88,519.95,87133.0,519.963,530
2025-05-27 12:16:00-04:00,519.93,519.99,519.83,519.99,32758.0,519.904,227
2025-05-27 12:17:00-04:00,519.99,520.01,519.88,519.96,58323.0,519.942,365
2025-05-27 12:18:00-04:00,519.96,520.01,519.89,519.93,36350.0,519.954,239
2025-05-27 12:19:00-04:00,519.92,519.94,519.83,519.86,29282.0,519.873,177
2025-05-27 12:20:00-04:00,519.86,520.03,519.85,519.98,36751.0,519.945,267
2025-05-27 12:21:00-04:00,519.97,520.1,519.97,519.99,48008.0,520.038,238
2025-05-27 12:22:00-04:00,519.99,520.12,519.99,520.06,52860.0,520.063,298
2025-05-27 12:23:00-04:00,520.06,520.15,520.06,520.12,50899.0,520.127,317
2025-05-27 12:24:00-04:00,520.13,520.14,520.0,520.14,58170.0,520.062,367
2025-05-27 12:25:00-04:00,520.14,520.15,520.02,520.09,61026.0,520.083,405
2025-05-27 12:26:00-04:00,520.09,520.11,520.03,520.06,28362.0,520.077,189
2025-05-27 12:27:00-04:00,520.06,520.09,520.0,520.05,24819.0,520.046,165
2025-05-27 12:28:00-04:00,520.06,520.1,519.81,519.86,87370.0,519.948,511
2025-05-27 12:29:00-04:00,519.85,519.98,519.82,519.83,70515.0,519.883,296
2025-05-27 12:30:00-04:00,519.84,519.99,519.81,519.96,46231.0,519.901,289
2025-05-27 12:31:00-04:00,519.97,520.02,519.92,520.0,60943.0,519.971,281
2025-05-27 12:32:00-04:00,519.99,520.04,519.96,520.01,24893.0,520.005,176
2025-05-27 12:33:00-04:00,520.02,520.08,519.97,520.06,60498.0,520.04,393
2025-05-27 12:34:00-04:00,520.05,520.05,519.85,519.92,76209.0,519.92,505
2025-05-27 12:35:00-04:00,519.93,520.07,519.88,520.03,65376.0,519.959,416
2025-05-27 12:36:00-04:00,520.02,520.27,520.02,520.18,121333.0,520.166,632
2025-05-27 12:37:00-04:00,520.2,520.24,520.15,520.19,84596.0,520.214,186
2025-05-27 12:38:00-04:00,520.17,520.44,520.11,520.34,100913.0,520.231,602
2025-05-27 12:39:00-04:00,520.34,520.84,520.21,520.76,334495.0,520.593,1861
2025-05-27 12:40:00-04:00,520.79,520.9,520.71,520.84,131113.0,520.804,775
2025-05-27 12:41:00-04:00,520.83,520.92,520.67,520.81,84588.0,520.811,571
2025-05-27 12:42:00-04:00,520.81,520.99,520.76,520.77,82016.0,520.884,522
2025-05-27 12:43:00-04:00,520.75,520.75,520.59,520.61,70009.0,520.651,424
2025-05-27 12:44:00-04:00,520.6,520.74,520.58,520.65,53727.0,520.668,350
2025-05-27 12:45:00-04:00,520.66,520.76,520.52,520.58,64177.0,520.649,452
2025-05-27 12:46:00-04:00,520.56,520.66,520.51,520.59,65288.0,520.583,472
2025-05-27 12:47:00-04:00,520.6,520.61,520.44,520.53,46505.0,520.53,324
2025-05-27 12:48:00-04:00,520.54,520.59,520.43,520.47,66483.0,520.514,388
2025-05-27 12:49:00-04:00,520.46,520.51,520.34,520.47,84502.0,520.429,494
2025-05-27 12:50:00-04:00,520.49,520.54,520.42,520.51,71186.0,520.47,485
2025-05-27 12:51:00-04:00,520.51,520.51,520.41,520.46,41758.0,520.461,330
2025-05-27 12:52:00-04:00,520.46,520.64,520.44,520.61,56018.0,520.584,352
2025-05-27 12:53:00-04:00,520.63,520.64,520.52,520.57,62338.0,520.574,321
2025-05-27 12:54:00-04:00,520.59,520.59,520.47,520.54,30848.0,520.543,186
2025-05-27 12:55:00-04:00,520.52,520.57,520.4,520.45,36719.0,520.472,225
2025-05-27 12:56:00-04:00,520.46,520.49,520.36,520.37,29361.0,520.417,229
2025-05-27 12:57:00-04:00,520.38,520.41,520.32,520.38,33564.0,520.364,249
2025-05-27 12:58:00-04:00,520.38,520.56,520.29,520.52,53956.0,520.415,388
2025-05-27 12:59:00-04:00,520.54,520.54,520.29,520.31,47143.0,520.385,315
2025-05-27 13:00:00-04:00,520.31,520.43,520.31,520.41,70086.0,520.376,389
2025-05-27 13:01:00-04:00,520.42,520.67,520.4,520.62,79965.0,520.533,359
2025-05-27 13:02:00-04:00,520.59,520.75,520.56,520.67,122983.0,520.657,611
2025-05-27 13:03:00-04:00,520.68,520.74,520.56,520.71,26817.0,520.655,195
2025-05-27 13:04:00-04:00,520.73,520.75,520.62,520.67,57722.0,520.705,258
2025-05-27 13:05:00-04:00,520.69,520.69,520.61,520.61,28208.0,520.651,194
2025-05-27 13:06:00-04:00,520.62,520.75,520.62,520.69,40774.0,520.709,268
2025-05-27 13:07:00-04:00,520.7,520.76,520.67,520.69,69451.0,520.736,366
2025-05-27 13:08:00-04:00,520.69,520.8,520.67,520.71,25774.0,520.734,112
2025-05-27 13:09:00-04:00,520.71,520.71,520.57,520.63,27799.0,520.646,181
2025-05-27 13:10:00-04:00,520.64,520.7,520.53,520.56,40571.0,520.626,301
2025-05-27 13:11:00-04:00,520.58,520.61,520.48,520.49,34083.0,520.542,246
2025-05-27 13:12:00-04:00,520.5,520.57,520.49,520.54,55271.0,520.533,345
2025-05-27 13:13:00-04:00,520.53,520.73,520.52,520.7,35189.0,520.602,277
2025-05-27 13:14:00-04:00,520.71,520.81,520.66,520.69,29940.0,520.738,185
2025-05-27 13:15:00-04:00,520.71,520.79,520.65,520.77,48665.0,520.731,269
2025-05-27 13:16:00-04:00,520.76,520.86,520.69,520.78,69755.0,520.795,362
2025-05-27 13:17:00-04:00,520.79,520.86,520.78,520.84,26638.0,520.825,173
2025-05-27 13:18:00-04:00,520.82,520.83,520.73,520.78,26094.0,520.768,174
2025-05-27 13:19:00-04:00,520.77,521.08,520.77,521.0,79646.0,520.98,478
2025-05-27 13:20:00-04:00,521.01,521.19,520.99,521.15,78514.0,521.084,352
2025-05-27 13:21:00-04:00,521.14,521.16,521.03,521.12,86607.0,521.1,479
2025-05-27 13:22:00-04:00,521.11,521.16,521.06,521.09,49731.0,521.11,289
2025-05-27 13:23:00-04:00,521.1,521.1,520.9,520.92,74621.0,520.972,422
2025-05-27 13:24:00-04:00,520.91,521.06,520.89,521.05,23818.0,520.992,137
2025-05-27 13:25:00-04:00,521.05,521.08,520.98,521.03,25939.0,521.032,178
2025-05-27 13:26:00-04:00,521.02,521.02,520.76,520.8,55389.0,520.882,290
2025-05-27 13:27:00-04:00,520.8,520.91,520.77,520.77,24182.0,520.842,152
2025-05-27 13:28:00-04:00,520.78,520.97,520.78,520.97,60354.0,520.83,364
2025-05-27 13:29:00-04:00,520.96,520.99,520.86,520.88,34558.0,520.929,246
2025-05-27 13:30:00-04:00,520.9,520.91,520.77,520.8,60459.0,520.842,424
2025-05-27 13:31:00-04:00,520.79,520.82,520.69,520.71,50075.0,520.739,390
2025-05-27 13:32:00-04:00,520.71,520.77,520.66,520.73,67529.0,520.702,419
2025-05-27 13:33:00-04:00,520.71,520.76,520.65,520.73,29019.0,520.708,222
2025-05-27 13:34:00-04:00,520.74,520.88,520.68,520.76,61785.0,520.79,368
2025-05-27 13:35:00-04:00,520.76,520.91,520.76,520.79,82500.0,520.81,454
2025-05-27 13:36:00-04:00,520.78,520.87,520.73,520.78,36059.0,520.799,259
2025-05-27 13:37:00-04:00,520.78,520.8,520.66,520.77,56577.0,520.722,326
2025-05-27 13:38:00-04:00,520.76,520.84,520.74,520.75,46875.0,520.788,285
2025-05-27 13:39:00-04:00,520.75,520.83,520.72,520.79,32503.0,520.772,245
2025-05-27 13:40:00-04:00,520.76,520.94,520.69,520.94,52916.0,520.831,332
2025-05-27 13:41:00-04:00,520.93,521.02,520.89,520.91,67330.0,520.974,439
2025-05-27 13:42:00-04:00,520.92,521.02,520.91,520.98,26401.0,520.982,186
2025-05-27 13:43:00-04:00,520.96,521.06,520.93,520.97,36825.0,520.997,246
2025-05-27 13:44:00-04:00,520.99,521.07,520.98,521.0,75374.0,521.04,419
2025-05-27 13:45:00-04:00,521.0,521.15,520.99,521.08,75863.0,521.063,511
2025-05-27 13:46:00-04:00,521.08,521.12,520.89,521.01,42795.0,521.005,326
2025-05-27 13:47:00-04:00,521.02,521.08,520.96,521.07,37798.0,521.012,256
2025-05-27 13:48:00-04:00,521.07,521.24,521.05,521.19,55478.0,521.169,343
2025-05-27 13:49:00-04:00,521.18,521.27,521.17,521.25,35902.0,521.215,255
2025-05-27 13:50:00-04:00,521.25,521.33,521.23,521.3,232004.0,521.287,1016
2025-05-27 13:51:00-04:00,521.29,521.31,521.1,521.19,65560.0,521.168,416
2025-05-27 13:52:00-04:00,521.2,521.22,521.15,521.2,32155.0,521.183,217
2025-05-27 13:53:00-04:00,521.19,521.21,521.08,521.1,39502.0,521.128,262
2025-05-27 13:54:00-04:00,521.1,521.21,521.1,521.21,43436.0,521.149,275
2025-05-27 13:55:00-04:00,521.22,521.29,521.19,521.26,54755.0,521.238,347
2025-05-27 13:56:00-04:00,521.27,521.3,521.23,521.25,33873.0,521.266,249
2025-05-27 13:57:00-04:00,521.26,521.45,521.22,521.35,69469.0,521.331,463
2025-05-27 13:58:00-04:00,521.36,521.49,521.34,521.41,91476.0,521.428,522
2025-05-27 13:59:00-04:00,521.41,521.49,521.38,521.42,70285.0,521.435,438
2025-05-27 14:00:00-04:00,521.42,521.56,521.34,521.53,134585.0,521.463,836
2025-05-27 14:01:00-04:00,521.52,521.71,521.52,521.54,95669.0,521.61,492
2025-05-27 14:02:00-04:00,521.54,521.6,521.29,521.35,137008.0,521.444,780
2025-05-27 14:03:00-04:00,521.35,521.39,521.24,521.35,83548.0,521.334,541
2025-05-27 14:04:00-04:00,521.37,521.38,521.29,521.32,42864.0,521.327,261
2025-05-27 14:05:00-04:00,521.33,521.36,521.21,521.33,51546.0,521.294,340
2025-05-27 14:06:00-04:00,521.35,521.43,521.31,521.43,30052.0,521.363,171
2025-05-27 14:07:00-04:00,521.43,521.49,521.33,521.47,47710.0,521.433,304
2025-05-27 14:08:00-04:00,521.46,521.46,521.34,521.38,44703.0,521.384,274
2025-05-27 14:09:00-04:00,521.38,521.43,521.33,521.37,43692.0,521.374,317
2025-05-27 14:10:00-04:00,521.37,521.4,521.3,521.38,46885.0,521.353,310
2025-05-27 14:11:00-04:00,521.39,521.39,521.29,521.31,64838.0,521.332,452
2025-05-27 14:12:00-04:00,521.31,521.32,521.24,521.28,66456.0,521.274,408
2025-05-27 14:13:00-04:00,521.28,521.44,521.23,521.42,67441.0,521.313,413
2025-05-27 14:14:00-04:00,521.42,521.48,521.4,521.46,76705.0,521.447,518
2025-05-27 14:15:00-04:00,521.46,521.53,521.41,521.42,71879.0,521.477,441
2025-05-27 14:16:00-04:00,521.41,521.43,521.15,521.19,112909.0,521.301,737
2025-05-27 14:17:00-04:00,521.2,521.29,521.19,521.24,73989.0,521.241,519
2025-05-27 14:18:00-04:00,521.22,521.28,521.17,521.2,37371.0,521.226,251
2025-05-27 14:19:00-04:00,521.19,521.3,521.17,521.18,38729.0,521.24,268
2025-05-27 14:20:00-04:00,521.17,521.18,521.0,521.02,90720.0,521.063,616
2025-05-27 14:21:00-04:00,521.01,521.06,520.96,521.0,99315.0,521.0,592
2025-05-27 14:22:00-04:00,521.0,521.01,520.82,520.96,115880.0,520.912,661
2025-05-27 14:23:00-04:00,520.95,521.16,520.95,521.13,86294.0,521.063,565
2025-05-27 14:24:00-04:00,521.14,521.15,521.04,521.13,75786.0,521.097,462
2025-05-27 14:25:00-04:00,521.13,521.25,521.07,521.23,46192.0,521.165,333
2025-05-27 14:26:00-04:00,521.24,521.27,521.14,521.18,41657.0,521.201,318
2025-05-27 14:27:00-04:00,521.19,521.25,521.09,521.17,51929.0,521.17,284
2025-05-27 14:28:00-04:00,521.18,521.2,521.03,521.05,43382.0,521.092,309
2025-05-27 14:29:00-04:00,521.04,521.1,520.98,521.04,56415.0,521.061,335
2025-05-27 14:30:00-04:00,521.06,521.2,521.02,521.15,70433.0,521.078,468
2025-05-27 14:31:00-04:00,521.15,521.17,521.03,521.07,24276.0,521.109,190
2025-05-27 14:32:00-04:00,521.05,521.07,520.96,521.0,37351.0,521.012,218
2025-05-27 14:33:00-04:00,521.02,521.09,521.0,521.01,27736.0,521.052,213
2025-05-27 14:34:00-04:00,521.0,521.07,520.94,521.03,49363.0,521.0,381
2025-05-27 14:35:00-04:00,521.04,521.13,520.99,521.08,42507.0,521.069,286
2025-05-27 14:36:00-04:00,521.08,521.1,520.9,520.91,53480.0,520.984,339
2025-05-27 14:37:00-04:00,520.95,521.05,520.9,520.9,28424.0,520.97,213
2025-05-27 14:38:00-04:00,520.93,521.02,520.93,520.98,22755.0,520.99,153
2025-05-27 14:39:00-04:00,520.99,521.07,520.95,521.0,33960.0,521.025,232
2025-05-27 14:40:00-04:00,521.0,521.01,520.83,520.87,64247.0,520.876,379
2025-05-27 14:41:00-04:00,520.86,520.87,520.71,520.8,109620.0,520.811,632
2025-05-27 14:42:00-04:00,520.8,520.81,520.69,520.72,52400.0,520.745,362
2025-05-27 14:43:00-04:00,520.73,520.76,520.67,520.69,47708.0,520.715,352
2025-05-27 14:44:00-04:00,520.67,520.77,520.63,520.77,73062.0,520.679,468
2025-05-27 14:45:00-04:00,520.76,520.84,520.74,520.79,54172.0,520.788,396
2025-05-27 14:46:00-04:00,520.79,520.98,520.77,520.98,41733.0,520.86,292
2025-05-27 14:47:00-04:00,520.98,520.98,520.86,520.9,46588.0,520.913,270
2025-05-27 14:48:00-04:00,520.89,520.96,520.85,520.89,35353.0,520.917,240
2025-05-27 14:49:00-04:00,520.89,520.92,520.82,520.91,29005.0,520.874,204
2025-05-27 14:50:00-04:00,520.9,521.0,520.85,520.96,46424.0,520.935,333
2025-05-27 14:51:00-04:00,520.95,520.99,520.81,520.86,36038.0,520.896,210
2025-05-27 14:52:00-04:00,520.86,520.89,520.72,520.79,43846.0,520.801,329
2025-05-27 14:53:00-04:00,520.79,520.85,520.75,520.82,43752.0,520.81,275
2025-05-27 14:54:00-04:00,520.82,520.84,520.77,520.8,22237.0,520.825,148
2025-05-27 14:55:00-04:00,520.8,520.87,520.73,520.74,37979.0,520.794,255
2025-05-27 14:56:00-04:00,520.73,520.75,520.59,520.68,78281.0,520.657,558
2025-05-27 14:57:00-04:00,520.67,520.78,520.65,520.7,54347.0,520.715,431
2025-05-27 14:58:00-04:00,520.7,520.73,520.63,520.67,56649.0,520.677,372
2025-05-27 14:59:00-04:00,520.66,520.69,520.55,520.59,50736.0,520.618,354
2025-05-27 15:00:00-04:00,520.58,520.58,520.32,520.46,103768.0,520.451,704
2025-05-27 15:01:00-04:00,520.47,520.53,520.37,520.52,88239.0,520.441,532
2025-05-27 15:02:00-04:00,520.53,520.63,520.4,520.45,57843.0,520.515,432
2025-05-27 15:03:00-04:00,520.43,520.5,520.37,520.42,198065.0,520.436,1157
2025-05-27 15:04:00-04:00,520.4,520.46,520.34,520.43,82148.0,520.405,520
2025-05-27 15:05:00-04:00,520.41,520.64,520.36,520.61,77916.0,520.527,584
2025-05-27 15:06:00-04:00,520.6,520.62,520.52,520.55,51503.0,520.565,320
2025-05-27 15:07:00-04:00,520.55,520.72,520.52,520.7,155945.0,520.602,805
2025-05-27 15:08:00-04:00,520.71,520.73,520.59,520.64,46525.0,520.667,279
2025-05-27 15:09:00-04:00,520.64,520.67,520.52,520.6,48357.0,520.597,323
2025-05-27 15:10:00-04:00,520.59,520.63,520.47,520.55,101235.0,520.547,632
2025-05-27 15:11:00-04:00,520.55,520.55,520.35,520.39,41811.0,520.434,297
2025-05-27 15:12:00-04:00,520.38,520.51,520.31,520.47,46581.0,520.396,326
2025-05-27 15:13:00-04:00,520.47,520.47,520.31,520.33,43192.0,520.374,300
2025-05-27 15:14:00-04:00,520.33,520.42,520.29,520.39,48037.0,520.357,373
2025-05-27 15:15:00-04:00,520.39,520.5,520.34,520.45,83790.0,520.406,388
2025-05-27 15:16:00-04:00,520.44,520.46,520.27,520.32,79545.0,520.36,490
2025-05-27 15:17:00-04:00,520.32,520.4,520.28,520.3,44279.0,520.327,306
2025-05-27 15:18:00-04:00,520.29,520.45,520.26,520.38,51088.0,520.375,333
2025-05-27 15:19:00-04:00,520.38,520.55,520.38,520.54,74731.0,520.455,351
2025-05-27 15:20:00-04:00,520.54,520.6,520.32,520.33,60416.0,520.437,374
2025-05-27 15:21:00-04:00,520.32,520.47,520.31,520.46,45440.0,520.413,321
2025-05-27 15:22:00-04:00,520.45,520.62,520.43,520.61,47748.0,520.523,367
2025-05-27 15:23:00-04:00,520.6,520.7,520.54,520.69,83956.0,520.62,488
2025-05-27 15:24:00-04:00,520.68,520.74,520.55,520.63,50431.0,520.653,355
2025-05-27 15:25:00-04:00,520.63,520.64,520.48,520.55,60265.0,520.571,423
2025-05-27 15:26:00-04:00,520.54,520.54,520.44,520.5,34145.0,520.491,252
2025-05-27 15:27:00-04:00,520.51,520.54,520.39,520.46,54270.0,520.476,363
2025-05-27 15:28:00-04:00,520.45,520.54,520.39,520.49,45796.0,520.483,319
2025-05-27 15:29:00-04:00,520.49,520.53,520.43,520.44,65527.0,520.476,454
2025-05-27 15:30:00-04:00,520.44,520.47,520.29,520.33,123716.0,520.384,818
2025-05-27 15:31:00-04:00,520.33,520.35,519.95,519.95,143081.0,520.121,893
2025-05-27 15:32:00-04:00,519.94,520.12,519.91,520.03,122774.0,520.033,758
2025-05-27 15:33:00-04:00,520.03,520.09,519.94,520.09,71580.0,520.022,457
2025-05-27 15:34:00-04:00,520.08,520.34,520.06,520.34,72502.0,520.185,502
2025-05-27 15:35:00-04:00,520.32,520.38,520.13,520.16,109074.0,520.278,646
2025-05-27 15:36:00-04:00,520.15,520.18,520.01,520.14,86598.0,520.081,470
2025-05-27 15:37:00-04:00,520.15,520.17,520.01,520.14,105759.0,520.099,709
2025-05-27 15:38:00-04:00,520.14,520.17,520.05,520.14,87463.0,520.104,584
2025-05-27 15:39:00-04:00,520.13,520.36,520.13,520.33,121836.0,520.236,778
2025-05-27 15:40:00-04:00,520.34,520.37,520.22,520.24,83376.0,520.3,576
2025-05-27 15:41:00-04:00,520.23,520.56,520.23,520.53,64988.0,520.437,460
2025-05-27 15:42:00-04:00,520.53,520.63,520.51,520.58,107738.0,520.588,633
2025-05-27 15:43:00-04:00,520.59,520.61,520.35,520.59,94292.0,520.483,648
2025-05-27 15:44:00-04:00,520.6,520.66,520.47,520.5,60055.0,520.564,447
2025-05-27 15:45:00-04:00,520.48,520.51,520.35,520.38,70249.0,520.435,514
2025-05-27 15:46:00-04:00,520.38,520.4,520.13,520.19,83020.0,520.261,615
2025-05-27 15:47:00-04:00,520.19,520.46,520.11,520.37,128161.0,520.287,877
2025-05-27 15:48:00-04:00,520.39,520.39,520.25,520.35,101364.0,520.322,691
2025-05-27 15:49:00-04:00,520.35,520.35,520.15,520.18,110521.0,520.237,827
2025-05-27 15:50:00-04:00,520.19,520.57,520.04,520.35,257210.0,520.274,1851
2025-05-27 15:51:00-04:00,520.36,520.52,520.12,520.24,165718.0,520.323,1207
2025-05-27 15:52:00-04:00,520.25,520.52,520.2,520.44,192542.0,520.369,1384
2025-05-27 15:53:00-04:00,520.45,520.45,520.3,520.42,246132.0,520.385,1485
2025-05-27 15:54:00-04:00,520.43,520.91,520.35,520.81,310878.0,520.666,2027
2025-05-27 15:55:00-04:00,520.81,521.18,520.69,520.95,325048.0,520.902,2043
2025-05-27 15:56:00-04:00,520.96,521.07,520.87,521.06,191812.0,520.977,1310
2025-05-27 15:57:00-04:00,521.06,521.12,520.98,521.03,292284.0,521.036,1819
2025-05-27 15:58:00-04:00,521.05,521.06,520.89,520.89,422441.0,520.957,2483
2025-05-27 15:59:00-04:00,520.89,521.28,520.74,521.2,1497371.0,520.983,6570
2025-05-28 09:30:00-04:00,522.18,522.58,522.01,522.32,355537.0,522.23,1419
2025-05-28 09:31:00-04:00,522.31,522.4,521.85,522.18,213851.0,522.108,1175
2025-05-28 09:32:00-04:00,522.17,522.5,521.95,522.48,140049.0,522.22,825
2025-05-28 09:33:00-04:00,522.47,522.49,522.22,522.35,130898.0,522.359,843
2025-05-28 09:34:00-04:00,522.39,522.71,522.38,522.69,133836.0,522.526,861
2025-05-28 09:35:00-04:00,522.7,522.81,522.37,522.51,149282.0,522.647,976
2025-05-28 09:36:00-04:00,522.49,522.8,522.45,522.78,113227.0,522.613,774
2025-05-28 09:37:00-04:00,522.78,522.9,522.55,522.79,149282.0,522.748,859
2025-05-28 09:38:00-04:00,522.8,522.91,522.6,522.86,117953.0,522.791,670
2025-05-28 09:39:00-04:00,522.86,523.49,522.86,523.45,270230.0,523.174,1431
2025-05-28 09:40:00-04:00,523.44,523.68,523.37,523.44,157096.0,523.509,1037
2025-05-28 09:41:00-04:00,523.43,523.48,523.08,523.3,135258.0,523.273,738
2025-05-28 09:42:00-04:00,523.28,523.45,523.22,523.36,128286.0,523.356,776
2025-05-28 09:43:00-04:00,523.35,523.41,523.2,523.32,60615.0,523.282,336
2025-05-28 09:44:00-04:00,523.3,523.31,523.02,523.11,103894.0,523.149,638
2025-05-28 09:45:00-04:00,523.12,523.17,522.55,522.62,188508.0,522.904,977
2025-05-28 09:46:00-04:00,522.62,522.79,522.41,522.69,123156.0,522.614,609
2025-05-28 09:47:00-04:00,522.64,522.67,522.11,522.21,88286.0,522.435,548
2025-05-28 09:48:00-04:00,522.2,522.23,521.77,521.88,130355.0,521.964,722
2025-05-28 09:49:00-04:00,521.86,522.05,521.58,521.67,140457.0,521.836,857
2025-05-28 09:50:00-04:00,521.67,521.76,521.3,521.46,99146.0,521.561,614
2025-05-28 09:51:00-04:00,521.46,521.87,521.38,521.83,100098.0,521.684,611
2025-05-28 09:52:00-04:00,521.83,522.18,521.82,522.07,98305.0,522.035,652
2025-05-28 09:53:00-04:00,522.07,522.21,521.83,521.86,61819.0,522.003,421
2025-05-28 09:54:00-04:00,521.88,521.89,521.66,521.86,38111.0,521.776,249
2025-05-28 09:55:00-04:00,521.86,521.9,521.68,521.69,45054.0,521.811,291
2025-05-28 09:56:00-04:00,521.69,521.76,521.51,521.63,64712.0,521.655,400
2025-05-28 09:57:00-04:00,521.66,521.68,520.91,521.17,129945.0,521.238,809
2025-05-28 09:58:00-04:00,521.15,521.55,521.14,521.52,95127.0,521.443,597
2025-05-28 09:59:00-04:00,521.54,521.55,521.23,521.27,82929.0,521.421,489
2025-05-28 10:00:00-04:00,521.28,521.73,521.18,521.73,147211.0,521.476,972
2025-05-28 10:01:00-04:00,521.75,521.76,521.41,521.62,44448.0,521.534,316
2025-05-28 10:02:00-04:00,521.61,521.66,521.27,521.35,74609.0,521.461,494
2025-05-28 10:03:00-04:00,521.35,521.64,521.22,521.63,44576.0,521.403,309
2025-05-28 10:04:00-04:00,521.66,521.69,521.51,521.55,61391.0,521.582,397
2025-05-28 10:05:00-04:00,521.53,521.65,521.37,521.61,65610.0,521.508,425
2025-05-28 10:06:00-04:00,521.6,521.66,521.21,521.43,51829.0,521.397,403
2025-05-28 10:07:00-04:00,521.41,521.46,521.16,521.44,58692.0,521.323,477
2025-05-28 10:08:00-04:00,521.44,521.7,521.44,521.58,71672.0,521.585,437
2025-05-28 10:09:00-04:00,521.61,521.68,521.26,521.29,43477.0,521.472,334
2025-05-28 10:10:00-04:00,521.28,521.48,521.17,521.39,65703.0,521.309,540
2025-05-28 10:11:00-04:00,521.38,521.56,521.33,521.37,46475.0,521.469,307
2025-05-28 10:12:00-04:00,521.31,521.37,521.02,521.27,97613.0,521.204,592
2025-05-28 10:13:00-04:00,521.25,521.52,521.2,521.31,55695.0,521.371,383
2025-05-28 10:14:00-04:00,521.34,521.49,521.22,521.39,48077.0,521.369,278
2025-05-28 10:15:00-04:00,521.38,521.53,521.35,521.46,52819.0,521.464,320
2025-05-28 10:16:00-04:00,521.48,521.59,521.1,521.13,77386.0,521.345,493
2025-05-28 10:17:00-04:00,521.12,521.19,520.97,521.14,79028.0,521.076,525
2025-05-28 10:18:00-04:00,521.13,521.48,521.11,521.3,53437.0,521.328,387
2025-05-28 10:19:00-04:00,521.3,521.35,521.16,521.23,56835.0,521.237,379
2025-05-28 10:20:00-04:00,521.23,521.32,521.16,521.28,42436.0,521.244,307
2025-05-28 10:21:00-04:00,521.29,521.29,520.72,520.78,70558.0,520.94,485
2025-05-28 10:22:00-04:00,520.77,521.13,520.59,521.03,125753.0,520.831,858
2025-05-28 10:23:00-04:00,521.02,521.36,521.02,521.3,78350.0,521.187,595
2025-05-28 10:24:00-04:00,521.3,521.41,521.22,521.31,50806.0,521.318,372
2025-05-28 10:25:00-04:00,521.27,521.35,521.07,521.33,58538.0,521.241,489
2025-05-28 10:26:00-04:00,521.34,521.38,520.92,520.94,60508.0,521.124,427
2025-05-28 10:27:00-04:00,520.92,521.13,520.79,520.97,56237.0,520.938,421
2025-05-28 10:28:00-04:00,520.98,520.98,520.81,520.92,34235.0,520.889,251
2025-05-28 10:29:00-04:00,520.93,521.08,520.92,521.0,36207.0,521.002,240
2025-05-28 10:30:00-04:00,521.01,521.15,520.81,520.88,68350.0,520.993,486
2025-05-28 10:31:00-04:00,520.88,521.01,520.75,520.91,64733.0,520.896,441
2025-05-28 10:32:00-04:00,520.91,521.04,520.89,520.98,38372.0,520.969,309
2025-05-28 10:33:00-04:00,520.99,521.02,520.62,520.86,65693.0,520.847,408
2025-05-28 10:34:00-04:00,520.86,520.99,520.81,520.95,61816.0,520.897,453
2025-05-28 10:35:00-04:00,520.97,521.06,520.75,520.85,59583.0,520.893,376
2025-05-28 10:36:00-04:00,520.86,520.92,520.72,520.86,36277.0,520.843,296
2025-05-28 10:37:00-04:00,520.86,520.86,520.48,520.54,101221.0,520.643,655
2025-05-28 10:38:00-04:00,520.55,520.67,520.45,520.59,79593.0,520.554,592
2025-05-28 10:39:00-04:00,520.59,520.73,520.5,520.68,79150.0,520.633,526
2025-05-28 10:40:00-04:00,520.67,520.81,520.58,520.8,57160.0,520.695,434
2025-05-28 10:41:00-04:00,520.81,521.17,520.79,521.16,93869.0,520.964,607
2025-05-28 10:42:00-04:00,521.16,521.19,520.97,521.0,48317.0,521.073,320
2025-05-28 10:43:00-04:00,520.95,520.95,520.73,520.78,62693.0,520.808,470
2025-05-28 10:44:00-04:00,520.78,520.89,520.64,520.78,32551.0,520.789,267
2025-05-28 10:45:00-04:00,520.78,520.85,520.61,520.64,66175.0,520.75,438
2025-05-28 10:46:00-04:00,520.63,520.94,520.56,520.88,58188.0,520.72,486
2025-05-28 10:47:00-04:00,520.9,520.96,520.77,520.86,45243.0,520.876,291
2025-05-28 10:48:00-04:00,520.88,520.97,520.79,520.91,30223.0,520.894,250
2025-05-28 10:49:00-04:00,520.91,521.05,520.9,520.97,37762.0,520.981,256
2025-05-28 10:50:00-04:00,520.99,521.04,520.53,520.69,85874.0,520.728,594
2025-05-28 10:51:00-04:00,520.68,520.85,520.58,520.61,35234.0,520.723,255
2025-05-28 10:52:00-04:00,520.63,520.93,520.61,520.92,42884.0,520.787,313
2025-05-28 10:53:00-04:00,520.91,521.01,520.82,520.94,67125.0,520.923,471
2025-05-28 10:54:00-04:00,520.92,520.92,520.56,520.59,55826.0,520.736,423
2025-05-28 10:55:00-04:00,520.61,520.77,520.56,520.74,31788.0,520.668,246
2025-05-28 10:56:00-04:00,520.73,520.77,520.51,520.54,41719.0,520.69,303
2025-05-28 10:57:00-04:00,520.51,520.61,520.5,520.55,46938.0,520.549,296
2025-05-28 10:58:00-04:00,520.54,520.64,520.3,520.41,86271.0,520.471,604
2025-05-28 10:59:00-04:00,520.42,520.5,520.38,520.41,59582.0,520.449,385
2025-05-28 11:00:00-04:00,520.42,520.71,520.33,520.69,88697.0,520.504,671
2025-05-28 11:01:00-04:00,520.69,520.9,520.65,520.84,71111.0,520.779,436
2025-05-28 11:02:00-04:00,520.86,520.86,520.7,520.7,41950.0,520.785,274
2025-05-28 11:03:00-04:00,520.7,520.94,520.7,520.9,37952.0,520.811,281
2025-05-28 11:04:00-04:00,520.9,521.3,520.9,521.26,132908.0,521.123,925
2025-05-28 11:05:00-04:00,521.25,521.3,521.12,521.19,54338.0,521.203,381
2025-05-28 11:06:00-04:00,521.18,521.23,521.08,521.19,65419.0,521.175,463
2025-05-28 11:07:00-04:00,521.19,521.23,521.09,521.13,67090.0,521.147,342
2025-05-28 11:08:00-04:00,521.12,521.15,520.9,520.94,78210.0,521.003,491
2025-05-28 11:09:00-04:00,520.94,521.09,520.82,521.05,49454.0,520.967,368
2025-05-28 11:10:00-04:00,521.04,521.05,520.81,520.86,35631.0,520.933,288
2025-05-28 11:11:00-04:00,520.87,520.87,520.62,520.8,27676.0,520.747,240
2025-05-28 11:12:00-04:00,520.8,520.91,520.73,520.88,38715.0,520.837,297
2025-05-28 11:13:00-04:00,520.88,520.97,520.84,520.92,64448.0,520.88,499
2025-05-28 11:14:00-04:00,520.92,520.94,520.54,520.57,90319.0,520.757,663
2025-05-28 11:15:00-04:00,520.58,520.84,520.58,520.81,68129.0,520.712,508
2025-05-28 11:16:00-04:00,520.83,520.97,520.74,520.9,79235.0,520.861,553
2025-05-28 11:17:00-04:00,520.91,520.98,520.84,520.95,25117.0,520.908,207
2025-05-28 11:18:00-04:00,520.95,521.1,520.91,521.06,38918.0,521.004,317
2025-05-28 11:19:00-04:00,521.07,521.21,520.98,521.21,47203.0,521.103,352
2025-05-28 11:20:00-04:00,521.2,521.26,521.1,521.2,37609.0,521.196,315
2025-05-28 11:21:00-04:00,521.21,521.35,521.16,521.34,67330.0,521.275,445
2025-05-28 11:22:00-04:00,521.36,521.52,521.35,521.46,112429.0,521.432,625
2025-05-28 11:23:00-04:00,521.44,521.48,521.28,521.28,73127.0,521.392,437
2025-05-28 11:24:00-04:00,521.27,521.38,521.21,521.25,31560.0,521.311,208
2025-05-28 11:25:00-04:00,521.24,521.29,521.08,521.1,57159.0,521.185,379
2025-05-28 11:26:00-04:00,521.08,521.1,520.97,521.08,27918.0,521.028,201
2025-05-28 11:27:00-04:00,521.07,521.23,521.02,521.15,26536.0,521.135,217
2025-05-28 11:28:00-04:00,521.15,521.19,520.91,520.96,32976.0,521.074,262
2025-05-28 11:29:00-04:00,520.95,521.07,520.92,521.06,19028.0,521.009,138
2025-05-28 11:30:00-04:00,521.05,521.29,520.95,521.22,71138.0,521.142,502
2025-05-28 11:31:00-04:00,521.21,521.22,520.92,521.01,50597.0,521.051,382
2025-05-28 11:32:00-04:00,520.98,521.05,520.92,520.95,21443.0,520.983,171
2025-05-28 11:33:00-04:00,520.96,521.05,520.92,521.05,15906.0,520.995,134
2025-05-28 11:34:00-04:00,521.05,521.07,520.86,520.91,24404.0,520.925,181
2025-05-28 11:35:00-04:00,520.92,521.01,520.81,520.85,33907.0,520.927,255
2025-05-28 11:36:00-04:00,520.85,520.89,520.63,520.79,107221.0,520.777,614
2025-05-28 11:37:00-04:00,520.8,520.82,520.72,520.76,44972.0,520.782,251
2025-05-28 11:38:00-04:00,520.74,520.84,520.67,520.79,48868.0,520.783,313
2025-05-28 11:39:00-04:00,520.78,521.01,520.77,520.93,66696.0,520.909,463
2025-05-28 11:40:00-04:00,520.94,521.05,520.8,521.04,52010.0,520.938,353
2025-05-28 11:41:00-04:00,521.04,521.13,520.97,521.12,42586.0,521.057,284
2025-05-28 11:42:00-04:00,521.12,521.15,520.93,520.97,71929.0,521.071,401
2025-05-28 11:43:00-04:00,520.95,520.99,520.81,520.95,35394.0,520.887,282
2025-05-28 11:44:00-04:00,520.94,520.95,520.8,520.88,24119.0,520.872,174
2025-05-28 11:45:00-04:00,520.87,521.01,520.85,521.0,49224.0,520.961,325
2025-05-28 11:46:00-04:00,520.99,520.99,520.81,520.82,20116.0,520.896,128
2025-05-28 11:47:00-04:00,520.82,520.93,520.81,520.89,16384.0,520.887,138
2025-05-28 11:48:00-04:00,520.88,520.93,520.78,520.84,25842.0,520.87,219
2025-05-28 11:49:00-04:00,520.84,520.92,520.81,520.84,21264.0,520.853,158
2025-05-28 11:50:00-04:00,520.85,520.98,520.84,520.98,30492.0,520.904,253
2025-05-28 11:51:00-04:00,521.0,521.04,520.92,521.0,41555.0,520.99,306
2025-05-28 11:52:00-04:00,521.0,521.01,520.84,520.97,26952.0,520.932,229
2025-05-28 11:53:00-04:00,520.95,521.18,520.94,521.15,31908.0,521.109,265
2025-05-28 11:54:00-04:00,521.16,521.16,521.01,521.02,24870.0,521.081,191
2025-05-28 11:55:00-04:00,521.03,521.1,521.0,521.01,26654.0,521.053,217
2025-05-28 11:56:00-04:00,521.04,521.05,520.71,520.78,79741.0,520.808,470
2025-05-28 11:57:00-04:00,520.77,520.81,520.7,520.72,24081.0,520.753,173
2025-05-28 11:58:00-04:00,520.7,520.8,520.6,520.62,45204.0,520.729,266
2025-05-28 11:59:00-04:00,520.61,520.62,520.46,520.53,74319.0,520.537,422
2025-05-28 12:00:00-04:00,520.54,520.78,520.53,520.75,61663.0,520.668,459
2025-05-28 12:01:00-04:00,520.75,520.93,520.65,520.86,41265.0,520.818,321
2025-05-28 12:02:00-04:00,520.87,521.12,520.86,521.08,49700.0,520.987,355
2025-05-28 12:03:00-04:00,521.07,521.16,521.03,521.14,41978.0,521.113,275
2025-05-28 12:04:00-04:00,521.15,521.18,521.06,521.15,51343.0,521.134,274
2025-05-28 12:05:00-04:00,521.15,521.27,521.1,521.13,51945.0,521.183,359
2025-05-28 12:06:00-04:00,521.14,521.28,521.1,521.2,42714.0,521.215,297
2025-05-28 12:07:00-04:00,521.19,521.33,521.18,521.22,39289.0,521.263,255
2025-05-28 12:08:00-04:00,521.24,521.32,521.22,521.32,22338.0,521.273,145
2025-05-28 12:09:00-04:00,521.33,521.46,521.31,521.37,51203.0,521.381,325
2025-05-28 12:10:00-04:00,521.36,521.36,521.12,521.17,43258.0,521.256,320
2025-05-28 12:11:00-04:00,521.15,521.28,521.09,521.26,29409.0,521.205,206
2025-05-28 12:12:00-04:00,521.25,521.34,521.24,521.25,21361.0,521.288,155
2025-05-28 12:13:00-04:00,521.2,521.3,521.2,521.27,15975.0,521.251,91
2025-05-28 12:14:00-04:00,521.25,521.31,521.13,521.28,39117.0,521.214,279
2025-05-28 12:15:00-04:00,521.29,521.36,521.21,521.22,35061.0,521.293,240
2025-05-28 12:16:00-04:00,521.22,521.39,521.22,521.37,23212.0,521.31,183
2025-05-28 12:17:00-04:00,521.36,521.46,521.36,521.39,32088.0,521.426,207
2025-05-28 12:18:00-04:00,521.38,521.49,521.32,521.44,37721.0,521.434,242
2025-05-28 12:19:00-04:00,521.44,521.49,521.39,521.41,31335.0,521.448,238
2025-05-28 12:20:00-04:00,521.4,521.47,521.23,521.3,31564.0,521.367,244
2025-05-28 12:21:00-04:00,521.26,521.32,521.17,521.19,37169.0,521.228,258
2025-05-28 12:22:00-04:00,521.19,521.28,521.1,521.11,34211.0,521.185,256
2025-05-28 12:23:00-04:00,521.12,521.21,521.07,521.14,20282.0,521.132,162
2025-05-28 12:24:00-04:00,521.13,521.18,521.1,521.15,13748.0,521.145,105
2025-05-28 12:25:00-04:00,521.15,521.32,521.13,521.27,42082.0,521.242,261
2025-05-28 12:26:00-04:00,521.26,521.36,521.24,521.34,27256.0,521.312,207
2025-05-28 12:27:00-04:00,521.32,521.35,521.27,521.28,13114.0,521.318,91
2025-05-28 12:28:00-04:00,521.29,521.35,521.27,521.32,10441.0,521.311,90
2025-05-28 12:29:00-04:00,521.32,521.38,521.31,521.33,26566.0,521.342,166
2025-05-28 12:30:00-04:00,521.32,521.43,521.26,521.4,29230.0,521.344,232
2025-05-28 12:31:00-04:00,521.41,521.44,521.23,521.26,30421.0,521.323,226
2025-05-28 12:32:00-04:00,521.27,521.42,521.26,521.31,20284.0,521.337,118
2025-05-28 12:33:00-04:00,521.29,521.33,521.18,521.22,18235.0,521.246,135
2025-05-28 12:34:00-04:00,521.23,521.3,521.2,521.24,11971.0,521.251,97
2025-05-28 12:35:00-04:00,521.24,521.36,521.22,521.36,29313.0,521.301,200
2025-05-28 12:36:00-04:00,521.37,521.59,521.37,521.58,55644.0,521.485,322
2025-05-28 12:37:00-04:00,521.58,521.61,521.42,521.45,29411.0,521.507,190
2025-05-28 12:38:00-04:00,521.48,521.53,521.46,521.46,15891.0,521.496,103
2025-05-28 12:39:00-04:00,521.48,521.5,521.39,521.46,29354.0,521.464,125
2025-05-28 12:40:00-04:00,521.46,521.49,521.4,521.43,16444.0,521.432,114
2025-05-28 12:41:00-04:00,521.42,521.44,521.31,521.41,31383.0,521.373,176
2025-05-28 12:42:00-04:00,521.4,521.45,521.32,521.32,15821.0,521.405,130
2025-05-28 12:43:00-04:00,521.29,521.39,521.29,521.34,22290.0,521.343,148
2025-05-28 12:44:00-04:00,521.33,521.34,521.27,521.31,11624.0,521.301,104
2025-05-28 12:45:00-04:00,521.32,521.37,521.16,521.22,35415.0,521.256,273
2025-05-28 12:46:00-04:00,521.22,521.32,521.22,521.27,22669.0,521.276,101
2025-05-28 12:47:00-04:00,521.29,521.45,521.28,521.43,29887.0,521.354,205
2025-05-28 12:48:00-04:00,521.43,521.46,521.36,521.45,19937.0,521.41,165
2025-05-28 12:49:00-04:00,521.45,521.45,521.35,521.36,14237.0,521.388,100
2025-05-28 12:50:00-04:00,521.35,521.42,521.28,521.4,31088.0,521.36,170
2025-05-28 12:51:00-04:00,521.39,521.43,521.28,521.29,40203.0,521.372,184
2025-05-28 12:52:00-04:00,521.28,521.3,521.05,521.06,58835.0,521.176,300
2025-05-28 12:53:00-04:00,521.05,521.07,520.92,521.07,67770.0,520.992,374
2025-05-28 12:54:00-04:00,521.06,521.11,520.95,521.02,34848.0,521.043,212
2025-05-28 12:55:00-04:00,521.04,521.1,520.98,521.09,18109.0,521.047,150
2025-05-28 12:56:00-04:00,521.09,521.26,521.05,521.25,37141.0,521.168,249
2025-05-28 12:57:00-04:00,521.25,521.26,521.18,521.18,31732.0,521.227,172
2025-05-28 12:58:00-04:00,521.2,521.31,521.15,521.3,34009.0,521.231,195
2025-05-28 12:59:00-04:00,521.3,521.33,521.22,521.22,17244.0,521.265,133
2025-05-28 13:00:00-04:00,521.22,521.3,521.12,521.18,69372.0,521.208,505
2025-05-28 13:01:00-04:00,521.15,521.27,521.09,521.27,28712.0,521.146,168
2025-05-28 13:02:00-04:00,521.26,521.57,521.24,521.43,89883.0,521.439,594
2025-05-28 13:03:00-04:00,521.42,521.51,521.42,521.47,36442.0,521.459,200
2025-05-28 13:04:00-04:00,521.47,521.55,521.45,521.51,19705.0,521.506,163
2025-05-28 13:05:00-04:00,521.49,521.6,521.43,521.56,41497.0,521.522,278
2025-05-28 13:06:00-04:00,521.57,521.64,521.56,521.62,69407.0,521.609,383
2025-05-28 13:07:00-04:00,521.63,521.65,521.49,521.51,56494.0,521.57,328
2025-05-28 13:08:00-04:00,521.51,521.61,521.5,521.55,33190.0,521.555,209
2025-05-28 13:09:00-04:00,521.55,521.55,521.43,521.48,38208.0,521.475,268
2025-05-28 13:10:00-04:00,521.47,521.55,521.47,521.53,29671.0,521.509,181
2025-05-28 13:11:00-04:00,521.53,521.67,521.52,521.59,36957.0,521.595,240
2025-05-28 13:12:00-04:00,521.6,521.76,521.6,521.66,61676.0,521.693,384
2025-05-28 13:13:00-04:00,521.67,521.67,521.47,521.49,29134.0,521.563,170
2025-05-28 13:14:00-04:00,521.49,521.55,521.46,521.46,31267.0,521.51,171
2025-05-28 13:15:00-04:00,521.47,521.61,521.44,521.61,23656.0,521.506,148
2025-05-28 13:16:00-04:00,521.62,521.7,521.54,521.69,26320.0,521.623,194
2025-05-28 13:17:00-04:00,521.7,521.76,521.66,521.69,56678.0,521.707,363
2025-05-28 13:18:00-04:00,521.7,521.77,521.67,521.75,42567.0,521.733,253
2025-05-28 13:19:00-04:00,521.75,521.81,521.71,521.75,44789.0,521.765,255
2025-05-28 13:20:00-04:00,521.75,521.78,521.68,521.71,30822.0,521.725,208
2025-05-28 13:21:00-04:00,521.71,521.83,521.7,521.8,36683.0,521.772,247
2025-05-28 13:22:00-04:00,521.8,521.81,521.7,521.77,23987.0,521.757,166
2025-05-28 13:23:00-04:00,521.77,521.79,521.57,521.6,34334.0,521.674,252
2025-05-28 13:24:00-04:00,521.6,521.67,521.52,521.61,47533.0,521.593,311
2025-05-28 13:25:00-04:00,521.6,521.63,521.42,521.43,37710.0,521.514,268
2025-05-28 13:26:00-04:00,521.43,521.47,521.27,521.32,48735.0,521.347,334
2025-05-28 13:27:00-04:00,521.3,521.48,521.25,521.45,37640.0,521.376,244
2025-05-28 13:28:00-04:00,521.45,521.54,521.4,521.51,29535.0,521.478,192
2025-05-28 13:29:00-04:00,521.51,521.61,521.49,521.54,36866.0,521.554,260
2025-05-28 13:30:00-04:00,521.54,521.58,521.42,521.45,40030.0,521.511,288
2025-05-28 13:31:00-04:00,521.45,521.49,521.38,521.46,37616.0,521.449,233
2025-05-28 13:32:00-04:00,521.46,521.47,521.37,521.4,12650.0,521.422,97
2025-05-28 13:33:00-04:00,521.39,521.41,521.26,521.32,34603.0,521.324,258
2025-05-28 13:34:00-04:00,521.32,521.42,521.29,521.36,31279.0,521.362,205
2025-05-28 13:35:00-04:00,521.36,521.39,521.24,521.38,91220.0,521.31,618
2025-05-28 13:36:00-04:00,521.39,521.45,521.28,521.32,33871.0,521.372,233
2025-05-28 13:37:00-04:00,521.31,521.37,521.22,521.25,34423.0,521.276,211
2025-05-28 13:38:00-04:00,521.25,521.26,521.16,521.2,37404.0,521.208,201
2025-05-28 13:39:00-04:00,521.2,521.3,521.2,521.23,23153.0,521.247,170
2025-05-28 13:40:00-04:00,521.23,521.29,521.2,521.27,96500.0,521.243,512
2025-05-28 13:41:00-04:00,521.28,521.32,521.21,521.22,47705.0,521.29,237
2025-05-28 13:42:00-04:00,521.24,521.25,521.03,521.05,52000.0,521.096,312
2025-05-28 13:43:00-04:00,521.04,521.21,521.0,521.13,52098.0,521.094,343
2025-05-28 13:44:00-04:00,521.13,521.23,521.12,521.21,21052.0,521.191,156
2025-05-28 13:45:00-04:00,521.2,521.3,521.13,521.3,39480.0,521.239,269
2025-05-28 13:46:00-04:00,521.3,521.36,521.18,521.34,33617.0,521.297,237
2025-05-28 13:47:00-04:00,521.34,521.41,521.31,521.34,28535.0,521.355,206
2025-05-28 13:48:00-04:00,521.35,521.37,521.27,521.33,26356.0,521.338,167
2025-05-28 13:49:00-04:00,521.33,521.43,521.33,521.37,26131.0,521.396,175
2025-05-28 13:50:00-04:00,521.37,521.39,521.2,521.31,40172.0,521.294,274
2025-05-28 13:51:00-04:00,521.31,521.31,521.19,521.23,19601.0,521.238,156
2025-05-28 13:52:00-04:00,521.24,521.33,521.19,521.32,23805.0,521.261,152
2025-05-28 13:53:00-04:00,521.32,521.34,521.24,521.26,31185.0,521.288,201
2025-05-28 13:54:00-04:00,521.27,521.36,521.25,521.36,25344.0,521.308,149
2025-05-28 13:55:00-04:00,521.35,521.5,521.32,521.47,50075.0,521.44,318
2025-05-28 13:56:00-04:00,521.48,521.55,521.42,521.42,50836.0,521.503,277
2025-05-28 13:57:00-04:00,521.42,521.43,521.28,521.37,69908.0,521.338,212
2025-05-28 13:58:00-04:00,521.36,521.38,521.29,521.29,17487.0,521.343,103
2025-05-28 13:59:00-04:00,521.29,521.41,521.24,521.34,80370.0,521.306,472
2025-05-28 14:00:00-04:00,521.33,521.53,521.32,521.52,65470.0,521.427,404
2025-05-28 14:01:00-04:00,521.53,521.59,521.48,521.51,33850.0,521.536,205
2025-05-28 14:02:00-04:00,521.51,521.69,521.5,521.68,45842.0,521.587,282
2025-05-28 14:03:00-04:00,521.68,521.78,521.67,521.71,39976.0,521.72,274
2025-05-28 14:04:00-04:00,521.73,521.86,521.7,521.8,34431.0,521.801,247
2025-05-28 14:05:00-04:00,521.79,521.83,521.66,521.69,31666.0,521.742,227
2025-05-28 14:06:00-04:00,521.71,521.71,521.51,521.55,28782.0,521.595,211
2025-05-28 14:07:00-04:00,521.56,521.64,521.45,521.6,29646.0,521.578,199
2025-05-28 14:08:00-04:00,521.6,521.78,521.6,521.78,34970.0,521.713,274
2025-05-28 14:09:00-04:00,521.76,521.78,521.69,521.74,29296.0,521.737,198
2025-05-28 14:10:00-04:00,521.77,522.03,521.76,521.96,127278.0,521.927,741
2025-05-28 14:11:00-04:00,521.95,522.04,521.95,521.99,53721.0,521.989,343
2025-05-28 14:12:00-04:00,521.99,522.11,521.94,522.05,97788.0,522.027,576
2025-05-28 14:13:00-04:00,522.05,522.12,521.94,521.95,44108.0,522.04,289
2025-05-28 14:14:00-04:00,521.95,521.97,521.86,521.95,24507.0,521.915,145
2025-05-28 14:15:00-04:00,521.95,521.96,521.84,521.87,39782.0,521.893,227
2025-05-28 14:16:00-04:00,521.84,521.93,521.81,521.84,13314.0,521.874,86
2025-05-28 14:17:00-04:00,521.88,521.88,521.77,521.79,37005.0,521.809,253
2025-05-28 14:18:00-04:00,521.79,521.82,521.55,521.6,61251.0,521.7,444
2025-05-28 14:19:00-04:00,521.59,521.61,521.47,521.49,45451.0,521.527,310
2025-05-28 14:20:00-04:00,521.49,521.62,521.41,521.42,63283.0,521.517,433
2025-05-28 14:21:00-04:00,521.43,521.59,521.36,521.58,43828.0,521.477,328
2025-05-28 14:22:00-04:00,521.59,521.61,521.46,521.54,39134.0,521.532,285
2025-05-28 14:23:00-04:00,521.55,521.63,521.54,521.59,32888.0,521.591,231
2025-05-28 14:24:00-04:00,521.6,521.7,521.56,521.69,43045.0,521.629,318
2025-05-28 14:25:00-04:00,521.69,521.76,521.61,521.73,68196.0,521.694,452
2025-05-28 14:26:00-04:00,521.73,521.74,521.63,521.67,32650.0,521.68,266
2025-05-28 14:27:00-04:00,521.67,521.67,521.51,521.58,45659.0,521.579,338
2025-05-28 14:28:00-04:00,521.59,521.59,521.49,521.51,23410.0,521.543,151
2025-05-28 14:29:00-04:00,521.5,521.62,521.5,521.61,46121.0,521.552,326
2025-05-28 14:30:00-04:00,521.6,521.79,521.56,521.72,80496.0,521.695,594
2025-05-28 14:31:00-04:00,521.71,521.74,521.59,521.59,28848.0,521.688,201
2025-05-28 14:32:00-04:00,521.59,521.67,521.56,521.66,30676.0,521.622,230
2025-05-28 14:33:00-04:00,521.66,521.82,521.65,521.79,32065.0,521.74,229
2025-05-28 14:34:00-04:00,521.8,521.81,521.64,521.67,23690.0,521.738,173
2025-05-28 14:35:00-04:00,521.62,521.76,521.61,521.68,24929.0,521.658,151
2025-05-28 14:36:00-04:00,521.68,521.76,521.66,521.71,24345.0,521.714,165
2025-05-28 14:37:00-04:00,521.73,521.83,521.69,521.79,37494.0,521.787,232
2025-05-28 14:38:00-04:00,521.8,521.84,521.71,521.74,53536.0,521.772,403
2025-05-28 14:39:00-04:00,521.73,521.8,521.73,521.76,22421.0,521.767,147
2025-05-28 14:40:00-04:00,521.77,521.88,521.76,521.82,28039.0,521.832,213
2025-05-28 14:41:00-04:00,521.83,521.84,521.7,521.82,35110.0,521.77,200
2025-05-28 14:42:00-04:00,521.82,521.9,521.8,521.81,63722.0,521.856,409
2025-05-28 14:43:00-04:00,521.81,521.85,521.76,521.78,30042.0,521.795,232
2025-05-28 14:44:00-04:00,521.8,521.83,521.71,521.72,19865.0,521.774,149
2025-05-28 14:45:00-04:00,521.73,521.74,521.63,521.71,33135.0,521.688,219
2025-05-28 14:46:00-04:00,521.73,521.75,521.64,521.75,28974.0,521.696,205
2025-05-28 14:47:00-04:00,521.75,521.79,521.69,521.7,35401.0,521.747,223
2025-05-28 14:48:00-04:00,521.71,521.75,521.61,521.67,41743.0,521.67,263
2025-05-28 14:49:00-04:00,521.7,521.71,521.52,521.56,30548.0,521.593,224
2025-05-28 14:50:00-04:00,521.56,521.64,521.47,521.5,48943.0,521.574,338
2025-05-28 14:51:00-04:00,521.5,521.51,520.82,520.84,151337.0,521.164,875
2025-05-28 14:52:00-04:00,520.83,520.86,519.67,520.72,673961.0,520.2,4585
2025-05-28 14:53:00-04:00,520.68,521.03,520.36,520.41,125758.0,520.75,963
2025-05-28 14:54:00-04:00,520.36,520.63,520.07,520.42,265808.0,520.344,1609
2025-05-28 14:55:00-04:00,520.47,520.87,520.29,520.8,116301.0,520.534,885
2025-05-28 14:56:00-04:00,520.81,521.14,520.78,521.06,123769.0,520.952,804
2025-05-28 14:57:00-04:00,521.04,521.21,520.99,521.17,77219.0,521.094,481
2025-05-28 14:58:00-04:00,521.17,521.37,521.05,521.35,76327.0,521.196,483
2025-05-28 14:59:00-04:00,521.34,521.46,521.25,521.3,67595.0,521.347,392
2025-05-28 15:00:00-04:00,521.3,521.38,521.09,521.27,107919.0,521.249,661
2025-05-28 15:01:00-04:00,521.31,521.49,521.22,521.4,73189.0,521.347,475
2025-05-28 15:02:00-04:00,521.4,521.56,521.27,521.49,39028.0,521.44,306
2025-05-28 15:03:00-04:00,521.5,521.59,521.41,521.58,37146.0,521.503,252
2025-05-28 15:04:00-04:00,521.6,521.74,521.57,521.72,60878.0,521.644,347
2025-05-28 15:05:00-04:00,521.72,521.72,521.63,521.67,44263.0,521.681,293
2025-05-28 15:06:00-04:00,521.7,521.96,521.69,521.93,114187.0,521.853,729
2025-05-28 15:07:00-04:00,521.93,522.16,521.87,522.1,137414.0,522.077,875
2025-05-28 15:08:00-04:00,522.13,522.39,522.05,522.14,181203.0,522.202,1074
2025-05-28 15:09:00-04:00,522.14,522.27,522.12,522.17,49013.0,522.198,370
2025-05-28 15:10:00-04:00,522.18,522.37,522.15,522.31,70446.0,522.282,472
2025-05-28 15:11:00-04:00,522.33,522.35,522.13,522.15,47342.0,522.248,296
2025-05-28 15:12:00-04:00,522.17,522.25,521.93,522.01,116809.0,522.098,708
2025-05-28 15:13:00-04:00,522.0,522.18,521.8,521.84,256421.0,521.979,1866
2025-05-28 15:14:00-04:00,521.84,521.96,521.12,521.69,354864.0,521.475,2453
2025-05-28 15:15:00-04:00,521.69,521.86,521.28,521.33,231965.0,521.623,1644
2025-05-28 15:16:00-04:00,521.34,521.45,521.07,521.43,209124.0,521.303,1341
2025-05-28 15:17:00-04:00,521.43,521.43,520.99,521.08,167143.0,521.168,1093
2025-05-28 15:18:00-04:00,521.07,521.35,521.0,521.34,174759.0,521.169,1266
2025-05-28 15:19:00-04:00,521.34,521.37,521.06,521.28,90271.0,521.246,620
2025-05-28 15:20:00-04:00,521.27,521.44,521.04,521.37,121819.0,521.243,875
2025-05-28 15:21:00-04:00,521.39,521.43,521.16,521.25,70922.0,521.274,568
2025-05-28 15:22:00-04:00,521.25,521.31,521.05,521.22,62927.0,521.168,507
2025-05-28 15:23:00-04:00,521.25,521.25,521.05,521.18,89029.0,521.155,616
2025-05-28 15:24:00-04:00,521.17,521.27,521.07,521.16,83843.0,521.196,550
2025-05-28 15:25:00-04:00,521.19,521.27,521.04,521.08,94208.0,521.144,508
2025-05-28 15:26:00-04:00,521.09,521.11,520.83,520.93,173726.0,520.989,1123
2025-05-28 15:27:00-04:00,520.94,521.15,520.92,521.06,83062.0,521.067,631
2025-05-28 15:28:00-04:00,521.07,521.22,521.03,521.11,79038.0,521.144,674
2025-05-28 15:29:00-04:00,521.11,521.18,520.95,521.03,95034.0,521.074,629
2025-05-28 15:30:00-04:00,521.04,521.13,520.87,521.05,124786.0,521.001,887
2025-05-28 15:31:00-04:00,521.05,521.06,520.83,520.93,100911.0,520.956,714
2025-05-28 15:32:00-04:00,520.92,521.06,520.76,521.03,178538.0,520.917,1264
2025-05-28 15:33:00-04:00,521.04,521.08,520.9,520.94,100464.0,520.977,704
2025-05-28 15:34:00-04:00,520.95,520.97,520.74,520.96,100846.0,520.901,708
2025-05-28 15:35:00-04:00,520.97,520.97,520.66,520.71,83636.0,520.819,621
2025-05-28 15:36:00-04:00,520.69,520.69,520.39,520.42,217199.0,520.551,1521
2025-05-28 15:37:00-04:00,520.41,520.49,520.31,520.48,106591.0,520.412,807
2025-05-28 15:38:00-04:00,520.47,520.6,520.37,520.46,165520.0,520.491,1149
2025-05-28 15:39:00-04:00,520.44,520.44,520.19,520.23,148848.0,520.26,999
2025-05-28 15:40:00-04:00,520.22,520.27,519.81,520.12,234205.0,520.047,1548
2025-05-28 15:41:00-04:00,520.1,520.2,519.92,520.07,109731.0,520.074,821
2025-05-28 15:42:00-04:00,520.05,520.4,519.98,520.37,152281.0,520.199,1125
2025-05-28 15:43:00-04:00,520.37,520.44,520.17,520.29,116288.0,520.346,848
2025-05-28 15:44:00-04:00,520.3,520.35,519.98,520.11,105390.0,520.14,757
2025-05-28 15:45:00-04:00,520.12,520.13,519.82,519.84,132900.0,519.949,986
2025-05-28 15:46:00-04:00,519.83,520.07,519.81,520.05,158660.0,519.98,1053
2025-05-28 15:47:00-04:00,520.05,520.37,520.04,520.23,162434.0,520.207,1201
2025-05-28 15:48:00-04:00,520.23,520.52,520.23,520.39,237879.0,520.405,1627
2025-05-28 15:49:00-04:00,520.39,520.43,520.05,520.1,118492.0,520.227,889
2025-05-28 15:50:00-04:00,520.08,520.09,519.13,519.49,600731.0,519.523,3926
2025-05-28 15:51:00-04:00,519.5,519.6,519.37,519.46,149363.0,519.501,1063
2025-05-28 15:52:00-04:00,519.44,519.57,519.09,519.13,209370.0,519.303,1434
2025-05-28 15:53:00-04:00,519.12,519.2,518.86,518.92,207743.0,519.057,1529
2025-05-28 15:54:00-04:00,518.92,519.03,518.39,518.95,451581.0,518.704,3014
2025-05-28 15:55:00-04:00,518.94,518.99,518.44,518.97,276602.0,518.688,2104
2025-05-28 15:56:00-04:00,518.97,519.29,518.96,519.13,173570.0,519.114,1189
2025-05-28 15:57:00-04:00,519.12,519.3,519.08,519.21,224260.0,519.179,1560
2025-05-28 15:58:00-04:00,519.21,519.25,518.99,519.01,260131.0,519.165,1859
2025-05-28 15:59:00-04:00,519.0,519.37,518.88,518.95,558008.0,519.124,3421
2025-05-29 09:30:00-04:00,526.32,526.48,525.47,525.74,546312.0,526.076,2032
2025-05-29 09:31:00-04:00,525.73,525.76,524.86,524.87,209645.0,525.407,1225
2025-05-29 09:32:00-04:00,524.84,524.87,524.02,524.29,253238.0,524.361,1438
2025-05-29 09:33:00-04:00,524.24,524.86,524.12,524.76,214093.0,524.521,1373
2025-05-29 09:34:00-04:00,524.8,524.99,524.6,524.79,166145.0,524.782,934
2025-05-29 09:35:00-04:00,524.81,524.85,524.44,524.57,165414.0,524.665,1100
2025-05-29 09:36:00-04:00,524.54,524.68,524.04,524.25,228684.0,524.326,1442
2025-05-29 09:37:00-04:00,524.22,524.52,523.96,524.08,247922.0,524.163,1273
2025-05-29 09:38:00-04:00,524.11,524.11,523.6,523.75,230155.0,523.809,1043
2025-05-29 09:39:00-04:00,523.73,523.93,523.6,523.63,170574.0,523.739,1034
2025-05-29 09:40:00-04:00,523.62,524.02,523.53,524.0,183963.0,523.775,1019
2025-05-29 09:41:00-04:00,524.01,524.07,523.0,523.27,256080.0,523.415,1534
2025-05-29 09:42:00-04:00,523.27,523.37,523.03,523.34,184014.0,523.205,1204
2025-05-29 09:43:00-04:00,523.34,523.67,523.14,523.31,191483.0,523.399,1140
2025-05-29 09:44:00-04:00,523.33,523.35,522.69,522.77,204736.0,522.939,1379
2025-05-29 09:45:00-04:00,522.78,522.97,522.56,522.7,223194.0,522.744,1485
2025-05-29 09:46:00-04:00,522.69,523.04,522.52,522.58,168637.0,522.79,1153
2025-05-29 09:47:00-04:00,522.57,522.75,522.32,522.67,177580.0,522.534,1130
2025-05-29 09:48:00-04:00,522.68,522.7,522.16,522.57,174287.0,522.422,1163
2025-05-29 09:49:00-04:00,522.57,522.6,521.84,521.92,260243.0,522.184,1572
2025-05-29 09:50:00-04:00,521.93,522.5,521.78,522.29,248638.0,522.132,1499
2025-05-29 09:51:00-04:00,522.29,522.88,522.15,522.78,225728.0,522.521,1350
2025-05-29 09:52:00-04:00,522.8,523.16,522.72,522.77,203656.0,522.955,1128
2025-05-29 09:53:00-04:00,522.82,523.21,522.78,523.15,157784.0,523.037,952
2025-05-29 09:54:00-04:00,523.17,523.35,523.12,523.23,114806.0,523.24,658
2025-05-29 09:55:00-04:00,523.24,523.5,523.06,523.47,153063.0,523.314,821
2025-05-29 09:56:00-04:00,523.5,523.53,522.51,522.57,138990.0,523.113,875
2025-05-29 09:57:00-04:00,522.53,522.8,522.29,522.57,127128.0,522.557,762
2025-05-29 09:58:00-04:00,522.58,522.67,522.15,522.51,82995.0,522.41,528
2025-05-29 09:59:00-04:00,522.51,522.68,522.32,522.59,55930.0,522.519,349
2025-05-29 10:00:00-04:00,522.56,522.72,522.11,522.32,131407.0,522.385,1028
2025-05-29 10:01:00-04:00,522.35,522.67,522.24,522.5,113082.0,522.456,827
2025-05-29 10:02:00-04:00,522.48,522.95,522.27,522.66,189934.0,522.766,878
2025-05-29 10:03:00-04:00,522.65,522.73,522.14,522.19,130094.0,522.374,851
2025-05-29 10:04:00-04:00,522.16,522.35,521.84,521.84,125133.0,522.121,868
2025-05-29 10:05:00-04:00,521.84,521.84,520.98,521.04,299080.0,521.36,1834
2025-05-29 10:06:00-04:00,521.03,521.07,520.69,520.8,208079.0,520.869,1284
2025-05-29 10:07:00-04:00,520.81,520.85,519.95,520.1,273402.0,520.206,1704
2025-05-29 10:08:00-04:00,520.09,520.44,519.89,520.36,258756.0,520.203,1665
2025-05-29 10:09:00-04:00,520.36,520.41,519.93,520.07,165633.0,520.113,1233
2025-05-29 10:10:00-04:00,520.09,520.56,519.99,520.31,230374.0,520.322,1633
2025-05-29 10:11:00-04:00,520.25,520.27,519.61,519.79,247062.0,519.865,1717
2025-05-29 10:12:00-04:00,519.79,520.11,519.63,519.78,170016.0,519.906,1057
2025-05-29 10:13:00-04:00,519.8,520.22,519.64,520.1,144213.0,519.912,880
2025-05-29 10:14:00-04:00,520.13,520.66,520.13,520.6,183954.0,520.446,1182
2025-05-29 10:15:00-04:00,520.59,520.89,520.43,520.69,237759.0,520.613,1441
2025-05-29 10:16:00-04:00,520.67,520.8,520.37,520.6,142762.0,520.609,889
2025-05-29 10:17:00-04:00,520.59,520.71,519.96,519.97,164391.0,520.333,1074
2025-05-29 10:18:00-04:00,519.94,520.15,519.79,519.88,123237.0,520.003,757
2025-05-29 10:19:00-04:00,519.84,519.93,519.37,519.85,168499.0,519.667,973
2025-05-29 10:20:00-04:00,519.84,519.91,519.51,519.82,128169.0,519.702,800
2025-05-29 10:21:00-04:00,519.8,519.84,519.25,519.84,170049.0,519.5,1063
2025-05-29 10:22:00-04:00,519.82,520.08,519.48,520.01,113252.0,519.809,766
2025-05-29 10:23:00-04:00,519.99,520.19,519.61,520.1,122263.0,519.926,755
2025-05-29 10:24:00-04:00,520.09,520.09,519.7,519.91,73926.0,519.859,448
2025-05-29 10:25:00-04:00,519.89,520.49,519.84,520.43,135354.0,520.213,925
2025-05-29 10:26:00-04:00,520.43,520.77,520.33,520.76,102100.0,520.55,610
2025-05-29 10:27:00-04:00,520.75,520.97,520.64,520.89,133535.0,520.846,690
2025-05-29 10:28:00-04:00,520.88,521.22,520.87,521.06,95215.0,521.025,583
2025-05-29 10:29:00-04:00,521.1,521.18,520.83,521.08,127777.0,521.059,782
2025-05-29 10:30:00-04:00,521.07,521.18,520.74,521.1,114615.0,521.015,802
2025-05-29 10:31:00-04:00,521.08,521.5,521.06,521.44,83279.0,521.27,600
2025-05-29 10:32:00-04:00,521.46,521.49,521.0,521.16,147663.0,521.231,914
2025-05-29 10:33:00-04:00,521.15,521.34,520.66,520.66,106630.0,521.005,685
2025-05-29 10:34:00-04:00,520.66,520.82,520.49,520.5,97957.0,520.654,695
2025-05-29 10:35:00-04:00,520.49,520.9,520.46,520.67,95240.0,520.677,711
2025-05-29 10:36:00-04:00,520.64,521.19,520.63,521.08,109479.0,520.998,754
2025-05-29 10:37:00-04:00,521.07,521.21,520.98,521.2,97990.0,521.113,641
2025-05-29 10:38:00-04:00,521.21,521.52,521.03,521.06,191374.0,521.332,871
2025-05-29 10:39:00-04:00,521.03,521.29,520.95,521.24,117087.0,521.165,670
2025-05-29 10:40:00-04:00,521.23,521.24,520.78,520.86,97953.0,520.986,684
2025-05-29 10:41:00-04:00,520.92,520.93,520.69,520.71,75316.0,520.779,515
2025-05-29 10:42:00-04:00,520.71,520.84,520.52,520.7,70277.0,520.663,539
2025-05-29 10:43:00-04:00,520.68,521.07,520.67,520.99,86631.0,520.85,627
2025-05-29 10:44:00-04:00,521.0,521.15,520.91,521.07,73418.0,521.027,542
2025-05-29 10:45:00-04:00,521.08,521.44,520.92,521.42,94055.0,521.197,625
2025-05-29 10:46:00-04:00,521.43,521.5,521.12,521.27,119256.0,521.309,773
2025-05-29 10:47:00-04:00,521.28,521.51,521.23,521.45,81151.0,521.37,576
2025-05-29 10:48:00-04:00,521.5,521.67,521.4,521.6,86915.0,521.569,522
2025-05-29 10:49:00-04:00,521.61,521.74,521.47,521.6,89141.0,521.635,605
2025-05-29 10:50:00-04:00,521.6,521.7,521.37,521.51,100690.0,521.494,617
2025-05-29 10:51:00-04:00,521.51,521.7,521.42,521.64,95431.0,521.577,681
2025-05-29 10:52:00-04:00,521.63,522.05,521.58,522.02,113354.0,521.837,814
2025-05-29 10:53:00-04:00,522.02,522.22,521.98,522.2,125353.0,522.106,824
2025-05-29 10:54:00-04:00,522.2,522.32,522.05,522.08,111390.0,522.233,588
2025-05-29 10:55:00-04:00,522.07,522.18,521.96,522.07,57822.0,522.078,412
2025-05-29 10:56:00-04:00,522.04,522.41,521.99,522.4,69090.0,522.228,456
2025-05-29 10:57:00-04:00,522.39,522.56,522.2,522.33,99671.0,522.426,594
2025-05-29 10:58:00-04:00,522.34,522.66,522.33,522.58,75998.0,522.551,503
2025-05-29 10:59:00-04:00,522.58,522.64,522.46,522.52,85940.0,522.532,608
2025-05-29 11:00:00-04:00,522.51,522.58,522.33,522.56,109533.0,522.466,786
2025-05-29 11:01:00-04:00,522.59,522.59,522.16,522.23,137075.0,522.359,892
2025-05-29 11:02:00-04:00,522.24,522.39,522.24,522.3,64287.0,522.309,479
2025-05-29 11:03:00-04:00,522.32,522.38,521.78,521.89,161973.0,522.004,1095
2025-05-29 11:04:00-04:00,521.87,522.07,521.6,521.98,114227.0,521.822,828
2025-05-29 11:05:00-04:00,521.97,522.19,521.9,522.09,117561.0,522.062,839
2025-05-29 11:06:00-04:00,522.14,522.25,522.04,522.06,65848.0,522.145,440
2025-05-29 11:07:00-04:00,522.05,522.07,521.66,521.75,100452.0,521.826,645
2025-05-29 11:08:00-04:00,521.76,521.77,521.48,521.64,124184.0,521.606,794
2025-05-29 11:09:00-04:00,521.64,522.0,521.59,521.77,160530.0,521.788,1140
2025-05-29 11:10:00-04:00,521.75,522.04,521.59,522.03,76167.0,521.809,542
2025-05-29 11:11:00-04:00,522.04,522.19,521.91,522.04,97886.0,522.063,585
2025-05-29 11:12:00-04:00,522.05,522.3,521.9,521.98,101046.0,522.104,511
2025-05-29 11:13:00-04:00,521.99,522.05,521.56,521.58,83296.0,521.747,579
2025-05-29 11:14:00-04:00,521.58,521.58,521.14,521.2,139855.0,521.339,877
2025-05-29 11:15:00-04:00,521.2,521.54,521.13,521.43,95345.0,521.303,691
2025-05-29 11:16:00-04:00,521.41,521.51,521.18,521.48,88993.0,521.334,671
2025-05-29 11:17:00-04:00,521.49,521.49,521.22,521.3,45000.0,521.342,348
2025-05-29 11:18:00-04:00,521.3,521.47,521.21,521.41,60226.0,521.349,459
2025-05-29 11:19:00-04:00,521.43,521.64,521.13,521.14,72289.0,521.426,553
2025-05-29 11:20:00-04:00,521.14,521.46,521.09,521.39,99261.0,521.237,671
2025-05-29 11:21:00-04:00,521.38,521.79,521.32,521.75,105408.0,521.535,787
2025-05-29 11:22:00-04:00,521.74,521.76,521.48,521.54,60198.0,521.598,468
2025-05-29 11:23:00-04:00,521.56,521.72,521.54,521.58,42196.0,521.622,319
2025-05-29 11:24:00-04:00,521.58,521.81,521.58,521.72,64265.0,521.722,500
2025-05-29 11:25:00-04:00,521.73,521.94,521.69,521.9,96727.0,521.811,721
2025-05-29 11:26:00-04:00,521.91,522.12,521.77,522.05,151774.0,521.911,767
2025-05-29 11:27:00-04:00,522.05,522.11,521.85,522.01,56410.0,522.009,399
2025-05-29 11:28:00-04:00,522.0,522.32,522.0,522.2,160706.0,522.18,940
2025-05-29 11:29:00-04:00,522.2,522.37,522.06,522.15,69139.0,522.213,514
2025-05-29 11:30:00-04:00,522.14,522.23,521.64,521.74,103534.0,521.939,777
2025-05-29 11:31:00-04:00,521.76,521.78,521.21,521.22,106221.0,521.446,777
2025-05-29 11:32:00-04:00,521.21,521.32,520.74,520.83,161836.0,520.975,964
2025-05-29 11:33:00-04:00,520.82,520.91,520.61,520.66,134722.0,520.724,892
2025-05-29 11:34:00-04:00,520.64,520.73,520.32,520.73,152463.0,520.531,1001
2025-05-29 11:35:00-04:00,520.73,521.03,520.6,521.02,148641.0,520.867,1071
2025-05-29 11:36:00-04:00,521.03,521.13,520.88,521.04,109547.0,521.025,784
2025-05-29 11:37:00-04:00,521.04,521.05,520.73,520.87,91332.0,520.895,697
2025-05-29 11:38:00-04:00,520.84,520.95,520.5,520.55,88518.0,520.665,638
2025-05-29 11:39:00-04:00,520.54,520.73,520.47,520.63,76797.0,520.606,612
2025-05-29 11:40:00-04:00,520.64,520.88,520.44,520.77,97875.0,520.617,762
2025-05-29 11:41:00-04:00,520.77,521.0,520.73,520.76,88302.0,520.888,641
2025-05-29 11:42:00-04:00,520.75,520.98,520.7,520.8,61989.0,520.837,511
2025-05-29 11:43:00-04:00,520.81,520.96,520.72,520.73,54760.0,520.849,427
2025-05-29 11:44:00-04:00,520.75,520.8,520.66,520.74,42547.0,520.737,344
2025-05-29 11:45:00-04:00,520.73,520.83,520.38,520.46,85402.0,520.59,668
2025-05-29 11:46:00-04:00,520.45,520.87,520.44,520.87,69935.0,520.729,528
2025-05-29 11:47:00-04:00,520.85,520.97,520.69,520.76,52583.0,520.86,439
2025-05-29 11:48:00-04:00,520.73,520.77,520.52,520.57,43954.0,520.617,358
2025-05-29 11:49:00-04:00,520.59,520.61,520.24,520.28,82062.0,520.35,538
2025-05-29 11:50:00-04:00,520.28,520.78,520.22,520.77,81279.0,520.522,567
2025-05-29 11:51:00-04:00,520.78,521.0,520.7,520.86,137965.0,520.865,750
2025-05-29 11:52:00-04:00,520.88,521.07,520.87,521.03,60282.0,520.964,383
2025-05-29 11:53:00-04:00,521.02,521.1,520.78,520.9,79645.0,520.896,541
2025-05-29 11:54:00-04:00,520.91,521.12,520.7,520.72,89136.0,520.944,614
2025-05-29 11:55:00-04:00,520.7,520.76,520.57,520.63,32619.0,520.658,252
2025-05-29 11:56:00-04:00,520.61,520.71,520.35,520.43,47456.0,520.543,336
2025-05-29 11:57:00-04:00,520.42,520.43,518.81,518.9,308613.0,519.455,2177
2025-05-29 11:58:00-04:00,518.88,518.93,518.09,518.27,329046.0,518.488,2301
2025-05-29 11:59:00-04:00,518.29,518.47,517.9,518.47,274910.0,518.207,1580
2025-05-29 12:00:00-04:00,518.42,518.51,517.32,517.64,382193.0,517.902,2448
2025-05-29 12:01:00-04:00,517.6,518.34,517.6,518.09,216659.0,518.029,1482
2025-05-29 12:02:00-04:00,518.06,518.19,517.83,518.01,144235.0,518.01,1008
2025-05-29 12:03:00-04:00,518.0,518.48,517.88,518.39,108587.0,518.234,751
2025-05-29 12:04:00-04:00,518.42,518.81,518.28,518.52,125568.0,518.572,852
2025-05-29 12:05:00-04:00,518.54,518.86,518.49,518.74,126665.0,518.696,981
2025-05-29 12:06:00-04:00,518.71,518.92,518.5,518.84,129978.0,518.685,984
2025-05-29 12:07:00-04:00,518.88,518.92,518.63,518.84,79528.0,518.805,621
2025-05-29 12:08:00-04:00,518.84,519.03,518.65,518.69,104303.0,518.868,629
2025-05-29 12:09:00-04:00,518.7,519.01,518.68,518.91,62398.0,518.881,495
2025-05-29 12:10:00-04:00,518.9,519.31,518.83,519.26,124465.0,519.038,816
2025-05-29 12:11:00-04:00,519.27,519.58,519.23,519.47,96530.0,519.465,585
2025-05-29 12:12:00-04:00,519.48,519.55,519.34,519.49,90368.0,519.467,575
2025-05-29 12:13:00-04:00,519.49,519.68,519.23,519.27,120858.0,519.474,865
2025-05-29 12:14:00-04:00,519.24,519.92,519.21,519.86,102269.0,519.691,704
2025-05-29 12:15:00-04:00,519.84,520.13,519.84,520.11,81530.0,520.008,471
2025-05-29 12:16:00-04:00,520.12,520.32,519.98,520.25,73992.0,520.157,530
2025-05-29 12:17:00-04:00,520.25,520.41,520.01,520.03,92484.0,520.22,597
2025-05-29 12:18:00-04:00,520.03,520.25,520.01,520.09,43182.0,520.118,280
2025-05-29 12:19:00-04:00,520.09,520.4,520.09,520.25,60293.0,520.258,408
2025-05-29 12:20:00-04:00,520.23,520.42,520.17,520.27,53063.0,520.298,360
2025-05-29 12:21:00-04:00,520.26,520.46,520.08,520.2,63879.0,520.262,422
2025-05-29 12:22:00-04:00,520.19,520.32,519.87,520.12,97118.0,520.108,684
2025-05-29 12:23:00-04:00,520.12,520.39,520.04,520.35,93742.0,520.265,662
2025-05-29 12:24:00-04:00,520.34,520.5,520.23,520.25,38229.0,520.374,330
2025-05-29 12:25:00-04:00,520.26,520.4,520.07,520.26,42037.0,520.204,345
2025-05-29 12:26:00-04:00,520.26,520.31,520.09,520.27,30530.0,520.193,240
2025-05-29 12:27:00-04:00,520.28,520.31,520.11,520.13,76654.0,520.21,421
2025-05-29 12:28:00-04:00,520.15,520.51,520.05,520.5,96540.0,520.274,597
2025-05-29 12:29:00-04:00,520.5,520.6,520.32,520.32,93180.0,520.483,578
2025-05-29 12:30:00-04:00,520.33,520.7,520.27,520.63,60021.0,520.474,431
2025-05-29 12:31:00-04:00,520.63,520.79,520.52,520.6,91536.0,520.666,519
2025-05-29 12:32:00-04:00,520.59,520.65,520.43,520.44,29724.0,520.516,229
2025-05-29 12:33:00-04:00,520.44,520.55,520.31,520.32,36976.0,520.444,257
2025-05-29 12:34:00-04:00,520.32,520.63,520.28,520.57,56560.0,520.485,455
2025-05-29 12:35:00-04:00,520.55,520.62,520.4,520.58,42895.0,520.533,343
2025-05-29 12:36:00-04:00,520.59,521.04,520.56,520.73,146728.0,520.849,1044
2025-05-29 12:37:00-04:00,520.74,520.87,520.4,520.5,55223.0,520.569,373
2025-05-29 12:38:00-04:00,520.5,520.63,520.43,520.55,34850.0,520.515,255
2025-05-29 12:39:00-04:00,520.54,520.75,520.52,520.66,61479.0,520.653,461
2025-05-29 12:40:00-04:00,520.65,520.85,520.63,520.79,67339.0,520.757,484
2025-05-29 12:41:00-04:00,520.81,520.93,520.71,520.79,40991.0,520.834,293
2025-05-29 12:42:00-04:00,520.79,521.04,520.73,520.78,88271.0,520.914,602
2025-05-29 12:43:00-04:00,520.8,520.86,520.59,520.8,57801.0,520.723,398
2025-05-29 12:44:00-04:00,520.78,520.98,520.78,520.88,42756.0,520.905,309
2025-05-29 12:45:00-04:00,520.89,521.06,520.89,520.97,47631.0,520.973,347
2025-05-29 12:46:00-04:00,520.98,521.0,520.73,520.86,43016.0,520.874,319
2025-05-29 12:47:00-04:00,520.87,520.96,520.78,520.84,27705.0,520.858,215
2025-05-29 12:48:00-04:00,520.85,520.89,520.6,520.6,53488.0,520.767,342
2025-05-29 12:49:00-04:00,520.61,520.65,520.49,520.49,45551.0,520.567,305
2025-05-29 12:50:00-04:00,520.5,520.69,520.44,520.56,57740.0,520.562,440
2025-05-29 12:51:00-04:00,520.56,520.64,520.41,520.51,26005.0,520.543,209
2025-05-29 12:52:00-04:00,520.5,520.69,520.32,520.65,81830.0,520.518,592
2025-05-29 12:53:00-04:00,520.67,520.7,520.51,520.68,51322.0,520.616,395
2025-05-29 12:54:00-04:00,520.67,520.81,520.59,520.75,52126.0,520.708,391
2025-05-29 12:55:00-04:00,520.75,520.84,520.69,520.76,48451.0,520.771,290
2025-05-29 12:56:00-04:00,520.78,520.78,520.52,520.69,44618.0,520.658,327
2025-05-29 12:57:00-04:00,520.69,521.32,520.68,521.26,163656.0,521.112,975
2025-05-29 12:58:00-04:00,521.3,521.43,521.2,521.29,67359.0,521.322,438
2025-05-29 12:59:00-04:00,521.3,521.33,521.06,521.06,36429.0,521.2,231
2025-05-29 13:00:00-04:00,521.05,521.31,520.98,521.31,57308.0,521.098,384
2025-05-29 13:01:00-04:00,521.29,521.39,521.17,521.31,66913.0,521.29,337
2025-05-29 13:02:00-04:00,521.31,521.64,521.28,521.41,118691.0,521.469,660
2025-05-29 13:03:00-04:00,521.39,521.49,521.09,521.16,86138.0,521.308,479
2025-05-29 13:04:00-04:00,521.13,521.22,521.0,521.02,58464.0,521.095,415
2025-05-29 13:05:00-04:00,521.0,521.18,520.99,521.08,34313.0,521.081,257
2025-05-29 13:06:00-04:00,521.08,521.12,520.74,520.78,43598.0,520.967,309
2025-05-29 13:07:00-04:00,520.8,520.96,520.65,520.88,66547.0,520.803,427
2025-05-29 13:08:00-04:00,520.9,521.11,520.86,521.08,26275.0,521.005,176
2025-05-29 13:09:00-04:00,521.08,521.08,520.75,520.86,42622.0,520.869,313
2025-05-29 13:10:00-04:00,520.84,521.05,520.76,520.97,34279.0,520.898,256
2025-05-29 13:11:00-04:00,520.99,521.15,520.86,520.96,42354.0,521.001,278
2025-05-29 13:12:00-04:00,520.97,521.1,520.97,521.06,30411.0,521.039,219
2025-05-29 13:13:00-04:00,521.05,521.07,520.88,520.96,36588.0,520.984,306
2025-05-29 13:14:00-04:00,520.98,521.07,520.75,520.86,30347.0,520.886,221
2025-05-29 13:15:00-04:00,520.86,520.93,520.59,520.65,80054.0,520.804,487
2025-05-29 13:16:00-04:00,520.68,520.82,520.58,520.74,56873.0,520.705,362
2025-05-29 13:17:00-04:00,520.73,520.74,520.22,520.43,74574.0,520.405,507
2025-05-29 13:18:00-04:00,520.44,520.51,520.31,520.47,69569.0,520.425,504
2025-05-29 13:19:00-04:00,520.49,520.5,520.13,520.44,61492.0,520.327,418
2025-05-29 13:20:00-04:00,520.45,520.58,520.26,520.37,80868.0,520.437,611
2025-05-29 13:21:00-04:00,520.34,520.93,520.33,520.9,101988.0,520.67,805
2025-05-29 13:22:00-04:00,520.91,520.94,520.44,520.54,70134.0,520.76,498
2025-05-29 13:23:00-04:00,520.52,520.58,520.35,520.42,41801.0,520.443,277
2025-05-29 13:24:00-04:00,520.42,520.51,520.39,520.41,51428.0,520.483,277
2025-05-29 13:25:00-04:00,520.43,520.51,519.99,520.03,62923.0,520.267,432
2025-05-29 13:26:00-04:00,520.02,520.34,519.91,520.33,96086.0,520.135,615
2025-05-29 13:27:00-04:00,520.33,520.33,520.03,520.26,77151.0,520.18,536
2025-05-29 13:28:00-04:00,520.21,520.33,519.94,519.98,67676.0,520.21,449
2025-05-29 13:29:00-04:00,520.0,520.19,519.96,520.07,37149.0,520.043,269
2025-05-29 13:30:00-04:00,520.07,520.35,519.92,520.34,95141.0,520.113,657
2025-05-29 13:31:00-04:00,520.33,520.58,520.21,520.38,52282.0,520.376,358
2025-05-29 13:32:00-04:00,520.37,520.46,520.21,520.35,23220.0,520.34,169
2025-05-29 13:33:00-04:00,520.36,520.48,520.27,520.31,30092.0,520.378,196
2025-05-29 13:34:00-04:00,520.31,520.32,520.04,520.17,56862.0,520.161,411
2025-05-29 13:35:00-04:00,520.17,520.42,520.11,520.4,65304.0,520.258,402
2025-05-29 13:36:00-04:00,520.4,520.48,519.79,519.88,77576.0,520.106,513
2025-05-29 13:37:00-04:00,519.88,520.0,519.7,519.92,56026.0,519.845,399
2025-05-29 13:38:00-04:00,519.92,519.98,519.77,519.78,43744.0,519.859,297
2025-05-29 13:39:00-04:00,519.8,520.11,519.8,519.99,38270.0,519.977,271
2025-05-29 13:40:00-04:00,520.0,520.29,519.9,520.28,63565.0,520.041,470
2025-05-29 13:41:00-04:00,520.26,520.53,520.19,520.49,71031.0,520.38,507
2025-05-29 13:42:00-04:00,520.5,520.53,520.1,520.2,52601.0,520.273,354
2025-05-29 13:43:00-04:00,520.18,520.26,519.9,519.93,39692.0,520.09,277
2025-05-29 13:44:00-04:00,519.93,520.15,519.78,519.86,47348.0,519.974,328
2025-05-29 13:45:00-04:00,519.88,520.12,519.79,519.93,77437.0,519.97,559
2025-05-29 13:46:00-04:00,519.94,520.04,519.72,519.94,94761.0,519.84,646
2025-05-29 13:47:00-04:00,519.96,520.02,519.8,519.89,34016.0,519.918,281
2025-05-29 13:48:00-04:00,519.9,519.92,519.42,519.46,100171.0,519.624,669
2025-05-29 13:49:00-04:00,519.44,519.46,519.08,519.16,98054.0,519.26,665
2025-05-29 13:50:00-04:00,519.16,519.35,519.12,519.32,93495.0,519.244,638
2025-05-29 13:51:00-04:00,519.33,519.75,519.3,519.54,93049.0,519.498,633
2025-05-29 13:52:00-04:00,519.57,519.73,519.53,519.62,44393.0,519.633,314
2025-05-29 13:53:00-04:00,519.63,519.76,519.48,519.68,45386.0,519.649,323
2025-05-29 13:54:00-04:00,519.68,519.72,519.4,519.45,61054.0,519.575,409
2025-05-29 13:55:00-04:00,519.42,519.43,519.11,519.33,87124.0,519.256,596
2025-05-29 13:56:00-04:00,519.33,519.35,519.02,519.03,76420.0,519.201,506
2025-05-29 13:57:00-04:00,519.03,519.12,518.92,518.98,108081.0,519.011,685
2025-05-29 13:58:00-04:00,518.99,519.19,518.98,519.11,81713.0,519.079,493
2025-05-29 13:59:00-04:00,519.08,519.18,518.98,519.03,36384.0,519.064,254
2025-05-29 14:00:00-04:00,519.03,519.41,518.94,519.35,79438.0,519.196,538
2025-05-29 14:01:00-04:00,519.4,519.42,519.04,519.2,63017.0,519.27,457
2025-05-29 14:02:00-04:00,519.2,519.27,519.02,519.11,60469.0,519.169,375
2025-05-29 14:03:00-04:00,519.1,519.26,518.97,519.14,42599.0,519.119,304
2025-05-29 14:04:00-04:00,519.14,519.35,519.12,519.34,48839.0,519.26,376
2025-05-29 14:05:00-04:00,519.32,519.65,519.26,519.61,79914.0,519.48,543
2025-05-29 14:06:00-04:00,519.6,519.75,519.49,519.57,44765.0,519.601,299
2025-05-29 14:07:00-04:00,519.59,519.71,519.51,519.7,32785.0,519.599,221
2025-05-29 14:08:00-04:00,519.71,519.81,519.57,519.61,64842.0,519.713,433
2025-05-29 14:09:00-04:00,519.61,519.66,519.42,519.53,60683.0,519.524,393
2025-05-29 14:10:00-04:00,519.52,519.66,519.39,519.45,54974.0,519.495,401
2025-05-29 14:11:00-04:00,519.39,519.55,519.34,519.48,38283.0,519.435,273
2025-05-29 14:12:00-04:00,519.48,519.5,519.31,519.42,33594.0,519.411,231
2025-05-29 14:13:00-04:00,519.42,519.71,519.21,519.69,69241.0,519.452,451
2025-05-29 14:14:00-04:00,519.71,519.79,519.56,519.56,43923.0,519.689,288
2025-05-29 14:15:00-04:00,519.57,519.7,519.39,519.48,54470.0,519.535,385
2025-05-29 14:16:00-04:00,519.47,519.6,519.22,519.23,39918.0,519.414,302
2025-05-29 14:17:00-04:00,519.21,519.21,518.95,519.01,65344.0,519.095,487
2025-05-29 14:18:00-04:00,519.0,519.0,518.45,518.7,80695.0,518.64,549
2025-05-29 14:19:00-04:00,518.67,518.68,518.4,518.46,49917.0,518.54,306
2025-05-29 14:20:00-04:00,518.45,518.45,518.0,518.24,137804.0,518.18,850
2025-05-29 14:21:00-04:00,518.24,518.26,517.97,518.01,57736.0,518.112,376
2025-05-29 14:22:00-04:00,518.03,518.18,517.83,518.17,95101.0,518.02,601
2025-05-29 14:23:00-04:00,518.15,518.54,518.15,518.37,84322.0,518.381,569
2025-05-29 14:24:00-04:00,518.37,518.38,517.97,518.02,76751.0,518.172,526
2025-05-29 14:25:00-04:00,518.02,518.22,517.97,518.1,52085.0,518.101,389
2025-05-29 14:26:00-04:00,518.12,518.4,518.07,518.38,61078.0,518.25,420
2025-05-29 14:27:00-04:00,518.39,518.46,517.71,517.71,104005.0,518.024,743
2025-05-29 14:28:00-04:00,517.71,518.21,517.71,518.19,76123.0,517.965,420
2025-05-29 14:29:00-04:00,518.21,518.24,517.96,518.03,57705.0,518.093,384
2025-05-29 14:30:00-04:00,518.0,518.43,518.0,518.42,86568.0,518.23,591
2025-05-29 14:31:00-04:00,518.4,518.55,518.25,518.44,64024.0,518.417,392
2025-05-29 14:32:00-04:00,518.45,518.77,518.44,518.7,68349.0,518.583,464
2025-05-29 14:33:00-04:00,518.72,518.79,518.57,518.71,47791.0,518.693,307
2025-05-29 14:34:00-04:00,518.72,518.88,518.7,518.81,52029.0,518.82,370
2025-05-29 14:35:00-04:00,518.86,518.97,518.79,518.93,55661.0,518.879,328
2025-05-29 14:36:00-04:00,518.94,519.24,518.91,519.22,101514.0,519.103,722
2025-05-29 14:37:00-04:00,519.2,519.26,518.98,519.18,54369.0,519.112,362
2025-05-29 14:38:00-04:00,519.17,519.18,518.95,519.01,32099.0,519.063,238
2025-05-29 14:39:00-04:00,519.0,519.26,519.0,519.2,53922.0,519.179,346
2025-05-29 14:40:00-04:00,519.21,519.25,519.07,519.21,54630.0,519.181,382
2025-05-29 14:41:00-04:00,519.21,519.39,519.02,519.03,60601.0,519.228,396
2025-05-29 14:42:00-04:00,519.05,519.21,518.96,519.16,61313.0,519.073,407
2025-05-29 14:43:00-04:00,519.14,519.31,519.08,519.31,29929.0,519.193,212
2025-05-29 14:44:00-04:00,519.3,519.42,519.18,519.21,33756.0,519.317,253
2025-05-29 14:45:00-04:00,519.21,519.45,519.18,519.41,47698.0,519.304,321
2025-05-29 14:46:00-04:00,519.42,519.53,519.37,519.41,39828.0,519.477,295
2025-05-29 14:47:00-04:00,519.41,519.42,519.1,519.25,39129.0,519.258,316
2025-05-29 14:48:00-04:00,519.25,519.26,519.01,519.13,43569.0,519.117,292
2025-05-29 14:49:00-04:00,519.16,519.17,519.0,519.02,46051.0,519.037,294
2025-05-29 14:50:00-04:00,519.03,519.47,519.03,519.34,94137.0,519.323,635
2025-05-29 14:51:00-04:00,519.36,519.43,519.22,519.28,36471.0,519.318,222
2025-05-29 14:52:00-04:00,519.24,519.58,519.24,519.51,46643.0,519.433,311
2025-05-29 14:53:00-04:00,519.53,519.57,519.36,519.42,36704.0,519.463,236
2025-05-29 14:54:00-04:00,519.43,519.44,519.26,519.38,29308.0,519.345,221
2025-05-29 14:55:00-04:00,519.37,519.59,519.34,519.57,62671.0,519.507,371
2025-05-29 14:56:00-04:00,519.57,519.65,519.53,519.57,37250.0,519.587,226
2025-05-29 14:57:00-04:00,519.59,519.61,519.2,519.22,53781.0,519.388,331
2025-05-29 14:58:00-04:00,519.22,519.26,518.61,518.75,181955.0,518.871,1307
2025-05-29 14:59:00-04:00,518.75,518.87,518.44,518.78,97482.0,518.65,706
2025-05-29 15:00:00-04:00,518.8,519.19,518.65,519.01,93248.0,518.921,718
2025-05-29 15:01:00-04:00,519.04,519.28,518.91,519.09,82781.0,519.105,520
2025-05-29 15:02:00-04:00,519.12,519.17,518.97,519.11,36362.0,519.085,265
2025-05-29 15:03:00-04:00,519.1,519.21,518.94,519.16,29483.0,519.056,241
2025-05-29 15:04:00-04:00,519.17,519.4,519.15,519.24,37178.0,519.277,280
2025-05-29 15:05:00-04:00,519.26,519.28,518.97,519.19,39145.0,519.153,298
2025-05-29 15:06:00-04:00,519.17,519.2,518.38,518.62,301677.0,518.757,2085
2025-05-29 15:07:00-04:00,518.61,518.75,518.33,518.58,160170.0,518.577,1235
2025-05-29 15:08:00-04:00,518.58,518.67,518.32,518.49,141595.0,518.524,968
2025-05-29 15:09:00-04:00,518.49,518.7,518.48,518.67,65090.0,518.607,488
2025-05-29 15:10:00-04:00,518.67,518.78,518.55,518.58,74817.0,518.648,555
2025-05-29 15:11:00-04:00,518.59,518.59,518.36,518.56,59937.0,518.439,485
2025-05-29 15:12:00-04:00,518.55,518.79,518.37,518.37,73794.0,518.596,530
2025-05-29 15:13:00-04:00,518.37,518.79,518.27,518.73,100500.0,518.487,587
2025-05-29 15:14:00-04:00,518.74,518.8,518.38,518.4,43751.0,518.553,246
2025-05-29 15:15:00-04:00,518.4,518.57,518.2,518.49,101430.0,518.369,651
2025-05-29 15:16:00-04:00,518.5,518.69,518.36,518.65,59676.0,518.524,426
2025-05-29 15:17:00-04:00,518.66,518.78,518.54,518.72,36305.0,518.655,259
2025-05-29 15:18:00-04:00,518.75,519.03,518.75,519.02,53164.0,518.884,374
2025-05-29 15:19:00-04:00,519.04,519.16,518.96,519.07,62622.0,519.065,392
2025-05-29 15:20:00-04:00,519.05,519.44,519.01,519.32,81068.0,519.277,559
2025-05-29 15:21:00-04:00,519.34,519.54,519.33,519.44,71294.0,519.415,478
2025-05-29 15:22:00-04:00,519.45,519.47,519.29,519.41,33407.0,519.386,217
2025-05-29 15:23:00-04:00,519.39,519.78,519.34,519.75,96751.0,519.572,607
2025-05-29 15:24:00-04:00,519.76,519.81,519.56,519.64,65275.0,519.662,401
2025-05-29 15:25:00-04:00,519.6,519.8,519.52,519.79,71676.0,519.654,420
2025-05-29 15:26:00-04:00,519.82,519.88,519.45,519.48,70533.0,519.645,522
2025-05-29 15:27:00-04:00,519.47,519.48,519.08,519.09,101131.0,519.345,635
2025-05-29 15:28:00-04:00,519.08,519.18,518.99,519.08,55544.0,519.073,368
2025-05-29 15:29:00-04:00,519.07,519.09,518.89,518.97,45344.0,519.004,329
2025-05-29 15:30:00-04:00,518.97,519.37,518.95,519.28,99454.0,519.172,725
2025-05-29 15:31:00-04:00,519.3,519.39,519.24,519.25,55229.0,519.31,376
2025-05-29 15:32:00-04:00,519.23,519.3,519.07,519.23,66508.0,519.193,484
2025-05-29 15:33:00-04:00,519.27,519.34,519.12,519.19,63563.0,519.235,473
2025-05-29 15:34:00-04:00,519.2,519.28,519.14,519.25,50888.0,519.219,345
2025-05-29 15:35:00-04:00,519.25,519.32,519.13,519.16,41443.0,519.209,331
2025-05-29 15:36:00-04:00,519.17,519.33,519.0,519.25,120403.0,519.218,682
2025-05-29 15:37:00-04:00,519.26,519.37,519.14,519.17,82792.0,519.267,581
2025-05-29 15:38:00-04:00,519.18,519.25,519.02,519.16,73455.0,519.152,521
2025-05-29 15:39:00-04:00,519.17,519.21,519.06,519.11,50319.0,519.144,383
2025-05-29 15:40:00-04:00,519.11,519.62,519.11,519.54,116311.0,519.419,822
2025-05-29 15:41:00-04:00,519.54,519.59,519.35,519.53,62554.0,519.488,432
2025-05-29 15:42:00-04:00,519.52,519.59,519.38,519.41,91569.0,519.494,637
2025-05-29 15:43:00-04:00,519.4,519.49,519.27,519.31,61466.0,519.386,446
2025-05-29 15:44:00-04:00,519.3,519.4,519.22,519.35,82048.0,519.317,494
2025-05-29 15:45:00-04:00,519.34,519.67,519.3,519.65,79163.0,519.502,594
2025-05-29 15:46:00-04:00,519.64,519.95,519.55,519.9,120476.0,519.763,838
2025-05-29 15:47:00-04:00,519.95,520.0,519.66,519.98,133200.0,519.877,897
2025-05-29 15:48:00-04:00,519.98,520.28,519.64,519.65,207638.0,520.039,1314
2025-05-29 15:49:00-04:00,519.64,520.04,519.57,520.0,128439.0,519.836,906
2025-05-29 15:50:00-04:00,520.01,520.91,520.01,520.35,361827.0,520.577,2720
2025-05-29 15:51:00-04:00,520.36,520.43,519.76,520.05,184417.0,520.092,1287
2025-05-29 15:52:00-04:00,520.04,520.21,519.71,519.86,163665.0,519.978,1226
2025-05-29 15:53:00-04:00,519.87,520.01,519.21,519.23,190352.0,519.582,1306
2025-05-29 15:54:00-04:00,519.23,519.55,519.03,519.49,251558.0,519.26,1858
2025-05-29 15:55:00-04:00,519.49,519.91,519.41,519.62,314538.0,519.617,2248
2025-05-29 15:56:00-04:00,519.63,520.0,519.56,519.83,154750.0,519.821,1050
2025-05-29 15:57:00-04:00,519.84,520.07,519.77,519.93,161314.0,519.924,1051
2025-05-29 15:58:00-04:00,519.93,520.17,519.93,520.12,162905.0,520.082,968
2025-05-29 15:59:00-04:00,520.12,520.13,519.53,519.96,463178.0,519.829,2846
2025-05-30 09:30:00-04:00,519.44,519.66,518.74,518.8,350603.0,519.271,1656
2025-05-30 09:31:00-04:00,518.75,519.31,518.5,519.13,174061.0,518.855,1327
2025-05-30 09:32:00-04:00,519.09,519.37,518.43,518.43,110025.0,518.914,890
2025-05-30 09:33:00-04:00,518.43,518.6,518.18,518.36,110431.0,518.388,845
2025-05-30 09:34:00-04:00,518.34,518.75,518.14,518.52,116908.0,518.447,933
2025-05-30 09:35:00-04:00,518.48,518.7,517.74,517.83,129822.0,518.122,946
2025-05-30 09:36:00-04:00,517.84,517.91,517.55,517.86,164660.0,517.737,1136
2025-05-30 09:37:00-04:00,517.83,518.01,517.61,518.0,139059.0,517.804,999
2025-05-30 09:38:00-04:00,517.98,518.17,517.61,517.62,120606.0,517.948,905
2025-05-30 09:39:00-04:00,517.61,518.25,517.55,517.88,171815.0,517.94,1289
2025-05-30 09:40:00-04:00,517.9,518.21,517.69,518.17,139340.0,517.961,932
2025-05-30 09:41:00-04:00,518.19,518.28,517.67,517.87,89985.0,518.005,612
2025-05-30 09:42:00-04:00,517.84,517.94,517.53,517.59,81486.0,517.699,638
2025-05-30 09:43:00-04:00,517.57,517.73,517.35,517.71,167946.0,517.587,1123
2025-05-30 09:44:00-04:00,517.71,517.71,517.36,517.49,93186.0,517.537,694
2025-05-30 09:45:00-04:00,517.45,517.99,517.18,517.95,216455.0,517.441,1684
2025-05-30 09:46:00-04:00,517.99,518.12,517.53,517.55,132859.0,517.881,1024
2025-05-30 09:47:00-04:00,517.54,517.67,517.23,517.56,143677.0,517.433,1018
2025-05-30 09:48:00-04:00,517.52,517.93,517.47,517.89,132382.0,517.662,1007
2025-05-30 09:49:00-04:00,517.9,517.93,517.14,517.21,181537.0,517.49,1308
2025-05-30 09:50:00-04:00,517.2,517.24,516.5,516.65,232384.0,516.947,1431
2025-05-30 09:51:00-04:00,516.64,516.64,516.1,516.14,132449.0,516.392,906
2025-05-30 09:52:00-04:00,516.11,516.21,515.89,516.19,179939.0,516.047,1182
2025-05-30 09:53:00-04:00,516.18,516.6,516.03,516.59,114938.0,516.328,810
2025-05-30 09:54:00-04:00,516.6,516.92,516.53,516.79,112914.0,516.73,801
2025-05-30 09:55:00-04:00,516.78,516.88,516.38,516.51,98838.0,516.672,700
2025-05-30 09:56:00-04:00,516.48,516.67,516.26,516.61,57548.0,516.492,408
2025-05-30 09:57:00-04:00,516.59,516.76,516.34,516.54,99044.0,516.541,634
2025-05-30 09:58:00-04:00,516.56,516.8,516.54,516.78,60399.0,516.678,411
2025-05-30 09:59:00-04:00,516.77,516.77,516.35,516.47,55611.0,516.589,329
2025-05-30 10:00:00-04:00,516.46,517.47,516.4,517.45,192722.0,516.954,1406
2025-05-30 10:01:00-04:00,517.46,518.04,517.27,517.79,280403.0,517.642,2112
2025-05-30 10:02:00-04:00,517.81,517.99,517.56,517.78,159866.0,517.765,1095
2025-05-30 10:03:00-04:00,517.78,517.87,517.52,517.52,147636.0,517.718,1061
2025-05-30 10:04:00-04:00,517.56,518.01,517.44,518.01,134313.0,517.658,790
2025-05-30 10:05:00-04:00,518.01,518.55,518.0,518.42,270150.0,518.288,1820
2025-05-30 10:06:00-04:00,518.41,518.68,518.21,518.26,157908.0,518.458,1256
2025-05-30 10:07:00-04:00,518.29,518.65,518.27,518.58,74491.0,518.47,551
2025-05-30 10:08:00-04:00,518.59,518.66,518.38,518.48,73321.0,518.522,489
2025-05-30 10:09:00-04:00,518.5,518.79,518.42,518.58,99382.0,518.614,699
2025-05-30 10:10:00-04:00,518.58,518.68,518.34,518.62,94553.0,518.486,683
2025-05-30 10:11:00-04:00,518.61,518.77,518.44,518.55,66591.0,518.588,535
2025-05-30 10:12:00-04:00,518.56,519.34,518.54,519.25,162245.0,518.97,1083
2025-05-30 10:13:00-04:00,519.3,519.47,519.08,519.14,191142.0,519.296,1316
2025-05-30 10:14:00-04:00,519.16,519.35,518.99,519.14,90447.0,519.158,594
2025-05-30 10:15:00-04:00,519.12,519.26,518.86,519.25,116712.0,519.072,780
2025-05-30 10:16:00-04:00,519.24,519.36,518.99,519.06,104206.0,519.193,716
2025-05-30 10:17:00-04:00,519.05,519.19,518.94,519.12,50965.0,519.064,369
2025-05-30 10:18:00-04:00,519.16,519.22,518.83,518.96,45094.0,519.046,353
2025-05-30 10:19:00-04:00,518.96,519.32,518.83,519.31,88243.0,519.033,545
2025-05-30 10:20:00-04:00,519.32,519.51,519.24,519.36,127296.0,519.375,953
2025-05-30 10:21:00-04:00,519.37,519.59,519.25,519.33,101092.0,519.456,616
2025-05-30 10:22:00-04:00,519.34,519.38,519.04,519.19,68636.0,519.214,467
2025-05-30 10:23:00-04:00,519.17,519.29,518.96,519.13,53298.0,519.131,349
2025-05-30 10:24:00-04:00,519.13,519.35,519.05,519.18,55092.0,519.182,400
2025-05-30 10:25:00-04:00,519.18,519.35,518.97,519.29,92427.0,519.171,512
2025-05-30 10:26:00-04:00,519.28,519.5,519.14,519.17,76332.0,519.357,478
2025-05-30 10:27:00-04:00,519.16,519.47,519.03,519.37,78427.0,519.233,508
2025-05-30 10:28:00-04:00,519.37,519.68,519.31,519.51,118912.0,519.526,707
2025-05-30 10:29:00-04:00,519.52,519.59,519.33,519.5,72655.0,519.448,505
2025-05-30 10:30:00-04:00,519.49,519.5,519.11,519.28,84318.0,519.276,650
2025-05-30 10:31:00-04:00,519.26,519.59,519.2,519.55,117600.0,519.412,827
2025-05-30 10:32:00-04:00,519.54,519.65,519.41,519.43,69092.0,519.536,517
2025-05-30 10:33:00-04:00,519.44,519.44,519.09,519.17,69932.0,519.293,515
2025-05-30 10:34:00-04:00,519.15,519.33,519.04,519.23,78205.0,519.218,541
2025-05-30 10:35:00-04:00,519.24,519.25,519.04,519.09,44656.0,519.173,322
2025-05-30 10:36:00-04:00,519.1,519.25,518.92,519.21,80423.0,519.09,614
2025-05-30 10:37:00-04:00,519.21,519.83,519.2,519.79,120481.0,519.548,787
2025-05-30 10:38:00-04:00,519.79,519.85,519.55,519.75,94692.0,519.716,659
2025-05-30 10:39:00-04:00,519.75,519.86,519.73,519.8,65237.0,519.804,420
2025-05-30 10:40:00-04:00,519.76,519.77,519.22,519.4,91580.0,519.501,668
2025-05-30 10:41:00-04:00,519.42,519.43,519.19,519.36,76467.0,519.317,543
2025-05-30 10:42:00-04:00,519.36,519.51,519.12,519.22,71977.0,519.35,534
2025-05-30 10:43:00-04:00,519.23,519.45,519.11,519.35,66811.0,519.315,454
2025-05-30 10:44:00-04:00,519.35,519.43,519.12,519.17,64470.0,519.239,503
2025-05-30 10:45:00-04:00,519.17,519.18,518.8,518.9,131467.0,519.012,868
2025-05-30 10:46:00-04:00,518.91,519.27,518.82,519.26,137104.0,519.007,843
2025-05-30 10:47:00-04:00,519.26,519.47,519.15,519.43,100557.0,519.311,751
2025-05-30 10:48:00-04:00,519.42,519.52,519.31,519.46,75863.0,519.44,555
2025-05-30 10:49:00-04:00,519.47,519.52,519.3,519.38,69175.0,519.415,522
2025-05-30 10:50:00-04:00,519.38,519.42,518.95,519.14,85380.0,519.137,591
2025-05-30 10:51:00-04:00,519.12,519.35,519.07,519.14,64255.0,519.179,514
2025-05-30 10:52:00-04:00,519.14,519.16,518.77,518.79,141813.0,518.991,612
2025-05-30 10:53:00-04:00,518.76,519.04,518.63,518.82,59782.0,518.808,458
2025-05-30 10:54:00-04:00,518.82,518.99,518.75,518.96,71246.0,518.845,501
2025-05-30 10:55:00-04:00,518.96,519.45,518.89,519.34,84845.0,519.258,608
2025-05-30 10:56:00-04:00,519.34,519.58,519.32,519.43,100374.0,519.48,546
2025-05-30 10:57:00-04:00,519.44,519.45,518.78,518.83,101608.0,519.054,658
2025-05-30 10:58:00-04:00,518.81,518.89,518.66,518.67,86721.0,518.758,660
2025-05-30 10:59:00-04:00,518.66,518.87,518.56,518.79,87580.0,518.693,585
2025-05-30 11:00:00-04:00,518.8,519.08,518.77,519.01,99729.0,518.963,747
2025-05-30 11:01:00-04:00,518.98,519.17,518.86,518.87,87846.0,518.992,570
2025-05-30 11:02:00-04:00,518.9,518.98,518.73,518.79,119477.0,518.9,729
2025-05-30 11:03:00-04:00,518.8,518.99,518.77,518.85,39522.0,518.861,315
2025-05-30 11:04:00-04:00,518.82,518.92,518.71,518.85,43620.0,518.834,323
2025-05-30 11:05:00-04:00,518.85,519.16,518.77,518.96,68682.0,518.976,540
2025-05-30 11:06:00-04:00,519.01,519.09,518.62,518.83,55793.0,518.886,399
2025-05-30 11:07:00-04:00,518.8,518.99,518.58,518.99,65072.0,518.765,510
2025-05-30 11:08:00-04:00,518.99,519.27,518.94,519.05,78712.0,519.132,660
2025-05-30 11:09:00-04:00,519.04,519.1,518.84,518.96,35490.0,518.981,294
2025-05-30 11:10:00-04:00,518.95,519.0,518.63,518.63,46194.0,518.778,341
2025-05-30 11:11:00-04:00,518.62,518.64,518.31,518.33,70965.0,518.467,421
2025-05-30 11:12:00-04:00,518.34,518.56,518.34,518.49,56078.0,518.459,410
2025-05-30 11:13:00-04:00,518.49,518.95,518.47,518.8,90168.0,518.774,637
2025-05-30 11:14:00-04:00,518.79,518.82,518.55,518.6,29281.0,518.66,230
2025-05-30 11:15:00-04:00,518.6,518.67,518.48,518.6,39264.0,518.573,271
2025-05-30 11:16:00-04:00,518.6,518.74,518.34,518.36,117025.0,518.498,552
2025-05-30 11:17:00-04:00,518.35,518.35,518.12,518.27,111114.0,518.244,557
2025-05-30 11:18:00-04:00,518.25,518.29,518.05,518.05,64646.0,518.183,354
2025-05-30 11:19:00-04:00,518.06,518.08,517.91,518.02,76786.0,518.014,503
2025-05-30 11:20:00-04:00,518.0,518.35,518.0,518.15,92296.0,518.174,646
2025-05-30 11:21:00-04:00,518.14,518.3,518.05,518.17,43371.0,518.149,308
2025-05-30 11:22:00-04:00,518.2,518.65,518.13,518.63,70528.0,518.457,384
2025-05-30 11:23:00-04:00,518.63,518.74,518.54,518.64,62759.0,518.658,380
2025-05-30 11:24:00-04:00,518.67,518.72,518.58,518.62,47478.0,518.646,333
2025-05-30 11:25:00-04:00,518.61,518.7,518.34,518.7,97561.0,518.477,735
2025-05-30 11:26:00-04:00,518.69,518.91,518.69,518.89,89386.0,518.804,584
2025-05-30 11:27:00-04:00,518.91,519.17,518.88,519.12,121394.0,519.035,724
2025-05-30 11:28:00-04:00,519.12,519.16,518.94,519.14,33099.0,519.042,235
2025-05-30 11:29:00-04:00,519.14,519.34,519.07,519.09,71398.0,519.19,419
2025-05-30 11:30:00-04:00,519.09,519.27,518.9,519.23,133608.0,519.055,900
2025-05-30 11:31:00-04:00,519.26,519.35,519.08,519.15,126612.0,519.231,820
2025-05-30 11:32:00-04:00,519.15,519.15,518.1,518.26,165848.0,518.54,1064
2025-05-30 11:33:00-04:00,518.25,518.49,518.07,518.22,73429.0,518.309,537
2025-05-30 11:34:00-04:00,518.21,518.21,517.67,518.07,147905.0,517.938,963
2025-05-30 11:35:00-04:00,518.1,518.23,517.83,518.23,76563.0,518.016,624
2025-05-30 11:36:00-04:00,518.2,518.29,517.83,517.88,77202.0,518.046,579
2025-05-30 11:37:00-04:00,517.85,517.97,517.58,517.72,110091.0,517.778,755
2025-05-30 11:38:00-04:00,517.75,517.85,517.56,517.85,53942.0,517.717,391
2025-05-30 11:39:00-04:00,517.84,517.88,517.71,517.85,98059.0,517.82,640
2025-05-30 11:40:00-04:00,517.83,517.86,517.42,517.43,75415.0,517.59,532
2025-05-30 11:41:00-04:00,517.43,517.57,517.16,517.56,111202.0,517.34,652
2025-05-30 11:42:00-04:00,517.56,517.83,517.42,517.75,95724.0,517.616,686
2025-05-30 11:43:00-04:00,517.77,517.99,517.63,517.65,66629.0,517.809,489
2025-05-30 11:44:00-04:00,517.64,517.75,517.34,517.49,71245.0,517.519,502
2025-05-30 11:45:00-04:00,517.48,517.69,517.37,517.64,74892.0,517.549,454
2025-05-30 11:46:00-04:00,517.64,517.66,517.27,517.46,63303.0,517.45,450
2025-05-30 11:47:00-04:00,517.45,517.59,517.27,517.59,37029.0,517.416,307
2025-05-30 11:48:00-04:00,517.59,517.83,517.57,517.83,67458.0,517.698,422
2025-05-30 11:49:00-04:00,517.82,518.13,517.8,518.07,77330.0,517.96,460
2025-05-30 11:50:00-04:00,518.08,518.22,517.96,518.04,78636.0,518.119,484
2025-05-30 11:51:00-04:00,518.05,518.09,517.81,518.08,56434.0,517.956,440
2025-05-30 11:52:00-04:00,518.07,518.32,518.03,518.23,57070.0,518.169,404
2025-05-30 11:53:00-04:00,518.21,518.23,517.86,517.88,70178.0,518.097,492
2025-05-30 11:54:00-04:00,517.9,518.27,517.87,518.22,66211.0,518.125,390
2025-05-30 11:55:00-04:00,518.22,518.51,518.19,518.51,110316.0,518.36,696
2025-05-30 11:56:00-04:00,518.5,518.59,518.39,518.5,68824.0,518.515,464
2025-05-30 11:57:00-04:00,518.5,518.54,518.19,518.33,124223.0,518.429,643
2025-05-30 11:58:00-04:00,518.33,518.4,517.97,518.22,84318.0,518.224,562
2025-05-30 11:59:00-04:00,518.22,518.22,517.98,518.0,32787.0,518.101,201
2025-05-30 12:00:00-04:00,518.02,518.1,517.74,517.78,67213.0,517.948,460
2025-05-30 12:01:00-04:00,517.74,517.78,517.55,517.56,35363.0,517.641,229
2025-05-30 12:02:00-04:00,517.58,517.6,517.36,517.42,52472.0,517.49,303
2025-05-30 12:03:00-04:00,517.42,517.72,517.37,517.71,86194.0,517.493,497
2025-05-30 12:04:00-04:00,517.7,517.79,517.36,517.51,74933.0,517.595,368
2025-05-30 12:05:00-04:00,517.5,517.72,517.4,517.64,56271.0,517.577,410
2025-05-30 12:06:00-04:00,517.62,518.09,517.62,517.95,111431.0,517.866,690
2025-05-30 12:07:00-04:00,517.96,518.05,517.85,517.98,59518.0,517.969,316
2025-05-30 12:08:00-04:00,517.98,518.29,517.93,518.19,122421.0,518.165,578
2025-05-30 12:09:00-04:00,518.2,518.3,518.07,518.28,46515.0,518.2,318
2025-05-30 12:10:00-04:00,518.27,518.32,518.14,518.21,70523.0,518.245,551
2025-05-30 12:11:00-04:00,518.21,518.28,518.06,518.23,40502.0,518.168,274
2025-05-30 12:12:00-04:00,518.21,518.33,517.89,517.91,53895.0,518.127,350
2025-05-30 12:13:00-04:00,517.89,518.08,517.78,518.02,60701.0,517.946,365
2025-05-30 12:14:00-04:00,518.03,518.07,517.87,518.04,39956.0,517.99,201
2025-05-30 12:15:00-04:00,518.02,518.14,517.86,517.9,73177.0,518.028,346
2025-05-30 12:16:00-04:00,517.9,517.94,517.25,517.29,72290.0,517.552,431
2025-05-30 12:17:00-04:00,517.31,517.32,516.84,516.9,102038.0,517.051,570
2025-05-30 12:18:00-04:00,516.85,516.94,516.73,516.78,58768.0,516.813,415
2025-05-30 12:19:00-04:00,516.77,517.03,516.68,516.95,61920.0,516.898,411
2025-05-30 12:20:00-04:00,516.96,517.13,516.76,517.0,102861.0,516.992,692
2025-05-30 12:21:00-04:00,516.99,517.06,516.64,516.76,105045.0,516.883,492
2025-05-30 12:22:00-04:00,516.76,516.78,516.1,516.34,110424.0,516.401,756
2025-05-30 12:23:00-04:00,516.34,516.41,516.14,516.33,72598.0,516.292,499
2025-05-30 12:24:00-04:00,516.35,516.4,516.15,516.37,70843.0,516.254,403
2025-05-30 12:25:00-04:00,516.37,516.39,516.14,516.31,67219.0,516.232,384
2025-05-30 12:26:00-04:00,516.3,516.54,516.17,516.19,83308.0,516.38,575
2025-05-30 12:27:00-04:00,516.18,516.3,515.54,515.64,165526.0,515.761,1112
2025-05-30 12:28:00-04:00,515.63,515.63,514.19,514.87,424208.0,514.761,3260
2025-05-30 12:29:00-04:00,514.87,514.87,514.07,514.44,355839.0,514.39,2284
2025-05-30 12:30:00-04:00,514.43,514.51,513.47,514.02,497322.0,513.933,2468
2025-05-30 12:31:00-04:00,514.01,514.01,513.25,513.35,231820.0,513.56,1413
2025-05-30 12:32:00-04:00,513.36,513.41,512.7,513.01,296047.0,512.963,1861
2025-05-30 12:33:00-04:00,513.02,513.02,512.38,512.39,245851.0,512.627,1260
2025-05-30 12:34:00-04:00,512.38,513.16,512.12,513.04,365285.0,512.61,2373
2025-05-30 12:35:00-04:00,513.07,513.23,512.71,513.08,241380.0,512.975,1607
2025-05-30 12:36:00-04:00,513.09,513.72,512.4,513.63,287146.0,513.087,1948
2025-05-30 12:37:00-04:00,513.64,514.01,513.15,513.58,230179.0,513.598,1617
2025-05-30 12:38:00-04:00,513.58,513.62,512.82,513.41,131867.0,513.172,931
2025-05-30 12:39:00-04:00,513.42,513.95,513.31,513.81,142719.0,513.672,941
2025-05-30 12:40:00-04:00,513.82,514.16,513.74,513.76,196114.0,513.988,1350
2025-05-30 12:41:00-04:00,513.78,514.2,513.62,514.04,160490.0,513.965,1122
2025-05-30 12:42:00-04:00,514.0,514.09,513.75,513.89,115330.0,513.946,725
2025-05-30 12:43:00-04:00,513.9,513.94,513.31,513.48,105423.0,513.664,798
2025-05-30 12:44:00-04:00,513.46,513.51,513.17,513.43,97014.0,513.331,706
2025-05-30 12:45:00-04:00,513.41,513.55,513.22,513.39,69941.0,513.358,544
2025-05-30 12:46:00-04:00,513.39,513.44,513.04,513.26,106974.0,513.234,749
2025-05-30 12:47:00-04:00,513.3,513.62,512.77,513.0,145314.0,513.189,900
2025-05-30 12:48:00-04:00,512.98,513.24,512.97,513.16,111302.0,513.165,635
2025-05-30 12:49:00-04:00,513.18,513.26,512.78,513.12,99259.0,513.01,658
2025-05-30 12:50:00-04:00,513.12,513.12,512.41,512.66,128822.0,512.691,817
2025-05-30 12:51:00-04:00,512.65,512.79,512.35,512.38,94342.0,512.524,569
2025-05-30 12:52:00-04:00,512.36,512.52,512.22,512.45,132570.0,512.392,800
2025-05-30 12:53:00-04:00,512.44,512.52,511.93,512.2,180477.0,512.161,927
2025-05-30 12:54:00-04:00,512.2,512.51,512.11,512.14,91056.0,512.28,684
2025-05-30 12:55:00-04:00,512.13,512.46,512.05,512.14,113031.0,512.226,859
2025-05-30 12:56:00-04:00,512.13,512.52,512.09,512.33,230122.0,512.237,815
2025-05-30 12:57:00-04:00,512.34,512.61,512.17,512.4,75921.0,512.381,572
2025-05-30 12:58:00-04:00,512.41,512.67,512.32,512.5,92946.0,512.476,666
2025-05-30 12:59:00-04:00,512.53,512.84,512.42,512.84,95718.0,512.634,675
2025-05-30 13:00:00-04:00,512.84,512.85,512.36,512.64,184980.0,512.593,1277
2025-05-30 13:01:00-04:00,512.61,513.17,512.56,512.8,152230.0,512.934,912
2025-05-30 13:02:00-04:00,512.75,513.37,512.72,513.35,131917.0,512.968,856
2025-05-30 13:03:00-04:00,513.34,513.5,513.16,513.32,149899.0,513.307,766
2025-05-30 13:04:00-04:00,513.32,513.53,513.28,513.5,142458.0,513.441,800
2025-05-30 13:05:00-04:00,513.49,513.7,513.42,513.65,102014.0,513.564,694
2025-05-30 13:06:00-04:00,513.66,514.07,513.6,514.04,105287.0,513.867,673
2025-05-30 13:07:00-04:00,514.07,514.35,514.07,514.27,128180.0,514.222,719
2025-05-30 13:08:00-04:00,514.27,514.37,514.0,514.31,120395.0,514.175,748
2025-05-30 13:09:00-04:00,514.28,514.9,514.28,514.64,295046.0,514.644,1919
2025-05-30 13:10:00-04:00,514.63,514.66,514.17,514.29,164512.0,514.35,1102
2025-05-30 13:11:00-04:00,514.28,514.4,514.06,514.18,72749.0,514.227,468
2025-05-30 13:12:00-04:00,514.18,514.47,514.13,514.38,83280.0,514.298,574
2025-05-30 13:13:00-04:00,514.37,514.55,514.23,514.24,94649.0,514.423,651
2025-05-30 13:14:00-04:00,514.24,514.32,514.08,514.14,75620.0,514.18,542
2025-05-30 13:15:00-04:00,514.14,514.38,513.9,514.31,128498.0,514.136,896
2025-05-30 13:16:00-04:00,514.29,514.38,513.98,514.0,64620.0,514.215,458
2025-05-30 13:17:00-04:00,513.97,514.03,513.83,513.87,79638.0,513.934,586
2025-05-30 13:18:00-04:00,513.89,514.21,513.84,514.21,62949.0,514.013,503
2025-05-30 13:19:00-04:00,514.21,514.46,514.21,514.37,61847.0,514.329,445
2025-05-30 13:20:00-04:00,514.39,514.47,513.78,513.8,172512.0,514.006,1072
2025-05-30 13:21:00-04:00,513.78,513.94,513.6,513.93,77143.0,513.762,580
2025-05-30 13:22:00-04:00,513.92,514.37,513.87,514.34,58509.0,514.142,422
2025-05-30 13:23:00-04:00,514.36,514.57,514.24,514.35,53336.0,514.426,358
2025-05-30 13:24:00-04:00,514.33,514.36,514.06,514.23,42826.0,514.171,259
2025-05-30 13:25:00-04:00,514.16,514.4,514.0,514.32,47207.0,514.181,312
2025-05-30 13:26:00-04:00,514.33,514.33,513.82,513.83,54553.0,514.035,375
2025-05-30 13:27:00-04:00,513.83,514.26,513.79,514.08,59857.0,514.06,490
2025-05-30 13:28:00-04:00,514.1,514.35,514.01,514.33,46723.0,514.224,353
2025-05-30 13:29:00-04:00,514.34,514.44,514.24,514.41,33535.0,514.391,232
2025-05-30 13:30:00-04:00,514.4,514.55,514.2,514.55,106224.0,514.408,787
2025-05-30 13:31:00-04:00,514.54,514.58,514.3,514.32,37971.0,514.43,303
2025-05-30 13:32:00-04:00,514.34,514.56,514.34,514.52,50324.0,514.453,310
2025-05-30 13:33:00-04:00,514.53,514.63,514.4,514.63,44111.0,514.57,303
2025-05-30 13:34:00-04:00,514.58,514.73,514.49,514.53,35131.0,514.624,243
2025-05-30 13:35:00-04:00,514.54,515.12,514.5,514.93,126047.0,514.939,875
2025-05-30 13:36:00-04:00,514.94,515.19,514.86,515.12,70460.0,515.035,403
2025-05-30 13:37:00-04:00,515.12,515.18,514.83,514.9,89447.0,514.989,491
2025-05-30 13:38:00-04:00,514.91,514.93,514.7,514.7,64488.0,514.822,334
2025-05-30 13:39:00-04:00,514.69,514.94,514.58,514.93,64270.0,514.759,431
2025-05-30 13:40:00-04:00,514.92,515.1,514.82,515.07,63627.0,514.988,384
2025-05-30 13:41:00-04:00,515.09,515.1,514.92,514.95,42831.0,515.014,273
2025-05-30 13:42:00-04:00,514.99,515.1,514.84,514.98,43227.0,514.956,309
2025-05-30 13:43:00-04:00,514.97,515.06,514.87,514.89,50557.0,514.98,389
2025-05-30 13:44:00-04:00,514.87,514.91,514.47,514.5,66947.0,514.718,480
2025-05-30 13:45:00-04:00,514.51,514.64,514.39,514.49,59954.0,514.5,443
2025-05-30 13:46:00-04:00,514.5,514.61,514.4,514.43,42553.0,514.525,262
2025-05-30 13:47:00-04:00,514.43,514.64,514.13,514.61,90996.0,514.373,620
2025-05-30 13:48:00-04:00,514.64,514.76,514.34,514.65,72584.0,514.577,539
2025-05-30 13:49:00-04:00,514.67,514.91,514.63,514.75,48899.0,514.779,350
2025-05-30 13:50:00-04:00,514.76,515.23,514.76,515.16,69630.0,515.029,537
2025-05-30 13:51:00-04:00,515.17,515.26,514.97,515.12,64604.0,515.12,423
2025-05-30 13:52:00-04:00,515.09,515.36,515.07,515.09,88561.0,515.2,631
2025-05-30 13:53:00-04:00,515.1,515.3,515.05,515.3,64678.0,515.176,390
2025-05-30 13:54:00-04:00,515.28,515.35,515.15,515.2,61191.0,515.266,384
2025-05-30 13:55:00-04:00,515.18,515.26,515.05,515.1,49043.0,515.161,361
2025-05-30 13:56:00-04:00,515.1,515.18,514.87,514.95,45971.0,514.979,323
2025-05-30 13:57:00-04:00,514.91,514.92,514.62,514.85,58859.0,514.748,438
2025-05-30 13:58:00-04:00,514.82,514.85,514.6,514.68,48396.0,514.696,333
2025-05-30 13:59:00-04:00,514.67,514.67,514.38,514.45,45424.0,514.508,318
2025-05-30 14:00:00-04:00,514.45,515.09,514.43,515.08,117831.0,514.761,776
2025-05-30 14:01:00-04:00,515.06,515.1,514.87,514.91,57197.0,515.004,376
2025-05-30 14:02:00-04:00,514.92,515.18,514.88,515.0,51808.0,515.035,396
2025-05-30 14:03:00-04:00,515.02,515.12,514.84,515.01,49704.0,514.966,385
2025-05-30 14:04:00-04:00,515.0,515.14,514.94,515.03,42104.0,515.027,323
2025-05-30 14:05:00-04:00,515.03,515.14,514.85,514.98,37537.0,514.955,292
2025-05-30 14:06:00-04:00,514.98,515.39,514.77,515.38,74084.0,515.07,559
2025-05-30 14:07:00-04:00,515.38,515.64,515.14,515.53,124720.0,515.463,830
2025-05-30 14:08:00-04:00,515.55,515.67,515.47,515.58,69357.0,515.585,400
2025-05-30 14:09:00-04:00,515.57,515.88,515.55,515.77,97353.0,515.749,608
2025-05-30 14:10:00-04:00,515.74,516.04,515.71,515.99,66929.0,515.862,416
2025-05-30 14:11:00-04:00,515.96,516.01,515.83,516.0,60917.0,515.917,350
2025-05-30 14:12:00-04:00,516.02,516.08,515.86,515.95,55102.0,515.967,416
2025-05-30 14:13:00-04:00,515.97,516.03,515.86,515.88,40715.0,515.95,312
2025-05-30 14:14:00-04:00,515.88,516.05,515.85,515.9,57062.0,515.955,407
2025-05-30 14:15:00-04:00,515.91,516.2,515.86,516.19,53494.0,516.016,394
2025-05-30 14:16:00-04:00,516.15,516.17,515.79,515.97,51880.0,515.963,390
2025-05-30 14:17:00-04:00,515.97,516.23,515.9,515.95,53233.0,516.083,329
2025-05-30 14:18:00-04:00,515.98,516.9,515.71,516.58,357613.0,516.388,2778
2025-05-30 14:19:00-04:00,516.56,517.11,516.33,516.97,204813.0,516.744,1436
2025-05-30 14:20:00-04:00,516.98,517.08,516.7,516.73,178982.0,516.873,1378
2025-05-30 14:21:00-04:00,516.74,517.17,516.58,517.13,142751.0,516.788,953
2025-05-30 14:22:00-04:00,517.1,517.14,516.67,516.72,136906.0,516.902,964
2025-05-30 14:23:00-04:00,516.7,517.12,516.69,516.83,112158.0,516.938,554
2025-05-30 14:24:00-04:00,516.85,517.1,516.85,517.0,57219.0,517.006,399
2025-05-30 14:25:00-04:00,517.02,517.19,517.0,517.11,60493.0,517.12,429
2025-05-30 14:26:00-04:00,517.1,517.18,517.0,517.05,72246.0,517.081,564
2025-05-30 14:27:00-04:00,517.07,517.4,517.03,517.04,111828.0,517.205,722
2025-05-30 14:28:00-04:00,517.06,517.34,517.06,517.08,71933.0,517.181,504
2025-05-30 14:29:00-04:00,517.06,517.15,516.9,516.98,80206.0,517.01,544
2025-05-30 14:30:00-04:00,516.98,517.26,516.9,516.96,131129.0,517.067,902
2025-05-30 14:31:00-04:00,516.97,517.33,516.93,517.3,62780.0,517.101,513
2025-05-30 14:32:00-04:00,517.29,517.29,517.08,517.13,60790.0,517.175,372
2025-05-30 14:33:00-04:00,517.14,517.26,516.87,516.89,57987.0,517.015,369
2025-05-30 14:34:00-04:00,516.9,516.94,516.57,516.57,77456.0,516.764,555
2025-05-30 14:35:00-04:00,516.56,516.89,516.53,516.86,72294.0,516.738,477
2025-05-30 14:36:00-04:00,516.87,516.87,516.69,516.81,45707.0,516.774,254
2025-05-30 14:37:00-04:00,516.8,517.2,516.8,517.11,66478.0,517.006,465
2025-05-30 14:38:00-04:00,517.14,517.25,517.05,517.07,47845.0,517.187,344
2025-05-30 14:39:00-04:00,517.08,517.15,516.94,517.1,51207.0,517.035,360
2025-05-30 14:40:00-04:00,517.1,517.17,516.86,516.94,28636.0,517.018,245
2025-05-30 14:41:00-04:00,516.94,516.98,516.82,516.87,30242.0,516.884,199
2025-05-30 14:42:00-04:00,516.87,516.94,516.68,516.75,36129.0,516.809,263
2025-05-30 14:43:00-04:00,516.75,516.88,516.55,516.86,64756.0,516.687,453
2025-05-30 14:44:00-04:00,516.85,516.85,516.59,516.71,35484.0,516.705,257
2025-05-30 14:45:00-04:00,516.71,517.02,516.62,516.89,83469.0,516.82,649
2025-05-30 14:46:00-04:00,516.91,516.97,516.68,516.89,39050.0,516.847,313
2025-05-30 14:47:00-04:00,516.9,517.12,516.86,516.89,52822.0,516.978,385
2025-05-30 14:48:00-04:00,516.89,517.02,516.89,516.94,23951.0,516.969,190
2025-05-30 14:49:00-04:00,516.94,517.16,516.77,517.1,41065.0,516.969,337
2025-05-30 14:50:00-04:00,517.12,517.24,516.99,517.11,54162.0,517.13,416
2025-05-30 14:51:00-04:00,517.12,517.27,517.03,517.25,46533.0,517.144,332
2025-05-30 14:52:00-04:00,517.26,517.4,517.11,517.21,64331.0,517.254,412
2025-05-30 14:53:00-04:00,517.19,517.51,517.17,517.48,55704.0,517.424,398
2025-05-30 14:54:00-04:00,517.49,517.61,517.4,517.41,63212.0,517.504,426
2025-05-30 14:55:00-04:00,517.41,517.47,517.09,517.16,96621.0,517.304,695
2025-05-30 14:56:00-04:00,517.15,517.32,516.97,517.23,68736.0,517.107,433
2025-05-30 14:57:00-04:00,517.24,517.64,517.16,517.52,63156.0,517.474,381
2025-05-30 14:58:00-04:00,517.52,517.56,517.33,517.42,25813.0,517.423,180
2025-05-30 14:59:00-04:00,517.43,517.55,517.41,517.48,38117.0,517.477,274
2025-05-30 15:00:00-04:00,517.47,517.75,517.38,517.64,147436.0,517.572,846
2025-05-30 15:01:00-04:00,517.63,517.79,517.59,517.79,46594.0,517.714,393
2025-05-30 15:02:00-04:00,517.79,517.96,517.76,517.89,91582.0,517.877,572
2025-05-30 15:03:00-04:00,517.89,518.11,517.89,518.04,97551.0,518.026,645
2025-05-30 15:04:00-04:00,518.04,518.37,518.04,518.24,245107.0,518.239,1207
2025-05-30 15:05:00-04:00,518.23,518.55,518.2,518.24,159597.0,518.396,933
2025-05-30 15:06:00-04:00,518.26,518.49,518.21,518.49,99539.0,518.382,588
2025-05-30 15:07:00-04:00,518.48,518.58,518.31,518.48,126430.0,518.438,779
2025-05-30 15:08:00-04:00,518.49,518.77,518.45,518.66,99144.0,518.628,642
2025-05-30 15:09:00-04:00,518.68,518.86,518.25,518.28,299817.0,518.54,2114
2025-05-30 15:10:00-04:00,518.26,518.63,518.23,518.39,207529.0,518.442,1365
2025-05-30 15:11:00-04:00,518.41,518.41,518.1,518.13,109547.0,518.225,695
2025-05-30 15:12:00-04:00,518.13,518.45,518.0,518.38,125156.0,518.168,883
2025-05-30 15:13:00-04:00,518.34,518.55,518.24,518.55,65608.0,518.39,454
2025-05-30 15:14:00-04:00,518.56,518.67,518.45,518.47,69345.0,518.558,549
2025-05-30 15:15:00-04:00,518.47,518.73,518.44,518.52,67070.0,518.575,480
2025-05-30 15:16:00-04:00,518.56,518.72,518.53,518.61,82545.0,518.615,599
2025-05-30 15:17:00-04:00,518.62,519.11,518.57,519.02,101762.0,518.887,722
2025-05-30 15:18:00-04:00,519.04,519.25,519.03,519.22,131107.0,519.135,965
2025-05-30 15:19:00-04:00,519.23,519.33,519.05,519.08,114702.0,519.177,694
2025-05-30 15:20:00-04:00,519.08,519.11,518.88,519.01,110410.0,519.026,851
2025-05-30 15:21:00-04:00,518.99,518.99,518.81,518.93,69599.0,518.897,439
2025-05-30 15:22:00-04:00,518.94,518.97,518.67,518.96,85580.0,518.81,588
2025-05-30 15:23:00-04:00,518.97,519.25,518.9,519.22,87819.0,519.119,489
2025-05-30 15:24:00-04:00,519.21,519.38,519.14,519.25,70218.0,519.273,475
2025-05-30 15:25:00-04:00,519.27,519.66,519.26,519.55,117081.0,519.465,676
2025-05-30 15:26:00-04:00,519.55,519.84,519.49,519.74,153686.0,519.732,1069
2025-05-30 15:27:00-04:00,519.76,519.81,519.43,519.44,95457.0,519.584,737
2025-05-30 15:28:00-04:00,519.44,519.63,519.36,519.58,105538.0,519.469,690
2025-05-30 15:29:00-04:00,519.6,519.61,519.49,519.58,44606.0,519.554,339
2025-05-30 15:30:00-04:00,519.6,519.63,518.94,518.97,216453.0,519.205,1455
2025-05-30 15:31:00-04:00,518.97,519.08,518.78,518.82,166418.0,518.908,964
2025-05-30 15:32:00-04:00,518.81,519.05,518.73,518.99,119470.0,518.841,770
2025-05-30 15:33:00-04:00,518.98,519.28,518.98,518.99,110926.0,519.121,798
2025-05-30 15:34:00-04:00,518.98,519.26,518.98,519.21,47320.0,519.16,399
2025-05-30 15:35:00-04:00,519.21,519.55,519.15,519.45,70413.0,519.381,515
2025-05-30 15:36:00-04:00,519.45,519.72,519.43,519.63,73840.0,519.555,524
2025-05-30 15:37:00-04:00,519.65,520.06,519.65,519.89,176865.0,519.897,1057
2025-05-30 15:38:00-04:00,519.9,520.0,519.19,519.39,122704.0,519.563,852
2025-05-30 15:39:00-04:00,519.4,519.54,519.26,519.33,110918.0,519.402,741
2025-05-30 15:40:00-04:00,519.35,519.39,518.95,519.01,136253.0,519.1,961
2025-05-30 15:41:00-04:00,519.02,519.52,518.91,518.96,139910.0,519.211,1038
2025-05-30 15:42:00-04:00,518.94,519.12,518.63,518.85,249600.0,518.849,1123
2025-05-30 15:43:00-04:00,518.85,519.3,518.71,519.23,107985.0,519.055,801
2025-05-30 15:44:00-04:00,519.23,519.27,519.05,519.09,93710.0,519.145,725
2025-05-30 15:45:00-04:00,519.08,519.23,518.86,518.88,355345.0,519.106,811
2025-05-30 15:46:00-04:00,518.89,519.0,518.56,518.95,201885.0,518.767,1564
2025-05-30 15:47:00-04:00,518.97,519.29,518.86,519.13,174144.0,519.055,1313
2025-05-30 15:48:00-04:00,519.12,519.48,519.09,519.44,162507.0,519.296,1219
2025-05-30 15:49:00-04:00,519.45,519.59,519.41,519.51,186799.0,519.489,1302
2025-05-30 15:50:00-04:00,519.5,520.24,519.39,520.13,389113.0,519.901,2547
2025-05-30 15:51:00-04:00,520.14,520.18,519.36,519.51,280581.0,519.632,2109
2025-05-30 15:52:00-04:00,519.54,519.65,519.1,519.29,291971.0,519.362,2173
2025-05-30 15:53:00-04:00,519.28,519.45,518.99,519.38,250605.0,519.212,1886
2025-05-30 15:54:00-04:00,519.36,519.38,518.67,519.07,447377.0,519.049,3161
2025-05-30 15:55:00-04:00,519.09,520.49,519.07,520.2,434792.0,519.741,2972
2025-05-30 15:56:00-04:00,520.2,520.5,520.2,520.45,204696.0,520.39,1345
2025-05-30 15:57:00-04:00,520.44,520.51,520.16,520.41,316914.0,520.401,1943
2025-05-30 15:58:00-04:00,520.41,520.68,519.9,519.95,471750.0,520.267,3014
2025-05-30 15:59:00-04:00,519.96,519.96,518.99,519.13,1538786.0,519.426,8330
2025-06-02 09:30:00-04:00,517.27,518.32,517.22,518.24,339554.0,517.746,1270
2025-06-02 09:31:00-04:00,518.28,518.77,518.22,518.66,210781.0,518.523,1427
2025-06-02 09:32:00-04:00,518.66,519.73,518.66,519.65,180878.0,519.249,1219
2025-06-02 09:33:00-04:00,519.66,520.26,519.6,520.09,167197.0,519.931,1171
2025-06-02 09:34:00-04:00,520.1,520.3,519.84,520.1,186514.0,520.067,1122
2025-06-02 09:35:00-04:00,520.09,520.4,520.05,520.31,184266.0,520.253,1219
2025-06-02 09:36:00-04:00,520.31,520.46,519.9,520.21,142481.0,520.218,1083
2025-06-02 09:37:00-04:00,520.23,520.62,519.97,520.54,199427.0,520.294,1384
2025-06-02 09:38:00-04:00,520.54,521.19,520.48,521.18,320958.0,520.861,1883
2025-06-02 09:39:00-04:00,521.17,521.35,521.08,521.29,196068.0,521.234,1291
2025-06-02 09:40:00-04:00,521.31,521.31,520.71,520.79,178150.0,520.976,1275
2025-06-02 09:41:00-04:00,520.77,520.85,520.38,520.49,140047.0,520.57,795
2025-06-02 09:42:00-04:00,520.48,520.53,520.13,520.28,163840.0,520.33,969
2025-06-02 09:43:00-04:00,520.27,520.54,520.11,520.42,101550.0,520.316,527
2025-06-02 09:44:00-04:00,520.42,520.66,520.31,520.5,92655.0,520.461,495
2025-06-02 09:45:00-04:00,520.6,520.75,520.16,520.32,70877.0,520.361,433
2025-06-02 09:46:00-04:00,520.26,520.28,519.55,519.65,165807.0,519.91,1018
2025-06-02 09:47:00-04:00,519.66,519.77,519.29,519.69,135533.0,519.507,857
2025-06-02 09:48:00-04:00,519.72,519.74,519.42,519.71,115584.0,519.577,836
2025-06-02 09:49:00-04:00,519.7,519.87,519.34,519.49,100304.0,519.632,699
2025-06-02 09:50:00-04:00,519.49,519.51,518.69,519.14,148258.0,519.033,989
2025-06-02 09:51:00-04:00,519.16,519.19,518.5,518.5,95063.0,518.804,680
2025-06-02 09:52:00-04:00,518.5,518.51,517.92,518.12,166744.0,518.181,1076
2025-06-02 09:53:00-04:00,518.14,518.17,517.73,518.01,189809.0,517.886,1119
2025-06-02 09:54:00-04:00,517.97,518.28,517.79,518.24,161034.0,518.085,1032
2025-06-02 09:55:00-04:00,518.25,518.46,517.62,518.42,175618.0,518.029,1112
2025-06-02 09:56:00-04:00,518.4,518.63,518.1,518.56,99665.0,518.458,671
2025-06-02 09:57:00-04:00,518.53,518.74,517.84,517.85,109681.0,518.292,726
2025-06-02 09:58:00-04:00,517.86,517.97,517.5,517.68,104624.0,517.713,575
2025-06-02 09:59:00-04:00,517.67,518.0,517.56,517.75,85678.0,517.807,532
2025-06-02 10:00:00-04:00,517.73,517.81,516.11,516.14,337155.0,516.786,2191
2025-06-02 10:01:00-04:00,516.14,516.66,515.97,516.54,282645.0,516.27,2010
2025-06-02 10:02:00-04:00,516.4,517.36,516.24,517.03,203603.0,516.992,1570
2025-06-02 10:03:00-04:00,517.03,517.54,517.02,517.54,109250.0,517.217,906
2025-06-02 10:04:00-04:00,517.53,517.64,517.0,517.09,115075.0,517.388,871
2025-06-02 10:05:00-04:00,517.06,517.17,516.74,516.75,100082.0,516.987,757
2025-06-02 10:06:00-04:00,516.74,517.33,516.64,516.85,128002.0,517.004,933
2025-06-02 10:07:00-04:00,516.91,517.85,516.91,517.85,142729.0,517.377,1052
2025-06-02 10:08:00-04:00,517.86,518.26,517.65,517.88,210826.0,517.992,1491
2025-06-02 10:09:00-04:00,517.89,518.05,517.66,517.97,101668.0,517.887,748
2025-06-02 10:10:00-04:00,517.99,518.11,517.37,517.4,103096.0,517.755,779
2025-06-02 10:11:00-04:00,517.41,517.59,517.08,517.25,80135.0,517.333,616
2025-06-02 10:12:00-04:00,517.22,518.06,517.08,517.88,161788.0,517.676,1033
2025-06-02 10:13:00-04:00,517.9,518.03,517.53,517.93,133037.0,517.784,801
2025-06-02 10:14:00-04:00,517.92,518.16,517.73,517.81,122919.0,517.957,792
2025-06-02 10:15:00-04:00,517.83,517.98,517.64,517.74,58852.0,517.834,469
2025-06-02 10:16:00-04:00,517.73,518.14,517.6,517.95,131014.0,517.902,872
2025-06-02 10:17:00-04:00,517.95,518.07,517.75,517.88,90213.0,517.936,557
2025-06-02 10:18:00-04:00,517.87,518.14,517.74,518.1,47572.0,517.954,401
2025-06-02 10:19:00-04:00,518.11,518.48,517.81,517.84,150150.0,518.137,982
2025-06-02 10:20:00-04:00,517.82,518.27,517.6,518.19,121565.0,517.914,768
2025-06-02 10:21:00-04:00,518.21,518.37,517.98,518.12,57045.0,518.207,441
2025-06-02 10:22:00-04:00,518.15,518.68,518.13,518.59,78741.0,518.477,543
2025-06-02 10:23:00-04:00,518.6,519.19,518.6,519.0,129654.0,518.999,916
2025-06-02 10:24:00-04:00,519.02,519.11,518.71,518.77,132196.0,518.982,822
2025-06-02 10:25:00-04:00,518.8,519.14,518.8,519.12,71329.0,519.059,328
2025-06-02 10:26:00-04:00,519.08,519.45,519.04,519.34,104544.0,519.255,717
2025-06-02 10:27:00-04:00,519.34,519.43,519.1,519.18,74900.0,519.28,537
2025-06-02 10:28:00-04:00,519.18,519.54,519.15,519.51,71268.0,519.316,383
2025-06-02 10:29:00-04:00,519.52,519.58,519.34,519.46,49010.0,519.478,335
2025-06-02 10:30:00-04:00,519.45,519.53,519.23,519.33,71339.0,519.395,514
2025-06-02 10:31:00-04:00,519.38,519.45,519.22,519.29,50103.0,519.338,338
2025-06-02 10:32:00-04:00,519.33,519.48,519.26,519.32,143720.0,519.399,687
2025-06-02 10:33:00-04:00,519.33,519.6,519.24,519.27,61400.0,519.443,428
2025-06-02 10:34:00-04:00,519.29,520.47,519.29,520.09,290622.0,519.824,1596
2025-06-02 10:35:00-04:00,520.09,520.39,519.56,519.57,229239.0,520.088,1394
2025-06-02 10:36:00-04:00,519.57,520.18,519.55,519.83,137439.0,519.825,982
2025-06-02 10:37:00-04:00,519.84,520.1,519.65,519.92,117975.0,519.87,741
2025-06-02 10:38:00-04:00,519.96,519.99,518.88,519.04,183909.0,519.35,1175
2025-06-02 10:39:00-04:00,519.02,519.25,518.95,519.05,85088.0,519.108,577
2025-06-02 10:40:00-04:00,519.07,519.41,519.0,519.34,90324.0,519.226,694
2025-06-02 10:41:00-04:00,519.36,519.48,519.17,519.35,75194.0,519.368,446
2025-06-02 10:42:00-04:00,519.35,519.39,519.0,519.09,71702.0,519.127,453
2025-06-02 10:43:00-04:00,519.1,519.11,518.73,518.93,112251.0,518.848,508
2025-06-02 10:44:00-04:00,518.92,519.18,518.75,519.14,95078.0,518.959,520
2025-06-02 10:45:00-04:00,519.15,519.43,518.99,519.34,156782.0,519.197,723
2025-06-02 10:46:00-04:00,519.35,519.38,519.02,519.03,65171.0,519.168,387
2025-06-02 10:47:00-04:00,519.03,519.35,518.98,519.33,78695.0,519.147,540
2025-06-02 10:48:00-04:00,519.31,519.57,519.09,519.12,90820.0,519.344,606
2025-06-02 10:49:00-04:00,519.16,519.32,519.06,519.3,45101.0,519.209,312
2025-06-02 10:50:00-04:00,519.3,519.54,519.14,519.28,53611.0,519.345,432
2025-06-02 10:51:00-04:00,519.29,519.6,519.07,519.5,89016.0,519.43,639
2025-06-02 10:52:00-04:00,519.52,519.69,519.38,519.41,57601.0,519.56,408
2025-06-02 10:53:00-04:00,519.42,519.53,519.2,519.25,73463.0,519.401,505
2025-06-02 10:54:00-04:00,519.24,519.3,519.03,519.04,36377.0,519.165,268
2025-06-02 10:55:00-04:00,519.04,519.24,518.93,519.16,85902.0,519.055,558
2025-06-02 10:56:00-04:00,519.17,519.37,519.14,519.36,70647.0,519.278,598
2025-06-02 10:57:00-04:00,519.37,519.77,519.37,519.74,112962.0,519.531,630
2025-06-02 10:58:00-04:00,519.76,519.84,519.62,519.74,65680.0,519.747,420
2025-06-02 10:59:00-04:00,519.73,520.05,519.71,519.87,98003.0,519.853,607
2025-06-02 11:00:00-04:00,519.88,520.25,519.86,520.23,213574.0,520.094,1242
2025-06-02 11:01:00-04:00,520.23,520.34,519.97,520.1,89023.0,520.203,550
2025-06-02 11:02:00-04:00,520.09,520.22,520.04,520.14,90426.0,520.136,500
2025-06-02 11:03:00-04:00,520.14,520.16,519.23,519.39,180105.0,519.61,1273
2025-06-02 11:04:00-04:00,519.38,519.6,519.3,519.54,161255.0,519.493,1206
2025-06-02 11:05:00-04:00,519.47,519.65,519.35,519.59,78300.0,519.528,568
2025-06-02 11:06:00-04:00,519.59,520.04,519.15,519.55,190671.0,519.504,1056
2025-06-02 11:07:00-04:00,519.58,519.83,519.45,519.78,46349.0,519.669,351
2025-06-02 11:08:00-04:00,519.79,519.85,519.35,519.36,73294.0,519.572,415
2025-06-02 11:09:00-04:00,519.36,519.36,519.05,519.13,52723.0,519.177,394
2025-06-02 11:10:00-04:00,519.11,519.27,518.88,519.22,113158.0,519.059,759
2025-06-02 11:11:00-04:00,519.23,519.43,519.2,519.23,76041.0,519.316,559
2025-06-02 11:12:00-04:00,519.26,519.68,519.25,519.57,88627.0,519.542,661
2025-06-02 11:13:00-04:00,519.58,520.14,519.58,520.06,104697.0,519.885,749
2025-06-02 11:14:00-04:00,520.07,520.07,519.78,519.89,48849.0,519.887,364
2025-06-02 11:15:00-04:00,519.89,519.97,519.67,519.68,60386.0,519.812,383
2025-06-02 11:16:00-04:00,519.68,519.69,519.42,519.64,62110.0,519.578,444
2025-06-02 11:17:00-04:00,519.64,519.69,519.36,519.54,31014.0,519.535,256
2025-06-02 11:18:00-04:00,519.52,519.56,519.33,519.33,31656.0,519.454,216
2025-06-02 11:19:00-04:00,519.32,519.62,519.31,519.52,38300.0,519.51,285
2025-06-02 11:20:00-04:00,519.54,519.77,519.49,519.68,51037.0,519.668,365
2025-06-02 11:21:00-04:00,519.66,519.83,519.43,519.44,53254.0,519.672,351
2025-06-02 11:22:00-04:00,519.45,519.62,519.37,519.61,26803.0,519.497,224
2025-06-02 11:23:00-04:00,519.59,519.82,519.57,519.79,29783.0,519.664,234
2025-06-02 11:24:00-04:00,519.82,519.89,519.62,519.64,44167.0,519.756,342
2025-06-02 11:25:00-04:00,519.66,519.78,519.35,519.38,46858.0,519.543,319
2025-06-02 11:26:00-04:00,519.4,519.45,519.05,519.19,60986.0,519.197,465
2025-06-02 11:27:00-04:00,519.19,519.25,519.04,519.07,41790.0,519.112,177
2025-06-02 11:28:00-04:00,519.08,519.15,519.0,519.1,77216.0,519.038,514
2025-06-02 11:29:00-04:00,519.11,519.32,519.08,519.22,43111.0,519.215,310
2025-06-02 11:30:00-04:00,519.26,519.42,519.09,519.31,63677.0,519.267,489
2025-06-02 11:31:00-04:00,519.32,519.42,519.23,519.37,33212.0,519.332,243
2025-06-02 11:32:00-04:00,519.39,519.47,519.27,519.34,34345.0,519.345,247
2025-06-02 11:33:00-04:00,519.32,519.34,519.07,519.13,33771.0,519.215,250
2025-06-02 11:34:00-04:00,519.1,519.4,518.92,518.96,105220.0,519.095,588
2025-06-02 11:35:00-04:00,518.93,519.09,518.89,519.08,48029.0,519.008,327
2025-06-02 11:36:00-04:00,519.08,519.45,519.07,519.4,80560.0,519.293,590
2025-06-02 11:37:00-04:00,519.42,519.43,519.14,519.3,24604.0,519.319,174
2025-06-02 11:38:00-04:00,519.32,519.37,519.18,519.3,18647.0,519.277,141
2025-06-02 11:39:00-04:00,519.3,519.57,519.29,519.29,50620.0,519.449,362
2025-06-02 11:40:00-04:00,519.31,519.6,519.24,519.53,24248.0,519.424,184
2025-06-02 11:41:00-04:00,519.53,519.69,519.45,519.67,41599.0,519.599,253
2025-06-02 11:42:00-04:00,519.66,519.78,519.47,519.58,46231.0,519.626,308
2025-06-02 11:43:00-04:00,519.6,519.91,519.6,519.91,50989.0,519.799,238
2025-06-02 11:44:00-04:00,519.89,519.97,519.8,519.89,21532.0,519.906,153
2025-06-02 11:45:00-04:00,519.88,519.94,519.78,519.88,34015.0,519.865,250
2025-06-02 11:46:00-04:00,519.92,520.23,519.92,520.12,76372.0,520.122,442
2025-06-02 11:47:00-04:00,520.12,520.29,520.05,520.07,72711.0,520.207,464
2025-06-02 11:48:00-04:00,520.06,520.14,519.98,520.07,43812.0,520.073,302
2025-06-02 11:49:00-04:00,520.08,520.13,519.92,520.12,32719.0,520.01,205
2025-06-02 11:50:00-04:00,520.11,520.61,520.03,520.6,174512.0,520.382,1074
2025-06-02 11:51:00-04:00,520.6,520.85,520.45,520.45,157075.0,520.708,935
2025-06-02 11:52:00-04:00,520.48,520.72,520.4,520.62,80645.0,520.603,498
2025-06-02 11:53:00-04:00,520.62,520.97,520.61,520.87,66968.0,520.836,491
2025-06-02 11:54:00-04:00,520.88,520.93,520.81,520.88,61520.0,520.878,279
2025-06-02 11:55:00-04:00,520.87,521.02,520.83,520.9,99013.0,520.955,489
2025-06-02 11:56:00-04:00,520.9,520.96,520.78,520.82,75602.0,520.895,367
2025-06-02 11:57:00-04:00,520.83,520.93,520.62,520.66,68721.0,520.795,500
2025-06-02 11:58:00-04:00,520.66,520.88,520.57,520.84,85170.0,520.706,588
2025-06-02 11:59:00-04:00,520.83,520.9,520.77,520.78,44732.0,520.832,354
2025-06-02 12:00:00-04:00,520.77,520.88,520.62,520.71,107521.0,520.789,642
2025-06-02 12:01:00-04:00,520.75,520.89,520.7,520.86,54107.0,520.807,409
2025-06-02 12:02:00-04:00,520.86,520.87,520.51,520.53,45756.0,520.641,308
2025-06-02 12:03:00-04:00,520.52,520.54,520.33,520.39,59271.0,520.414,346
2025-06-02 12:04:00-04:00,520.38,520.48,520.18,520.47,104412.0,520.324,645
2025-06-02 12:05:00-04:00,520.47,520.67,520.39,520.47,47607.0,520.531,362
2025-06-02 12:06:00-04:00,520.49,520.63,520.39,520.41,22352.0,520.514,157
2025-06-02 12:07:00-04:00,520.43,520.51,520.3,520.44,66987.0,520.376,302
2025-06-02 12:08:00-04:00,520.44,520.72,520.41,520.41,35567.0,520.573,293
2025-06-02 12:09:00-04:00,520.42,520.7,520.42,520.68,22733.0,520.597,184
2025-06-02 12:10:00-04:00,520.67,520.81,520.54,520.68,48126.0,520.705,317
2025-06-02 12:11:00-04:00,520.71,520.79,520.59,520.69,21237.0,520.699,150
2025-06-02 12:12:00-04:00,520.7,520.85,520.68,520.77,35689.0,520.778,297
2025-06-02 12:13:00-04:00,520.8,520.82,520.65,520.74,46398.0,520.726,286
2025-06-02 12:14:00-04:00,520.77,520.88,520.69,520.73,18713.0,520.791,133
2025-06-02 12:15:00-04:00,520.73,520.77,520.66,520.7,21315.0,520.721,144
2025-06-02 12:16:00-04:00,520.72,520.75,520.51,520.58,35902.0,520.614,241
2025-06-02 12:17:00-04:00,520.56,520.7,520.41,520.54,56766.0,520.56,342
2025-06-02 12:18:00-04:00,520.55,520.81,520.54,520.8,38450.0,520.68,276
2025-06-02 12:19:00-04:00,520.79,520.87,520.67,520.8,42273.0,520.781,343
2025-06-02 12:20:00-04:00,520.77,520.88,520.65,520.85,30505.0,520.734,232
2025-06-02 12:21:00-04:00,520.87,520.95,520.76,520.81,44051.0,520.866,222
2025-06-02 12:22:00-04:00,520.83,520.9,520.77,520.77,39038.0,520.859,228
2025-06-02 12:23:00-04:00,520.76,520.95,520.74,520.87,45342.0,520.903,229
2025-06-02 12:24:00-04:00,520.85,520.91,520.79,520.85,27629.0,520.853,183
2025-06-02 12:25:00-04:00,520.84,520.84,520.62,520.72,33844.0,520.724,243
2025-06-02 12:26:00-04:00,520.71,520.71,520.22,520.24,59697.0,520.399,424
2025-06-02 12:27:00-04:00,520.24,520.35,520.18,520.33,36070.0,520.25,237
2025-06-02 12:28:00-04:00,520.35,520.52,520.23,520.47,60901.0,520.389,406
2025-06-02 12:29:00-04:00,520.45,520.5,520.36,520.49,28672.0,520.436,215
2025-06-02 12:30:00-04:00,520.47,520.76,520.42,520.58,51492.0,520.561,386
2025-06-02 12:31:00-04:00,520.59,520.69,520.44,520.52,23627.0,520.556,200
2025-06-02 12:32:00-04:00,520.53,520.7,520.52,520.64,22912.0,520.626,167
2025-06-02 12:33:00-04:00,520.63,520.69,520.59,520.62,21172.0,520.628,162
2025-06-02 12:34:00-04:00,520.62,520.78,520.5,520.72,43033.0,520.657,279
2025-06-02 12:35:00-04:00,520.73,520.88,520.67,520.79,54534.0,520.758,321
2025-06-02 12:36:00-04:00,520.79,520.82,520.29,520.44,32714.0,520.47,236
2025-06-02 12:37:00-04:00,520.43,520.6,520.41,520.55,36942.0,520.491,170
2025-06-02 12:38:00-04:00,520.53,520.83,520.53,520.83,20293.0,520.722,150
2025-06-02 12:39:00-04:00,520.82,520.82,520.69,520.73,15277.0,520.738,113
2025-06-02 12:40:00-04:00,520.74,520.82,520.43,520.47,35903.0,520.665,267
2025-06-02 12:41:00-04:00,520.49,520.61,520.39,520.54,30542.0,520.506,185
2025-06-02 12:42:00-04:00,520.53,520.57,520.38,520.42,27966.0,520.465,179
2025-06-02 12:43:00-04:00,520.39,520.47,520.3,520.39,22940.0,520.362,157
2025-06-02 12:44:00-04:00,520.37,520.37,520.0,520.12,69801.0,520.143,434
2025-06-02 12:45:00-04:00,520.12,520.31,520.07,520.29,26571.0,520.161,193
2025-06-02 12:46:00-04:00,520.26,520.38,520.2,520.34,28234.0,520.291,182
2025-06-02 12:47:00-04:00,520.35,520.58,520.34,520.57,33971.0,520.474,207
2025-06-02 12:48:00-04:00,520.57,520.66,520.41,520.42,38392.0,520.553,282
2025-06-02 12:49:00-04:00,520.43,520.57,520.3,520.31,22571.0,520.429,173
2025-06-02 12:50:00-04:00,520.31,520.49,520.23,520.44,30011.0,520.344,211
2025-06-02 12:51:00-04:00,520.39,520.57,520.25,520.53,27609.0,520.454,183
2025-06-02 12:52:00-04:00,520.55,520.82,520.5,520.81,41481.0,520.681,305
2025-06-02 12:53:00-04:00,520.81,521.01,520.8,520.9,107001.0,520.905,662
2025-06-02 12:54:00-04:00,520.89,521.27,520.85,521.25,110725.0,521.112,707
2025-06-02 12:55:00-04:00,521.25,521.25,521.03,521.12,57607.0,521.126,393
2025-06-02 12:56:00-04:00,521.12,521.25,521.02,521.07,44912.0,521.115,301
2025-06-02 12:57:00-04:00,521.07,521.1,520.99,521.08,23534.0,521.05,165
2025-06-02 12:58:00-04:00,521.07,521.1,520.98,521.05,24674.0,521.055,177
2025-06-02 12:59:00-04:00,521.04,521.14,521.0,521.06,20051.0,521.08,138
2025-06-02 13:00:00-04:00,521.1,521.21,521.02,521.19,62028.0,521.117,504
2025-06-02 13:01:00-04:00,521.22,521.68,521.21,521.63,148217.0,521.499,976
2025-06-02 13:02:00-04:00,521.64,521.72,521.43,521.44,103613.0,521.57,568
2025-06-02 13:03:00-04:00,521.45,521.53,521.42,521.48,19935.0,521.462,132
2025-06-02 13:04:00-04:00,521.5,521.5,521.34,521.36,46321.0,521.395,302
2025-06-02 13:05:00-04:00,521.37,521.48,521.32,521.47,39669.0,521.404,247
2025-06-02 13:06:00-04:00,521.48,521.64,521.45,521.51,30409.0,521.535,230
2025-06-02 13:07:00-04:00,521.5,521.57,521.4,521.42,24602.0,521.484,193
2025-06-02 13:08:00-04:00,521.42,521.62,521.42,521.54,26154.0,521.534,164
2025-06-02 13:09:00-04:00,521.56,521.71,521.52,521.7,43156.0,521.635,277
2025-06-02 13:10:00-04:00,521.68,521.75,521.58,521.7,60959.0,521.678,328
2025-06-02 13:11:00-04:00,521.71,521.71,521.54,521.62,35751.0,521.619,232
2025-06-02 13:12:00-04:00,521.65,521.68,521.5,521.51,27755.0,521.565,182
2025-06-02 13:13:00-04:00,521.5,521.63,521.44,521.59,45215.0,521.53,234
2025-06-02 13:14:00-04:00,521.56,521.62,521.2,521.2,53784.0,521.393,339
2025-06-02 13:15:00-04:00,521.22,521.49,521.2,521.47,63554.0,521.318,414
2025-06-02 13:16:00-04:00,521.45,521.47,521.15,521.22,40575.0,521.281,305
2025-06-02 13:17:00-04:00,521.23,521.33,521.16,521.26,24094.0,521.243,202
2025-06-02 13:18:00-04:00,521.22,521.37,521.21,521.29,43983.0,521.289,271
2025-06-02 13:19:00-04:00,521.29,521.41,521.26,521.38,18449.0,521.34,142
2025-06-02 13:20:00-04:00,521.37,521.39,521.21,521.29,23442.0,521.298,174
2025-06-02 13:21:00-04:00,521.33,521.33,521.04,521.24,41312.0,521.136,324
2025-06-02 13:22:00-04:00,521.25,521.26,520.97,520.98,34658.0,521.098,268
2025-06-02 13:23:00-04:00,520.98,521.26,520.96,521.26,35630.0,521.124,242
2025-06-02 13:24:00-04:00,521.25,521.37,521.14,521.27,22061.0,521.277,166
2025-06-02 13:25:00-04:00,521.26,521.44,521.2,521.33,44786.0,521.296,289
2025-06-02 13:26:00-04:00,521.31,521.36,521.02,521.23,48481.0,521.185,334
2025-06-02 13:27:00-04:00,521.22,521.33,521.22,521.29,13008.0,521.276,95
2025-06-02 13:28:00-04:00,521.3,521.3,520.95,521.08,50505.0,521.087,264
2025-06-02 13:29:00-04:00,521.05,521.16,521.02,521.14,13313.0,521.096,107
2025-06-02 13:30:00-04:00,521.13,521.46,521.05,521.39,61585.0,521.243,415
2025-06-02 13:31:00-04:00,521.39,521.41,521.03,521.05,49840.0,521.196,328
2025-06-02 13:32:00-04:00,521.05,521.27,521.05,521.26,22598.0,521.149,125
2025-06-02 13:33:00-04:00,521.24,521.24,521.0,521.02,18000.0,521.114,118
2025-06-02 13:34:00-04:00,521.04,521.19,521.01,521.17,20499.0,521.137,94
2025-06-02 13:35:00-04:00,521.18,521.21,520.92,521.12,68933.0,521.046,445
2025-06-02 13:36:00-04:00,521.11,521.3,521.11,521.23,29705.0,521.21,209
2025-06-02 13:37:00-04:00,521.27,521.3,521.2,521.26,43489.0,521.266,274
2025-06-02 13:38:00-04:00,521.27,521.28,521.12,521.15,33128.0,521.179,225
2025-06-02 13:39:00-04:00,521.14,521.32,521.12,521.24,46338.0,521.265,239
2025-06-02 13:40:00-04:00,521.23,521.23,521.08,521.21,29353.0,521.173,216
2025-06-02 13:41:00-04:00,521.18,521.18,520.94,520.96,44931.0,521.04,287
2025-06-02 13:42:00-04:00,520.95,521.2,520.95,521.1,38044.0,521.069,249
2025-06-02 13:43:00-04:00,521.08,521.13,520.88,520.93,21396.0,520.992,155
2025-06-02 13:44:00-04:00,520.94,521.0,520.92,520.99,19883.0,520.958,139
2025-06-02 13:45:00-04:00,520.98,521.07,520.92,521.02,31480.0,521.001,204
2025-06-02 13:46:00-04:00,521.0,521.03,520.87,520.88,40043.0,520.972,273
2025-06-02 13:47:00-04:00,520.9,520.97,520.85,520.93,31686.0,520.895,244
2025-06-02 13:48:00-04:00,520.89,520.97,520.8,520.85,49994.0,520.87,311
2025-06-02 13:49:00-04:00,520.84,520.85,520.74,520.77,22521.0,520.79,163
2025-06-02 13:50:00-04:00,520.76,520.79,520.59,520.61,70591.0,520.67,436
2025-06-02 13:51:00-04:00,520.62,520.82,520.57,520.73,42155.0,520.707,257
2025-06-02 13:52:00-04:00,520.74,520.86,520.64,520.76,14434.0,520.771,125
2025-06-02 13:53:00-04:00,520.8,520.82,520.75,520.8,10715.0,520.785,97
2025-06-02 13:54:00-04:00,520.8,520.87,520.74,520.78,30285.0,520.795,221
2025-06-02 13:55:00-04:00,520.75,520.79,520.66,520.79,30473.0,520.734,184
2025-06-02 13:56:00-04:00,520.79,521.1,520.79,521.08,54994.0,520.991,369
2025-06-02 13:57:00-04:00,521.09,521.18,521.03,521.15,43087.0,521.116,260
2025-06-02 13:58:00-04:00,521.15,521.23,521.1,521.16,69257.0,521.15,354
2025-06-02 13:59:00-04:00,521.17,521.18,521.02,521.08,28864.0,521.101,120
2025-06-02 14:00:00-04:00,521.05,521.11,520.93,521.03,64471.0,521.036,355
2025-06-02 14:01:00-04:00,521.03,521.21,520.94,521.19,73981.0,521.076,382
2025-06-02 14:02:00-04:00,521.19,521.4,521.07,521.15,160471.0,521.248,934
2025-06-02 14:03:00-04:00,521.15,521.21,521.03,521.08,40386.0,521.122,213
2025-06-02 14:04:00-04:00,521.1,521.1,520.94,521.09,29990.0,521.025,191
2025-06-02 14:05:00-04:00,521.08,521.23,521.07,521.22,43540.0,521.149,302
2025-06-02 14:06:00-04:00,521.23,521.34,521.16,521.29,66714.0,521.233,377
2025-06-02 14:07:00-04:00,521.28,521.39,521.26,521.31,36063.0,521.312,239
2025-06-02 14:08:00-04:00,521.34,521.39,521.09,521.11,53984.0,521.279,314
2025-06-02 14:09:00-04:00,521.12,521.18,520.62,520.89,198659.0,520.877,1302
2025-06-02 14:10:00-04:00,520.89,521.08,520.85,520.99,55723.0,520.967,421
2025-06-02 14:11:00-04:00,520.95,521.07,520.93,521.01,25951.0,521.019,203
2025-06-02 14:12:00-04:00,521.02,521.15,520.92,521.15,48610.0,521.007,289
2025-06-02 14:13:00-04:00,521.16,521.27,521.1,521.24,34984.0,521.182,252
2025-06-02 14:14:00-04:00,521.26,521.58,521.26,521.46,57783.0,521.434,361
2025-06-02 14:15:00-04:00,521.47,521.96,521.46,521.8,140260.0,521.761,888
2025-06-02 14:16:00-04:00,521.82,522.05,521.79,521.89,139357.0,521.957,712
2025-06-02 14:17:00-04:00,521.92,521.98,521.77,521.83,58554.0,521.875,326
2025-06-02 14:18:00-04:00,521.82,522.04,521.79,521.99,30738.0,521.928,221
2025-06-02 14:19:00-04:00,522.0,522.3,521.97,521.99,136584.0,522.137,892
2025-06-02 14:20:00-04:00,521.99,522.18,521.87,522.15,76216.0,522.02,489
2025-06-02 14:21:00-04:00,522.16,522.41,522.15,522.33,109613.0,522.261,748
2025-06-02 14:22:00-04:00,522.36,522.64,522.35,522.51,107096.0,522.512,729
2025-06-02 14:23:00-04:00,522.53,522.67,522.38,522.43,53355.0,522.514,339
2025-06-02 14:24:00-04:00,522.42,522.45,522.34,522.36,55284.0,522.39,324
2025-06-02 14:25:00-04:00,522.36,522.58,522.32,522.4,69792.0,522.454,400
2025-06-02 14:26:00-04:00,522.38,522.58,522.38,522.49,41159.0,522.485,280
2025-06-02 14:27:00-04:00,522.49,522.55,522.44,522.46,76311.0,522.481,307
2025-06-02 14:28:00-04:00,522.46,522.53,522.44,522.5,42584.0,522.474,251
2025-06-02 14:29:00-04:00,522.48,522.65,522.47,522.59,78269.0,522.525,371
2025-06-02 14:30:00-04:00,522.59,522.66,522.55,522.56,57787.0,522.597,408
2025-06-02 14:31:00-04:00,522.57,522.69,522.53,522.66,32430.0,522.591,192
2025-06-02 14:32:00-04:00,522.67,522.76,522.54,522.54,44779.0,522.638,344
2025-06-02 14:33:00-04:00,522.54,522.6,522.43,522.46,59318.0,522.487,418
2025-06-02 14:34:00-04:00,522.45,522.45,522.3,522.35,48381.0,522.377,351
2025-06-02 14:35:00-04:00,522.35,522.42,522.18,522.4,60942.0,522.278,407
2025-06-02 14:36:00-04:00,522.41,522.55,522.31,522.45,43625.0,522.423,328
2025-06-02 14:37:00-04:00,522.47,522.54,522.4,522.43,42887.0,522.46,313
2025-06-02 14:38:00-04:00,522.44,522.52,522.44,522.49,28487.0,522.485,199
2025-06-02 14:39:00-04:00,522.51,522.53,522.4,522.4,26790.0,522.455,229
2025-06-02 14:40:00-04:00,522.4,522.42,522.18,522.27,95581.0,522.278,654
2025-06-02 14:41:00-04:00,522.27,522.38,522.2,522.35,48156.0,522.261,375
2025-06-02 14:42:00-04:00,522.35,522.44,522.33,522.38,24179.0,522.397,185
2025-06-02 14:43:00-04:00,522.39,522.58,522.38,522.57,28643.0,522.478,196
2025-06-02 14:44:00-04:00,522.54,522.62,522.45,522.51,45676.0,522.556,345
2025-06-02 14:45:00-04:00,522.52,522.55,522.43,522.53,30990.0,522.484,230
2025-06-02 14:46:00-04:00,522.54,522.61,522.5,522.52,27651.0,522.554,197
2025-06-02 14:47:00-04:00,522.54,522.61,522.51,522.55,34879.0,522.567,220
2025-06-02 14:48:00-04:00,522.55,522.63,522.53,522.55,21537.0,522.582,151
2025-06-02 14:49:00-04:00,522.54,522.57,522.44,522.45,34062.0,522.519,256
2025-06-02 14:50:00-04:00,522.45,522.57,522.28,522.55,49525.0,522.437,345
2025-06-02 14:51:00-04:00,522.55,522.78,522.53,522.73,93920.0,522.677,590
2025-06-02 14:52:00-04:00,522.72,522.74,522.59,522.7,24106.0,522.672,161
2025-06-02 14:53:00-04:00,522.7,522.73,522.59,522.62,27566.0,522.641,208
2025-06-02 14:54:00-04:00,522.61,522.7,522.61,522.67,61544.0,522.657,335
2025-06-02 14:55:00-04:00,522.66,522.84,522.58,522.84,74565.0,522.698,478
2025-06-02 14:56:00-04:00,522.84,523.0,522.81,522.82,93210.0,522.906,581
2025-06-02 14:57:00-04:00,522.81,522.84,522.74,522.81,33517.0,522.8,248
2025-06-02 14:58:00-04:00,522.82,522.92,522.8,522.8,30951.0,522.854,249
2025-06-02 14:59:00-04:00,522.81,522.82,522.73,522.81,30695.0,522.784,195
2025-06-02 15:00:00-04:00,522.8,522.96,522.79,522.91,87752.0,522.879,585
2025-06-02 15:01:00-04:00,522.91,523.0,522.86,522.88,37405.0,522.93,279
2025-06-02 15:02:00-04:00,522.89,522.97,522.87,522.89,41207.0,522.913,286
2025-06-02 15:03:00-04:00,522.9,522.97,522.88,522.97,70695.0,522.948,408
2025-06-02 15:04:00-04:00,522.97,523.04,522.93,522.95,111933.0,522.985,529
2025-06-02 15:05:00-04:00,522.95,523.11,522.9,523.06,66108.0,523.001,452
2025-06-02 15:06:00-04:00,523.07,523.1,522.86,522.88,77278.0,522.957,502
2025-06-02 15:07:00-04:00,522.85,522.93,522.78,522.84,90174.0,522.865,564
2025-06-02 15:08:00-04:00,522.84,522.84,522.69,522.75,77921.0,522.751,445
2025-06-02 15:09:00-04:00,522.73,522.9,522.71,522.85,41373.0,522.833,329
2025-06-02 15:10:00-04:00,522.85,522.97,522.85,522.94,42797.0,522.897,260
2025-06-02 15:11:00-04:00,522.92,523.0,522.87,522.91,28614.0,522.941,231
2025-06-02 15:12:00-04:00,522.91,522.95,522.81,522.81,40228.0,522.872,266
2025-06-02 15:13:00-04:00,522.81,522.86,522.73,522.85,47557.0,522.807,315
2025-06-02 15:14:00-04:00,522.86,522.94,522.79,522.8,33419.0,522.879,251
2025-06-02 15:15:00-04:00,522.8,522.88,522.75,522.75,32130.0,522.813,216
2025-06-02 15:16:00-04:00,522.74,522.8,522.63,522.8,67703.0,522.701,433
2025-06-02 15:17:00-04:00,522.79,522.81,522.65,522.69,38107.0,522.718,264
2025-06-02 15:18:00-04:00,522.7,522.8,522.68,522.78,42911.0,522.743,302
2025-06-02 15:19:00-04:00,522.78,522.81,522.66,522.68,43319.0,522.764,307
2025-06-02 15:20:00-04:00,522.68,522.83,522.54,522.83,75075.0,522.66,499
2025-06-02 15:21:00-04:00,522.84,522.88,522.74,522.87,61895.0,522.821,430
2025-06-02 15:22:00-04:00,522.86,523.0,522.83,522.98,53181.0,522.909,370
2025-06-02 15:23:00-04:00,522.99,523.05,522.94,523.01,41317.0,523.006,266
2025-06-02 15:24:00-04:00,523.0,523.45,522.98,523.34,205323.0,523.249,1142
2025-06-02 15:25:00-04:00,523.31,523.32,523.08,523.11,92655.0,523.222,590
2025-06-02 15:26:00-04:00,523.11,523.31,523.09,523.24,52647.0,523.202,333
2025-06-02 15:27:00-04:00,523.24,523.31,523.12,523.14,79518.0,523.232,514
2025-06-02 15:28:00-04:00,523.16,523.21,523.1,523.17,33143.0,523.158,241
2025-06-02 15:29:00-04:00,523.17,523.18,523.06,523.15,60238.0,523.111,380
2025-06-02 15:30:00-04:00,523.15,523.16,522.87,522.88,115756.0,523.02,745
2025-06-02 15:31:00-04:00,522.87,523.05,522.86,523.04,62290.0,522.955,408
2025-06-02 15:32:00-04:00,523.02,523.02,522.86,522.95,64692.0,522.925,398
2025-06-02 15:33:00-04:00,522.95,522.96,522.85,522.86,47122.0,522.883,337
2025-06-02 15:34:00-04:00,522.85,522.87,522.71,522.78,44702.0,522.767,336
2025-06-02 15:35:00-04:00,522.77,522.78,522.6,522.75,64072.0,522.691,448
2025-06-02 15:36:00-04:00,522.75,522.88,522.7,522.86,49995.0,522.819,375
2025-06-02 15:37:00-04:00,522.86,522.93,522.79,522.88,53273.0,522.856,251
2025-06-02 15:38:00-04:00,522.88,522.92,522.71,522.77,49609.0,522.804,283
2025-06-02 15:39:00-04:00,522.78,522.78,522.61,522.68,54281.0,522.668,310
2025-06-02 15:40:00-04:00,522.67,522.74,522.51,522.58,67471.0,522.633,427
2025-06-02 15:41:00-04:00,522.59,522.65,522.48,522.65,51086.0,522.557,355
2025-06-02 15:42:00-04:00,522.64,522.81,522.63,522.79,62940.0,522.748,435
2025-06-02 15:43:00-04:00,522.79,522.89,522.77,522.8,40201.0,522.831,303
2025-06-02 15:44:00-04:00,522.8,522.81,522.59,522.65,43539.0,522.692,344
2025-06-02 15:45:00-04:00,522.65,522.76,522.57,522.58,49780.0,522.643,350
2025-06-02 15:46:00-04:00,522.59,522.71,522.53,522.67,77780.0,522.589,444
2025-06-02 15:47:00-04:00,522.68,522.84,522.56,522.79,59065.0,522.72,445
2025-06-02 15:48:00-04:00,522.79,522.9,522.79,522.8,55181.0,522.837,410
2025-06-02 15:49:00-04:00,522.78,522.85,522.71,522.77,51512.0,522.77,360
2025-06-02 15:50:00-04:00,522.78,523.22,522.68,522.98,191329.0,522.922,1398
2025-06-02 15:51:00-04:00,522.99,523.06,522.93,523.0,116704.0,523.013,833
2025-06-02 15:52:00-04:00,523.0,523.01,522.59,522.66,130798.0,522.743,928
2025-06-02 15:53:00-04:00,522.65,522.79,522.44,522.48,89457.0,522.609,681
2025-06-02 15:54:00-04:00,522.48,522.73,522.29,522.53,236493.0,522.457,1689
2025-06-02 15:55:00-04:00,522.6,522.89,522.54,522.65,245985.0,522.744,1730
2025-06-02 15:56:00-04:00,522.64,522.77,522.43,522.74,105203.0,522.586,698
2025-06-02 15:57:00-04:00,522.72,522.84,522.67,522.83,95495.0,522.766,602
2025-06-02 15:58:00-04:00,522.83,523.09,522.71,523.01,288055.0,522.946,1665
2025-06-02 15:59:00-04:00,523.0,523.35,522.96,523.18,562787.0,523.169,3404
2025-06-03 09:30:00-04:00,523.58,524.76,523.56,524.57,415321.0,524.149,1751
2025-06-03 09:31:00-04:00,524.56,524.77,523.96,524.0,194414.0,524.467,1391
2025-06-03 09:32:00-04:00,523.98,524.0,523.27,523.46,211533.0,523.613,1402
2025-06-03 09:33:00-04:00,523.46,523.73,523.16,523.62,139536.0,523.454,845
2025-06-03 09:34:00-04:00,523.61,523.61,522.95,523.24,97763.0,523.243,593
2025-06-03 09:35:00-04:00,523.23,523.37,522.94,523.26,130286.0,523.122,980
2025-06-03 09:36:00-04:00,523.29,523.45,522.98,523.41,145746.0,523.181,843
2025-06-03 09:37:00-04:00,523.33,523.44,523.18,523.27,92339.0,523.331,656
2025-06-03 09:38:00-04:00,523.27,523.36,522.89,523.05,129350.0,523.136,822
2025-06-03 09:39:00-04:00,522.99,523.08,522.69,523.05,99657.0,522.927,720
2025-06-03 09:40:00-04:00,523.06,523.3,522.91,523.25,106861.0,523.139,662
2025-06-03 09:41:00-04:00,523.29,523.91,523.28,523.89,169028.0,523.601,1275
2025-06-03 09:42:00-04:00,523.93,524.41,523.78,524.17,180003.0,524.098,1207
2025-06-03 09:43:00-04:00,524.19,524.23,523.74,523.82,132793.0,523.977,952
2025-06-03 09:44:00-04:00,523.82,524.04,523.69,524.01,65355.0,523.865,518
2025-06-03 09:45:00-04:00,524.01,524.24,523.9,524.04,87542.0,524.053,709
2025-06-03 09:46:00-04:00,524.05,524.28,524.0,524.08,89853.0,524.143,630
2025-06-03 09:47:00-04:00,524.12,524.69,524.01,524.68,110724.0,524.306,695
2025-06-03 09:48:00-04:00,524.68,524.85,524.54,524.7,132312.0,524.708,857
2025-06-03 09:49:00-04:00,524.7,524.71,524.36,524.38,106881.0,524.542,706
2025-06-03 09:50:00-04:00,524.39,524.49,523.94,524.19,166520.0,524.248,1118
2025-06-03 09:51:00-04:00,524.18,524.32,523.89,524.24,100469.0,524.094,633
2025-06-03 09:52:00-04:00,524.23,524.5,524.13,524.44,75267.0,524.379,555
2025-06-03 09:53:00-04:00,524.46,524.56,524.38,524.43,67707.0,524.47,438
2025-06-03 09:54:00-04:00,524.42,524.8,524.33,524.68,110292.0,524.582,663
2025-06-03 09:55:00-04:00,524.67,524.75,524.39,524.5,83911.0,524.598,589
2025-06-03 09:56:00-04:00,524.42,524.75,524.41,524.75,65880.0,524.607,423
2025-06-03 09:57:00-04:00,524.76,525.02,524.72,524.97,181267.0,524.916,1093
2025-06-03 09:58:00-04:00,524.97,525.04,524.65,524.76,122360.0,524.853,714
2025-06-03 09:59:00-04:00,524.75,524.85,524.66,524.79,50697.0,524.74,304
2025-06-03 10:00:00-04:00,524.75,525.5,524.69,525.16,172476.0,525.17,960
2025-06-03 10:01:00-04:00,525.11,525.3,525.01,525.24,84333.0,525.157,646
2025-06-03 10:02:00-04:00,525.24,525.64,525.09,525.59,129433.0,525.446,929
2025-06-03 10:03:00-04:00,525.58,525.81,525.39,525.4,133420.0,525.642,946
2025-06-03 10:04:00-04:00,525.4,525.42,525.14,525.26,131535.0,525.276,821
2025-06-03 10:05:00-04:00,525.27,525.5,525.19,525.46,71293.0,525.363,476
2025-06-03 10:06:00-04:00,525.48,525.62,525.19,525.3,95014.0,525.432,630
2025-06-03 10:07:00-04:00,525.3,525.37,524.55,524.61,183063.0,524.904,1110
2025-06-03 10:08:00-04:00,524.6,524.62,523.86,524.26,244145.0,524.151,1475
2025-06-03 10:09:00-04:00,524.24,524.74,524.22,524.67,132593.0,524.513,699
2025-06-03 10:10:00-04:00,524.68,524.81,524.27,524.81,110966.0,524.482,808
2025-06-03 10:11:00-04:00,524.8,524.85,524.58,524.65,92160.0,524.73,637
2025-06-03 10:12:00-04:00,524.68,525.04,524.64,525.03,97181.0,524.864,648
2025-06-03 10:13:00-04:00,525.06,525.17,524.91,525.06,62158.0,525.034,486
2025-06-03 10:14:00-04:00,525.08,525.1,524.89,525.04,75582.0,525.005,522
2025-06-03 10:15:00-04:00,525.05,525.29,524.9,525.26,94370.0,525.07,690
2025-06-03 10:16:00-04:00,525.24,525.41,525.14,525.29,82572.0,525.297,611
2025-06-03 10:17:00-04:00,525.29,525.29,524.98,525.06,86005.0,525.108,618
2025-06-03 10:18:00-04:00,525.07,525.28,524.99,525.28,53335.0,525.142,413
2025-06-03 10:19:00-04:00,525.28,525.55,525.28,525.34,84396.0,525.415,572
2025-06-03 10:20:00-04:00,525.34,525.58,525.07,525.22,97757.0,525.303,695
2025-06-03 10:21:00-04:00,525.2,525.34,525.08,525.3,54718.0,525.234,366
2025-06-03 10:22:00-04:00,525.3,525.32,525.14,525.2,44528.0,525.213,374
2025-06-03 10:23:00-04:00,525.2,525.21,524.93,524.98,66310.0,525.039,463
2025-06-03 10:24:00-04:00,525.01,525.18,524.95,525.05,32590.0,525.052,266
2025-06-03 10:25:00-04:00,525.03,525.18,524.84,525.17,76929.0,525.003,475
2025-06-03 10:26:00-04:00,525.15,525.38,525.04,525.34,62176.0,525.213,443
2025-06-03 10:27:00-04:00,525.33,525.41,525.24,525.28,61822.0,525.317,370
2025-06-03 10:28:00-04:00,525.29,525.38,525.22,525.33,61093.0,525.326,372
2025-06-03 10:29:00-04:00,525.34,525.44,525.17,525.42,59840.0,525.322,396
2025-06-03 10:30:00-04:00,525.41,525.42,525.01,525.15,76779.0,525.199,558
2025-06-03 10:31:00-04:00,525.14,525.18,524.91,524.99,94907.0,525.049,545
2025-06-03 10:32:00-04:00,524.98,525.13,524.93,525.07,57706.0,525.036,405
2025-06-03 10:33:00-04:00,525.06,525.08,524.75,524.89,87227.0,524.87,567
2025-06-03 10:34:00-04:00,524.89,524.92,524.73,524.82,48461.0,524.833,275
2025-06-03 10:35:00-04:00,524.8,524.83,524.52,524.7,77590.0,524.625,486
2025-06-03 10:36:00-04:00,524.69,524.9,524.61,524.87,67041.0,524.79,450
2025-06-03 10:37:00-04:00,524.88,525.07,524.74,525.05,50353.0,524.897,342
2025-06-03 10:38:00-04:00,525.05,525.13,524.94,525.13,47209.0,525.025,297
2025-06-03 10:39:00-04:00,525.13,525.3,525.1,525.2,50730.0,525.196,329
2025-06-03 10:40:00-04:00,525.2,525.2,525.07,525.12,43548.0,525.131,318
2025-06-03 10:41:00-04:00,525.14,525.18,525.02,525.12,42888.0,525.106,309
2025-06-03 10:42:00-04:00,525.12,525.25,524.98,525.04,50800.0,525.116,308
2025-06-03 10:43:00-04:00,525.05,525.25,524.98,525.14,78363.0,525.11,487
2025-06-03 10:44:00-04:00,525.16,525.22,525.01,525.18,62722.0,525.146,338
2025-06-03 10:45:00-04:00,525.17,525.4,525.14,525.34,95996.0,525.258,656
2025-06-03 10:46:00-04:00,525.34,525.45,525.28,525.4,82459.0,525.385,425
2025-06-03 10:47:00-04:00,525.39,525.67,525.39,525.61,116545.0,525.527,528
2025-06-03 10:48:00-04:00,525.62,525.64,525.5,525.6,65843.0,525.575,371
2025-06-03 10:49:00-04:00,525.6,525.72,525.52,525.63,77365.0,525.646,470
2025-06-03 10:50:00-04:00,525.62,525.68,525.55,525.63,64347.0,525.63,400
2025-06-03 10:51:00-04:00,525.64,525.94,525.51,525.94,82478.0,525.728,552
2025-06-03 10:52:00-04:00,525.93,525.97,525.77,525.92,85973.0,525.897,495
2025-06-03 10:53:00-04:00,525.94,526.0,525.9,525.94,73595.0,525.945,455
2025-06-03 10:54:00-04:00,525.93,526.04,525.88,525.88,94688.0,525.965,437
2025-06-03 10:55:00-04:00,525.9,526.13,525.9,525.94,81266.0,526.031,484
2025-06-03 10:56:00-04:00,525.92,525.97,525.85,525.86,86991.0,525.909,480
2025-06-03 10:57:00-04:00,525.85,526.04,525.83,525.98,64249.0,525.95,475
2025-06-03 10:58:00-04:00,525.98,526.28,525.98,526.25,86056.0,526.152,592
2025-06-03 10:59:00-04:00,526.25,526.39,526.24,526.36,83059.0,526.319,582
2025-06-03 11:00:00-04:00,526.35,526.53,526.35,526.46,144530.0,526.454,753
2025-06-03 11:01:00-04:00,526.46,526.53,526.35,526.39,93458.0,526.451,625
2025-06-03 11:02:00-04:00,526.39,526.58,526.39,526.55,87355.0,526.5,621
2025-06-03 11:03:00-04:00,526.57,526.7,526.55,526.66,110067.0,526.612,722
2025-06-03 11:04:00-04:00,526.66,526.68,526.44,526.48,78176.0,526.543,438
2025-06-03 11:05:00-04:00,526.47,526.64,526.37,526.64,61575.0,526.502,483
2025-06-03 11:06:00-04:00,526.64,526.75,526.48,526.49,76069.0,526.633,527
2025-06-03 11:07:00-04:00,526.48,526.49,526.16,526.28,105288.0,526.298,604
2025-06-03 11:08:00-04:00,526.29,526.37,526.18,526.23,57881.0,526.269,362
2025-06-03 11:09:00-04:00,526.22,526.37,526.16,526.34,52375.0,526.274,320
2025-06-03 11:10:00-04:00,526.35,526.51,526.34,526.44,69353.0,526.435,470
2025-06-03 11:11:00-04:00,526.47,526.47,526.34,526.39,56123.0,526.421,237
2025-06-03 11:12:00-04:00,526.4,526.4,526.24,526.29,64688.0,526.328,399
2025-06-03 11:13:00-04:00,526.25,526.31,526.17,526.28,75777.0,526.239,464
2025-06-03 11:14:00-04:00,526.28,526.41,526.21,526.38,62185.0,526.306,371
2025-06-03 11:15:00-04:00,526.38,526.42,526.3,526.4,43971.0,526.372,272
2025-06-03 11:16:00-04:00,526.38,526.39,526.22,526.24,41617.0,526.289,293
2025-06-03 11:17:00-04:00,526.25,526.41,526.24,526.4,46903.0,526.299,309
2025-06-03 11:18:00-04:00,526.4,526.7,526.37,526.67,55000.0,526.521,345
2025-06-03 11:19:00-04:00,526.67,526.7,526.57,526.63,43051.0,526.633,239
2025-06-03 11:20:00-04:00,526.64,526.93,526.6,526.78,95060.0,526.824,632
2025-06-03 11:21:00-04:00,526.8,526.81,526.69,526.72,57466.0,526.754,304
2025-06-03 11:22:00-04:00,526.71,526.82,526.68,526.71,62483.0,526.749,445
2025-06-03 11:23:00-04:00,526.7,526.9,526.68,526.85,67798.0,526.77,346
2025-06-03 11:24:00-04:00,526.84,526.97,526.73,526.78,61989.0,526.827,426
2025-06-03 11:25:00-04:00,526.78,526.87,526.58,526.62,75356.0,526.757,477
2025-06-03 11:26:00-04:00,526.63,526.69,526.5,526.62,50074.0,526.598,337
2025-06-03 11:27:00-04:00,526.62,526.64,526.49,526.6,67176.0,526.55,321
2025-06-03 11:28:00-04:00,526.61,526.72,526.59,526.61,40485.0,526.651,241
2025-06-03 11:29:00-04:00,526.6,526.64,526.51,526.6,40983.0,526.581,257
2025-06-03 11:30:00-04:00,526.62,526.67,526.46,526.56,54390.0,526.561,313
2025-06-03 11:31:00-04:00,526.57,526.64,526.45,526.48,59400.0,526.54,410
2025-06-03 11:32:00-04:00,526.48,526.52,526.4,526.51,58538.0,526.451,361
2025-06-03 11:33:00-04:00,526.53,526.54,526.41,526.54,41885.0,526.496,192
2025-06-03 11:34:00-04:00,526.53,526.64,526.45,526.49,48132.0,526.547,316
2025-06-03 11:35:00-04:00,526.49,526.53,526.42,526.46,61359.0,526.488,367
2025-06-03 11:36:00-04:00,526.45,526.75,526.44,526.65,84321.0,526.602,477
2025-06-03 11:37:00-04:00,526.65,526.66,526.47,526.47,39815.0,526.604,306
2025-06-03 11:38:00-04:00,526.48,526.51,526.36,526.42,38981.0,526.425,306
2025-06-03 11:39:00-04:00,526.42,526.61,526.42,526.58,57651.0,526.524,389
2025-06-03 11:40:00-04:00,526.58,526.64,526.48,526.6,51816.0,526.552,403
2025-06-03 11:41:00-04:00,526.6,526.65,526.55,526.61,45167.0,526.605,258
2025-06-03 11:42:00-04:00,526.61,526.87,526.61,526.86,116139.0,526.721,749
2025-06-03 11:43:00-04:00,526.87,526.89,526.75,526.79,106499.0,526.822,620
2025-06-03 11:44:00-04:00,526.78,526.9,526.72,526.77,66956.0,526.8,321
2025-06-03 11:45:00-04:00,526.77,526.87,526.64,526.77,50316.0,526.756,311
2025-06-03 11:46:00-04:00,526.75,526.92,526.63,526.69,102732.0,526.788,621
2025-06-03 11:47:00-04:00,526.68,526.89,526.66,526.73,47590.0,526.799,343
2025-06-03 11:48:00-04:00,526.73,526.78,526.64,526.69,49382.0,526.681,260
2025-06-03 11:49:00-04:00,526.67,526.67,526.44,526.45,32746.0,526.547,213
2025-06-03 11:50:00-04:00,526.45,526.45,526.22,526.37,104862.0,526.3,473
2025-06-03 11:51:00-04:00,526.37,526.37,526.25,526.33,68025.0,526.318,370
2025-06-03 11:52:00-04:00,526.35,526.56,526.35,526.49,70271.0,526.481,494
2025-06-03 11:53:00-04:00,526.52,526.61,526.46,526.6,40695.0,526.529,218
2025-06-03 11:54:00-04:00,526.59,526.75,526.53,526.67,58886.0,526.667,354
2025-06-03 11:55:00-04:00,526.66,526.76,526.64,526.69,50908.0,526.675,187
2025-06-03 11:56:00-04:00,526.67,526.84,526.66,526.8,46506.0,526.768,288
2025-06-03 11:57:00-04:00,526.82,526.82,526.72,526.76,38684.0,526.777,261
2025-06-03 11:58:00-04:00,526.78,526.92,526.78,526.9,43017.0,526.855,223
2025-06-03 11:59:00-04:00,526.9,527.0,526.86,526.91,68453.0,526.931,429
2025-06-03 12:00:00-04:00,526.92,527.03,526.85,526.95,158424.0,526.96,858
2025-06-03 12:01:00-04:00,526.94,527.0,526.84,526.99,72387.0,526.926,494
2025-06-03 12:02:00-04:00,526.99,527.03,526.93,526.95,80709.0,526.995,449
2025-06-03 12:03:00-04:00,526.96,527.08,526.87,526.9,61490.0,526.98,401
2025-06-03 12:04:00-04:00,526.89,526.96,526.87,526.92,47596.0,526.916,352
2025-06-03 12:05:00-04:00,526.92,527.02,526.87,527.0,64291.0,526.953,404
2025-06-03 12:06:00-04:00,527.0,527.06,526.95,527.06,67009.0,527.002,378
2025-06-03 12:07:00-04:00,527.06,527.12,527.02,527.07,38575.0,527.078,279
2025-06-03 12:08:00-04:00,527.08,527.08,526.85,526.89,48317.0,526.947,313
2025-06-03 12:09:00-04:00,526.89,526.89,526.71,526.79,56794.0,526.793,394
2025-06-03 12:10:00-04:00,526.79,526.93,526.77,526.77,38824.0,526.839,285
2025-06-03 12:11:00-04:00,526.77,526.9,526.76,526.85,25288.0,526.831,193
2025-06-03 12:12:00-04:00,526.84,526.96,526.8,526.95,38444.0,526.896,225
2025-06-03 12:13:00-04:00,526.95,527.01,526.92,527.01,26457.0,526.966,188
2025-06-03 12:14:00-04:00,527.0,527.06,526.97,527.06,29672.0,527.019,213
2025-06-03 12:15:00-04:00,527.05,527.21,527.04,527.2,68719.0,527.151,464
2025-06-03 12:16:00-04:00,527.2,527.29,527.17,527.25,84798.0,527.224,477
2025-06-03 12:17:00-04:00,527.24,527.52,527.2,527.48,103993.0,527.391,580
2025-06-03 12:18:00-04:00,527.48,527.54,527.43,527.48,110463.0,527.488,529
2025-06-03 12:19:00-04:00,527.48,527.63,527.47,527.58,42345.0,527.577,292
2025-06-03 12:20:00-04:00,527.58,527.58,527.38,527.42,79921.0,527.458,508
2025-06-03 12:21:00-04:00,527.41,527.42,527.31,527.38,51814.0,527.353,309
2025-06-03 12:22:00-04:00,527.37,527.39,527.24,527.25,58454.0,527.286,320
2025-06-03 12:23:00-04:00,527.25,527.3,527.12,527.24,81775.0,527.196,516
2025-06-03 12:24:00-04:00,527.25,527.4,527.17,527.37,129388.0,527.27,745
2025-06-03 12:25:00-04:00,527.37,527.37,527.26,527.36,51619.0,527.313,303
2025-06-03 12:26:00-04:00,527.37,527.45,527.31,527.4,40081.0,527.381,275
2025-06-03 12:27:00-04:00,527.39,527.45,527.35,527.39,46450.0,527.405,227
2025-06-03 12:28:00-04:00,527.38,527.43,527.35,527.41,44121.0,527.386,299
2025-06-03 12:29:00-04:00,527.42,527.53,527.41,527.52,63432.0,527.486,322
2025-06-03 12:30:00-04:00,527.52,527.62,527.46,527.56,83750.0,527.529,401
2025-06-03 12:31:00-04:00,527.55,527.96,527.55,527.93,155205.0,527.807,922
2025-06-03 12:32:00-04:00,527.94,528.0,527.89,527.93,95722.0,527.935,528
2025-06-03 12:33:00-04:00,527.93,527.95,527.84,527.93,46962.0,527.905,295
2025-06-03 12:34:00-04:00,527.93,527.99,527.92,527.95,59859.0,527.951,313
2025-06-03 12:35:00-04:00,527.93,528.27,527.93,528.22,133474.0,528.141,704
2025-06-03 12:36:00-04:00,528.21,528.4,528.21,528.36,92839.0,528.322,597
2025-06-03 12:37:00-04:00,528.36,528.41,528.24,528.26,111173.0,528.319,507
2025-06-03 12:38:00-04:00,528.26,528.4,528.25,528.31,47470.0,528.342,243
2025-06-03 12:39:00-04:00,528.32,528.34,528.18,528.2,44067.0,528.27,270
2025-06-03 12:40:00-04:00,528.19,528.2,528.05,528.1,84879.0,528.111,422
2025-06-03 12:41:00-04:00,528.09,528.25,528.08,528.11,71607.0,528.177,351
2025-06-03 12:42:00-04:00,528.09,528.14,528.01,528.07,52816.0,528.047,253
2025-06-03 12:43:00-04:00,528.06,528.07,527.98,528.01,47035.0,528.021,241
2025-06-03 12:44:00-04:00,528.01,528.17,527.99,528.17,64070.0,528.07,383
2025-06-03 12:45:00-04:00,528.17,528.17,528.04,528.05,35128.0,528.092,183
2025-06-03 12:46:00-04:00,528.07,528.27,528.01,528.26,34872.0,528.161,232
2025-06-03 12:47:00-04:00,528.25,528.27,528.08,528.16,49136.0,528.14,247
2025-06-03 12:48:00-04:00,528.15,528.25,528.12,528.23,42972.0,528.183,198
2025-06-03 12:49:00-04:00,528.23,528.28,528.18,528.24,24312.0,528.234,148
2025-06-03 12:50:00-04:00,528.25,528.36,528.25,528.34,29420.0,528.313,195
2025-06-03 12:51:00-04:00,528.33,528.45,528.26,528.3,47027.0,528.369,255
2025-06-03 12:52:00-04:00,528.31,528.43,528.29,528.43,32392.0,528.353,218
2025-06-03 12:53:00-04:00,528.43,528.44,528.24,528.24,36437.0,528.333,194
2025-06-03 12:54:00-04:00,528.23,528.31,528.21,528.26,36580.0,528.254,193
2025-06-03 12:55:00-04:00,528.26,528.36,528.23,528.26,47948.0,528.3,264
2025-06-03 12:56:00-04:00,528.24,528.4,528.23,528.28,26816.0,528.309,189
2025-06-03 12:57:00-04:00,528.28,528.29,528.15,528.18,34160.0,528.234,237
2025-06-03 12:58:00-04:00,528.2,528.35,528.2,528.33,21377.0,528.274,160
2025-06-03 12:59:00-04:00,528.32,528.35,528.22,528.23,25313.0,528.278,147
2025-06-03 13:00:00-04:00,528.23,528.26,528.11,528.12,112243.0,528.19,590
2025-06-03 13:01:00-04:00,528.12,528.24,528.09,528.23,80395.0,528.178,393
2025-06-03 13:02:00-04:00,528.23,528.23,528.07,528.1,37074.0,528.124,242
2025-06-03 13:03:00-04:00,528.11,528.22,528.1,528.21,64663.0,528.174,352
2025-06-03 13:04:00-04:00,528.21,528.23,528.17,528.2,41858.0,528.202,209
2025-06-03 13:05:00-04:00,528.19,528.31,528.18,528.3,34855.0,528.266,229
2025-06-03 13:06:00-04:00,528.3,528.31,528.18,528.2,41457.0,528.24,230
2025-06-03 13:07:00-04:00,528.19,528.3,528.15,528.28,58404.0,528.229,386
2025-06-03 13:08:00-04:00,528.29,528.29,528.11,528.18,39567.0,528.177,247
2025-06-03 13:09:00-04:00,528.17,528.24,528.09,528.18,27768.0,528.163,171
2025-06-03 13:10:00-04:00,528.17,528.37,528.16,528.34,77560.0,528.307,459
2025-06-03 13:11:00-04:00,528.33,528.33,528.2,528.27,42750.0,528.278,251
2025-06-03 13:12:00-04:00,528.26,528.3,528.2,528.21,26025.0,528.256,141
2025-06-03 13:13:00-04:00,528.21,528.32,528.2,528.31,33604.0,528.285,181
2025-06-03 13:14:00-04:00,528.29,528.37,528.21,528.3,37622.0,528.306,202
2025-06-03 13:15:00-04:00,528.28,528.38,528.28,528.37,48215.0,528.333,301
2025-06-03 13:16:00-04:00,528.38,528.43,528.3,528.38,69240.0,528.364,321
2025-06-03 13:17:00-04:00,528.38,528.5,528.36,528.48,65387.0,528.456,317
2025-06-03 13:18:00-04:00,528.5,528.56,528.45,528.53,36555.0,528.511,198
2025-06-03 13:19:00-04:00,528.53,528.6,528.41,528.46,49061.0,528.51,253
2025-06-03 13:20:00-04:00,528.44,528.52,528.37,528.42,51879.0,528.425,270
2025-06-03 13:21:00-04:00,528.42,528.73,528.38,528.72,92918.0,528.564,548
2025-06-03 13:22:00-04:00,528.73,528.74,528.58,528.65,41888.0,528.657,310
2025-06-03 13:23:00-04:00,528.65,528.73,528.64,528.72,44233.0,528.696,291
2025-06-03 13:24:00-04:00,528.72,528.73,528.54,528.54,45922.0,528.649,224
2025-06-03 13:25:00-04:00,528.54,528.57,528.29,528.45,102272.0,528.401,692
2025-06-03 13:26:00-04:00,528.44,528.6,528.43,528.5,48396.0,528.513,317
2025-06-03 13:27:00-04:00,528.49,528.51,528.36,528.39,60086.0,528.425,334
2025-06-03 13:28:00-04:00,528.4,528.46,528.37,528.43,37595.0,528.42,250
2025-06-03 13:29:00-04:00,528.43,528.48,528.37,528.38,40441.0,528.427,228
2025-06-03 13:30:00-04:00,528.39,528.39,528.14,528.17,81387.0,528.261,538
2025-06-03 13:31:00-04:00,528.18,528.43,528.17,528.34,104745.0,528.341,596
2025-06-03 13:32:00-04:00,528.35,528.39,528.27,528.34,37787.0,528.315,241
2025-06-03 13:33:00-04:00,528.35,528.44,528.24,528.27,68482.0,528.32,401
2025-06-03 13:34:00-04:00,528.26,528.34,528.19,528.21,55680.0,528.246,336
2025-06-03 13:35:00-04:00,528.2,528.27,528.14,528.27,73744.0,528.2,324
2025-06-03 13:36:00-04:00,528.26,528.3,528.21,528.29,33097.0,528.267,204
2025-06-03 13:37:00-04:00,528.3,528.48,528.3,528.39,43607.0,528.402,226
2025-06-03 13:38:00-04:00,528.39,528.4,528.29,528.29,23596.0,528.345,143
2025-06-03 13:39:00-04:00,528.29,528.42,528.26,528.41,33609.0,528.318,203
2025-06-03 13:40:00-04:00,528.42,528.47,528.23,528.27,102149.0,528.398,525
2025-06-03 13:41:00-04:00,528.25,528.25,527.87,528.15,142119.0,528.074,1028
2025-06-03 13:42:00-04:00,528.14,528.26,528.09,528.11,49087.0,528.176,305
2025-06-03 13:43:00-04:00,528.09,528.14,527.98,528.07,64080.0,528.05,372
2025-06-03 13:44:00-04:00,528.08,528.22,528.06,528.15,57471.0,528.157,341
2025-06-03 13:45:00-04:00,528.16,528.27,528.13,528.21,41870.0,528.191,261
2025-06-03 13:46:00-04:00,528.2,528.31,528.2,528.26,44133.0,528.271,303
2025-06-03 13:47:00-04:00,528.27,528.3,528.17,528.24,35480.0,528.254,222
2025-06-03 13:48:00-04:00,528.24,528.26,528.08,528.08,38110.0,528.177,243
2025-06-03 13:49:00-04:00,528.09,528.16,527.97,528.01,74578.0,528.065,434
2025-06-03 13:50:00-04:00,528.0,528.01,527.78,527.84,118918.0,527.885,812
2025-06-03 13:51:00-04:00,527.84,528.15,527.83,528.15,51695.0,528.048,326
2025-06-03 13:52:00-04:00,528.15,528.19,528.03,528.04,26528.0,528.109,192
2025-06-03 13:53:00-04:00,528.03,528.22,528.0,528.2,33852.0,528.111,273
2025-06-03 13:54:00-04:00,528.2,528.24,528.12,528.19,27765.0,528.191,204
2025-06-03 13:55:00-04:00,528.17,528.3,528.09,528.1,33843.0,528.212,216
2025-06-03 13:56:00-04:00,528.09,528.13,527.85,527.85,68821.0,527.97,349
2025-06-03 13:57:00-04:00,527.84,527.9,527.77,527.83,50895.0,527.825,275
2025-06-03 13:58:00-04:00,527.82,527.9,527.76,527.86,59076.0,527.83,315
2025-06-03 13:59:00-04:00,527.86,527.9,527.7,527.74,55106.0,527.78,318
2025-06-03 14:00:00-04:00,527.75,527.83,527.65,527.72,54022.0,527.729,359
2025-06-03 14:01:00-04:00,527.71,527.75,527.3,527.33,128255.0,527.478,733
2025-06-03 14:02:00-04:00,527.32,527.38,526.78,526.8,215323.0,527.067,1168
2025-06-03 14:03:00-04:00,526.79,526.79,526.44,526.7,223983.0,526.619,1466
2025-06-03 14:04:00-04:00,526.68,527.1,526.54,527.1,161879.0,526.847,1055
2025-06-03 14:05:00-04:00,527.09,527.17,526.75,526.92,105674.0,526.978,738
2025-06-03 14:06:00-04:00,526.9,526.98,526.56,526.95,129942.0,526.693,602
2025-06-03 14:07:00-04:00,526.94,527.04,526.87,527.04,65214.0,526.992,370
2025-06-03 14:08:00-04:00,527.03,527.06,526.83,526.86,50935.0,526.914,328
2025-06-03 14:09:00-04:00,526.86,526.86,526.54,526.76,93921.0,526.719,569
2025-06-03 14:10:00-04:00,526.78,526.8,525.77,525.96,210668.0,526.156,1459
2025-06-03 14:11:00-04:00,525.92,526.24,525.81,526.21,206913.0,525.954,1226
2025-06-03 14:12:00-04:00,526.22,526.22,525.94,526.11,123070.0,526.075,729
2025-06-03 14:13:00-04:00,526.1,526.31,526.08,526.21,84929.0,526.182,548
2025-06-03 14:14:00-04:00,526.19,526.29,526.11,526.16,65194.0,526.207,454
2025-06-03 14:15:00-04:00,526.16,526.17,525.97,526.01,67952.0,526.07,503
2025-06-03 14:16:00-04:00,526.03,526.11,525.94,526.04,71322.0,526.018,479
2025-06-03 14:17:00-04:00,526.05,526.11,525.9,525.92,63956.0,526.015,454
2025-06-03 14:18:00-04:00,525.94,526.39,525.88,526.31,98309.0,526.238,744
2025-06-03 14:19:00-04:00,526.3,526.52,526.3,526.46,94131.0,526.425,638
2025-06-03 14:20:00-04:00,526.47,526.77,526.45,526.69,122109.0,526.627,703
2025-06-03 14:21:00-04:00,526.68,526.77,526.61,526.75,86128.0,526.686,557
2025-06-03 14:22:00-04:00,526.75,526.78,526.58,526.71,64570.0,526.682,530
2025-06-03 14:23:00-04:00,526.7,526.95,526.6,526.91,89830.0,526.834,639
2025-06-03 14:24:00-04:00,526.9,526.98,526.81,526.86,60840.0,526.897,410
2025-06-03 14:25:00-04:00,526.87,526.89,526.71,526.86,59098.0,526.8,405
2025-06-03 14:26:00-04:00,526.85,526.98,526.81,526.98,38100.0,526.915,282
2025-06-03 14:27:00-04:00,526.99,527.31,526.98,527.23,73565.0,527.115,516
2025-06-03 14:28:00-04:00,527.24,527.29,527.18,527.19,49325.0,527.242,365
2025-06-03 14:29:00-04:00,527.18,527.34,527.16,527.31,57349.0,527.25,407
2025-06-03 14:30:00-04:00,527.29,527.5,527.28,527.46,104895.0,527.399,615
2025-06-03 14:31:00-04:00,527.46,527.53,527.33,527.48,82942.0,527.436,470
2025-06-03 14:32:00-04:00,527.49,527.54,527.35,527.39,84413.0,527.44,424
2025-06-03 14:33:00-04:00,527.41,527.51,527.41,527.44,28973.0,527.458,180
2025-06-03 14:34:00-04:00,527.44,527.47,527.38,527.42,23061.0,527.435,173
2025-06-03 14:35:00-04:00,527.42,527.42,527.15,527.25,61019.0,527.273,403
2025-06-03 14:36:00-04:00,527.24,527.25,527.05,527.17,70582.0,527.142,430
2025-06-03 14:37:00-04:00,527.17,527.34,527.07,527.32,39033.0,527.191,288
2025-06-03 14:38:00-04:00,527.32,527.36,527.16,527.35,36012.0,527.273,247
2025-06-03 14:39:00-04:00,527.37,527.37,527.25,527.27,20015.0,527.299,135
2025-06-03 14:40:00-04:00,527.27,527.37,527.16,527.16,23822.0,527.268,193
2025-06-03 14:41:00-04:00,527.17,527.4,527.16,527.27,38196.0,527.304,280
2025-06-03 14:42:00-04:00,527.26,527.47,527.22,527.42,51040.0,527.384,353
2025-06-03 14:43:00-04:00,527.44,527.46,527.31,527.42,37449.0,527.398,252
2025-06-03 14:44:00-04:00,527.41,527.52,527.37,527.51,62014.0,527.442,327
2025-06-03 14:45:00-04:00,527.52,527.56,527.39,527.46,45018.0,527.507,315
2025-06-03 14:46:00-04:00,527.47,527.53,527.4,527.5,36202.0,527.453,239
2025-06-03 14:47:00-04:00,527.49,527.53,527.45,527.46,31740.0,527.484,202
2025-06-03 14:48:00-04:00,527.47,527.51,527.36,527.4,69119.0,527.426,294
2025-06-03 14:49:00-04:00,527.38,527.51,527.33,527.41,39591.0,527.409,251
2025-06-03 14:50:00-04:00,527.41,527.51,527.36,527.37,42768.0,527.431,290
2025-06-03 14:51:00-04:00,527.37,527.38,527.12,527.12,59166.0,527.265,359
2025-06-03 14:52:00-04:00,527.14,527.39,527.12,527.32,55257.0,527.278,398
2025-06-03 14:53:00-04:00,527.33,527.37,527.27,527.36,24614.0,527.332,154
2025-06-03 14:54:00-04:00,527.34,527.35,527.21,527.33,28199.0,527.308,164
2025-06-03 14:55:00-04:00,527.32,527.49,527.28,527.28,79158.0,527.391,492
2025-06-03 14:56:00-04:00,527.27,527.44,527.26,527.36,27301.0,527.364,184
2025-06-03 14:57:00-04:00,527.34,527.65,527.31,527.6,52071.0,527.514,354
2025-06-03 14:58:00-04:00,527.62,527.62,527.5,527.52,32276.0,527.554,227
2025-06-03 14:59:00-04:00,527.52,527.65,527.5,527.59,80737.0,527.597,319
2025-06-03 15:00:00-04:00,527.6,527.79,527.57,527.72,79757.0,527.668,624
2025-06-03 15:01:00-04:00,527.72,527.77,527.55,527.57,84774.0,527.668,582
2025-06-03 15:02:00-04:00,527.57,527.69,527.52,527.58,65671.0,527.598,389
2025-06-03 15:03:00-04:00,527.57,527.63,527.39,527.45,57636.0,527.512,363
2025-06-03 15:04:00-04:00,527.44,527.64,527.41,527.45,55772.0,527.554,348
2025-06-03 15:05:00-04:00,527.46,527.55,527.41,527.48,31536.0,527.487,253
2025-06-03 15:06:00-04:00,527.49,527.57,527.39,527.45,45454.0,527.482,310
2025-06-03 15:07:00-04:00,527.43,527.43,527.35,527.41,51145.0,527.378,341
2025-06-03 15:08:00-04:00,527.41,527.48,527.35,527.42,35332.0,527.43,243
2025-06-03 15:09:00-04:00,527.41,527.58,527.39,527.57,42849.0,527.501,307
2025-06-03 15:10:00-04:00,527.56,527.59,527.23,527.26,94308.0,527.375,623
2025-06-03 15:11:00-04:00,527.25,527.32,527.12,527.26,106313.0,527.215,690
2025-06-03 15:12:00-04:00,527.24,527.49,527.22,527.44,82229.0,527.403,596
2025-06-03 15:13:00-04:00,527.45,527.45,527.23,527.27,44945.0,527.354,312
2025-06-03 15:14:00-04:00,527.25,527.38,527.19,527.31,57902.0,527.278,337
2025-06-03 15:15:00-04:00,527.31,527.44,527.27,527.42,42686.0,527.358,326
2025-06-03 15:16:00-04:00,527.42,527.46,527.3,527.32,36540.0,527.389,288
2025-06-03 15:17:00-04:00,527.33,527.43,527.28,527.4,26206.0,527.369,213
2025-06-03 15:18:00-04:00,527.4,527.57,527.38,527.57,65477.0,527.51,378
2025-06-03 15:19:00-04:00,527.57,527.61,527.5,527.52,76596.0,527.571,458
2025-06-03 15:20:00-04:00,527.5,527.52,527.33,527.4,83881.0,527.415,561
2025-06-03 15:21:00-04:00,527.43,527.47,527.28,527.34,72420.0,527.381,486
2025-06-03 15:22:00-04:00,527.35,527.58,527.31,527.45,67978.0,527.489,418
2025-06-03 15:23:00-04:00,527.45,527.54,527.38,527.42,48087.0,527.461,318
2025-06-03 15:24:00-04:00,527.4,527.5,527.4,527.48,33823.0,527.449,211
2025-06-03 15:25:00-04:00,527.49,527.49,527.33,527.36,48822.0,527.406,374
2025-06-03 15:26:00-04:00,527.38,527.51,527.27,527.4,59480.0,527.397,379
2025-06-03 15:27:00-04:00,527.39,527.57,527.39,527.49,60477.0,527.487,412
2025-06-03 15:28:00-04:00,527.5,527.71,527.5,527.68,83622.0,527.626,479
2025-06-03 15:29:00-04:00,527.66,527.7,527.59,527.64,50597.0,527.66,317
2025-06-03 15:30:00-04:00,527.64,527.64,527.38,527.6,67213.0,527.518,520
2025-06-03 15:31:00-04:00,527.61,527.69,527.54,527.62,92331.0,527.613,467
2025-06-03 15:32:00-04:00,527.62,527.64,527.48,527.53,55347.0,527.541,286
2025-06-03 15:33:00-04:00,527.53,527.57,527.48,527.5,27010.0,527.518,209
2025-06-03 15:34:00-04:00,527.48,527.5,527.42,527.44,36815.0,527.46,241
2025-06-03 15:35:00-04:00,527.45,527.62,527.42,527.57,55947.0,527.524,370
2025-06-03 15:36:00-04:00,527.57,527.6,527.49,527.5,36546.0,527.539,261
2025-06-03 15:37:00-04:00,527.5,527.51,527.39,527.46,43688.0,527.44,273
2025-06-03 15:38:00-04:00,527.46,527.55,527.42,527.51,44996.0,527.487,284
2025-06-03 15:39:00-04:00,527.49,527.54,527.4,527.4,52994.0,527.468,382
2025-06-03 15:40:00-04:00,527.39,527.49,527.32,527.34,54302.0,527.404,353
2025-06-03 15:41:00-04:00,527.33,527.4,527.22,527.3,105181.0,527.277,536
2025-06-03 15:42:00-04:00,527.31,527.33,527.09,527.12,69964.0,527.184,396
2025-06-03 15:43:00-04:00,527.09,527.24,527.07,527.15,63632.0,527.163,416
2025-06-03 15:44:00-04:00,527.13,527.14,526.89,527.02,56387.0,527.003,421
2025-06-03 15:45:00-04:00,527.01,527.13,526.97,527.09,60418.0,527.033,402
2025-06-03 15:46:00-04:00,527.09,527.11,526.87,526.89,99162.0,526.949,596
2025-06-03 15:47:00-04:00,526.91,527.18,526.91,527.17,98175.0,527.047,632
2025-06-03 15:48:00-04:00,527.17,527.26,526.79,526.88,109730.0,527.024,718
2025-06-03 15:49:00-04:00,526.87,526.89,526.48,526.73,199677.0,526.706,1409
2025-06-03 15:50:00-04:00,526.72,527.05,526.48,527.05,221455.0,526.718,1386
2025-06-03 15:51:00-04:00,527.05,527.1,526.76,526.99,118231.0,526.942,800
2025-06-03 15:52:00-04:00,526.97,526.97,526.71,526.95,139895.0,526.857,894
2025-06-03 15:53:00-04:00,526.95,527.27,526.93,527.2,182596.0,527.107,1151
2025-06-03 15:54:00-04:00,527.19,527.54,527.11,527.31,433586.0,527.341,2988
2025-06-03 15:55:00-04:00,527.3,527.6,527.07,527.56,212721.0,527.363,1451
2025-06-03 15:56:00-04:00,527.56,527.68,527.53,527.65,143249.0,527.6,772
2025-06-03 15:57:00-04:00,527.66,527.94,527.62,527.87,210086.0,527.8,1150
2025-06-03 15:58:00-04:00,527.87,527.87,527.68,527.77,177657.0,527.778,1023
2025-06-03 15:59:00-04:00,527.76,527.77,527.27,527.42,466961.0,527.581,2833
2025-06-04 09:30:00-04:00,528.02,528.47,527.84,528.37,298008.0,528.098,1483
2025-06-04 09:31:00-04:00,528.38,528.68,528.33,528.45,233935.0,528.457,1648
2025-06-04 09:32:00-04:00,528.46,528.59,528.17,528.37,183698.0,528.385,1332
2025-06-04 09:33:00-04:00,528.38,528.59,528.2,528.58,171309.0,528.382,1345
2025-06-04 09:34:00-04:00,528.58,528.78,528.53,528.71,95872.0,528.654,618
2025-06-04 09:35:00-04:00,528.73,528.82,528.59,528.68,118122.0,528.72,815
2025-06-04 09:36:00-04:00,528.71,529.25,528.71,529.14,182063.0,529.107,1033
2025-06-04 09:37:00-04:00,529.13,529.46,529.12,529.43,137997.0,529.273,907
2025-06-04 09:38:00-04:00,529.44,529.49,529.24,529.46,140263.0,529.381,856
2025-06-04 09:39:00-04:00,529.46,529.56,529.26,529.34,104372.0,529.402,608
2025-06-04 09:40:00-04:00,529.33,529.39,529.06,529.18,165519.0,529.204,1062
2025-06-04 09:41:00-04:00,529.16,529.62,529.07,529.47,125825.0,529.413,849
2025-06-04 09:42:00-04:00,529.47,529.66,529.33,529.38,137926.0,529.498,886
2025-06-04 09:43:00-04:00,529.4,529.4,528.76,528.76,120395.0,529.029,717
2025-06-04 09:44:00-04:00,528.75,528.93,528.68,528.85,137517.0,528.805,785
2025-06-04 09:45:00-04:00,528.79,529.17,528.7,529.07,99906.0,528.946,543
2025-06-04 09:46:00-04:00,529.06,529.3,529.05,529.19,162475.0,529.154,806
2025-06-04 09:47:00-04:00,529.22,529.32,529.08,529.12,58440.0,529.195,405
2025-06-04 09:48:00-04:00,529.15,529.4,529.13,529.4,59397.0,529.256,384
2025-06-04 09:49:00-04:00,529.4,529.48,529.15,529.23,76212.0,529.323,471
2025-06-04 09:50:00-04:00,529.24,529.24,528.92,528.99,82727.0,529.06,567
2025-06-04 09:51:00-04:00,529.0,529.0,528.31,528.42,157017.0,528.631,905
2025-06-04 09:52:00-04:00,528.4,528.71,528.24,528.67,157324.0,528.456,975
2025-06-04 09:53:00-04:00,528.67,528.78,528.42,528.43,99783.0,528.616,728
2025-06-04 09:54:00-04:00,528.41,528.55,528.34,528.44,134625.0,528.429,1041
2025-06-04 09:55:00-04:00,528.43,528.63,528.41,528.59,114392.0,528.553,832
2025-06-04 09:56:00-04:00,528.57,528.69,528.38,528.49,208673.0,528.508,649
2025-06-04 09:57:00-04:00,528.47,528.73,528.3,528.64,129459.0,528.535,760
2025-06-04 09:58:00-04:00,528.64,528.76,528.62,528.66,76065.0,528.693,595
2025-06-04 09:59:00-04:00,528.64,528.72,528.54,528.61,131127.0,528.61,405
2025-06-04 10:00:00-04:00,528.61,528.61,527.38,527.99,311764.0,527.814,1869
2025-06-04 10:01:00-04:00,527.95,528.38,527.59,528.36,172687.0,527.988,1107
2025-06-04 10:02:00-04:00,528.36,528.39,527.77,527.87,109964.0,528.038,875
2025-06-04 10:03:00-04:00,527.86,527.9,527.34,527.49,132251.0,527.54,809
2025-06-04 10:04:00-04:00,527.46,527.63,527.16,527.25,145615.0,527.437,1039
2025-06-04 10:05:00-04:00,527.27,527.49,527.17,527.19,161215.0,527.292,1163
2025-06-04 10:06:00-04:00,527.2,527.36,526.66,526.78,140558.0,526.905,965
2025-06-04 10:07:00-04:00,526.76,526.91,526.54,526.56,149547.0,526.71,920
2025-06-04 10:08:00-04:00,526.55,526.55,525.96,526.33,230017.0,526.261,1394
2025-06-04 10:09:00-04:00,526.36,527.08,526.2,527.02,191337.0,526.629,1083
2025-06-04 10:10:00-04:00,527.05,527.69,527.05,527.67,180236.0,527.392,1190
2025-06-04 10:11:00-04:00,527.68,527.95,527.55,527.57,149138.0,527.769,1076
2025-06-04 10:12:00-04:00,527.58,527.78,527.34,527.77,155194.0,527.568,976
2025-06-04 10:13:00-04:00,527.75,527.86,527.47,527.55,70440.0,527.63,514
2025-06-04 10:14:00-04:00,527.56,527.71,527.49,527.67,57116.0,527.588,416
2025-06-04 10:15:00-04:00,527.68,528.15,527.6,528.15,147918.0,527.888,889
2025-06-04 10:16:00-04:00,528.17,528.19,527.79,527.85,111249.0,527.991,731
2025-06-04 10:17:00-04:00,527.84,527.94,527.31,527.81,141655.0,527.653,1098
2025-06-04 10:18:00-04:00,527.81,528.03,527.57,527.95,76657.0,527.846,557
2025-06-04 10:19:00-04:00,527.95,528.12,527.83,528.02,43918.0,528.006,354
2025-06-04 10:20:00-04:00,528.02,528.3,527.96,528.12,78102.0,528.172,535
2025-06-04 10:21:00-04:00,528.14,528.23,527.85,527.87,66042.0,528.039,412
2025-06-04 10:22:00-04:00,527.88,528.05,527.67,527.85,121337.0,527.835,739
2025-06-04 10:23:00-04:00,527.82,527.89,527.51,527.67,53827.0,527.713,421
2025-06-04 10:24:00-04:00,527.68,527.76,527.46,527.7,63711.0,527.644,432
2025-06-04 10:25:00-04:00,527.7,527.9,527.64,527.81,66047.0,527.753,515
2025-06-04 10:26:00-04:00,527.77,528.18,527.75,528.15,62231.0,527.967,349
2025-06-04 10:27:00-04:00,528.15,528.46,528.14,528.46,156760.0,528.299,662
2025-06-04 10:28:00-04:00,528.47,528.51,528.21,528.33,68705.0,528.352,462
2025-06-04 10:29:00-04:00,528.31,528.49,528.28,528.46,70657.0,528.447,392
2025-06-04 10:30:00-04:00,528.45,528.55,528.32,528.37,70215.0,528.436,532
2025-06-04 10:31:00-04:00,528.35,528.63,528.21,528.33,70975.0,528.388,521
2025-06-04 10:32:00-04:00,528.37,528.62,528.36,528.61,38573.0,528.479,246
2025-06-04 10:33:00-04:00,528.58,528.68,528.53,528.61,45857.0,528.611,286
2025-06-04 10:34:00-04:00,528.62,528.62,528.43,528.51,69216.0,528.536,420
2025-06-04 10:35:00-04:00,528.51,528.82,528.51,528.7,71867.0,528.677,472
2025-06-04 10:36:00-04:00,528.71,528.71,528.56,528.68,31714.0,528.64,221
2025-06-04 10:37:00-04:00,528.67,528.67,528.48,528.51,71226.0,528.59,492
2025-06-04 10:38:00-04:00,528.5,528.51,527.95,528.06,132254.0,528.177,918
2025-06-04 10:39:00-04:00,528.04,528.19,527.92,528.18,96490.0,528.041,524
2025-06-04 10:40:00-04:00,528.16,528.33,528.05,528.25,68263.0,528.18,457
2025-06-04 10:41:00-04:00,528.25,528.3,527.66,528.13,119046.0,527.968,935
2025-06-04 10:42:00-04:00,528.08,528.19,527.97,528.03,41828.0,528.082,308
2025-06-04 10:43:00-04:00,528.05,528.05,527.78,527.8,63086.0,527.911,400
2025-06-04 10:44:00-04:00,527.79,528.08,527.73,528.03,56514.0,527.865,387
2025-06-04 10:45:00-04:00,528.03,528.09,527.78,527.82,61532.0,527.938,399
2025-06-04 10:46:00-04:00,527.81,527.88,527.56,527.81,50525.0,527.725,374
2025-06-04 10:47:00-04:00,527.79,528.15,527.76,528.0,66479.0,527.988,378
2025-06-04 10:48:00-04:00,528.01,528.34,527.95,528.32,47280.0,528.162,271
2025-06-04 10:49:00-04:00,528.31,528.35,528.09,528.16,74163.0,528.245,459
2025-06-04 10:50:00-04:00,528.14,528.16,527.79,527.9,58529.0,527.945,491
2025-06-04 10:51:00-04:00,527.88,528.05,527.73,528.03,66422.0,527.851,390
2025-06-04 10:52:00-04:00,528.05,528.05,527.74,527.81,43056.0,527.88,339
2025-06-04 10:53:00-04:00,527.79,528.24,527.75,528.13,51153.0,528.078,323
2025-06-04 10:54:00-04:00,528.15,528.24,528.09,528.24,32278.0,528.167,174
2025-06-04 10:55:00-04:00,528.21,528.4,528.13,528.32,80921.0,528.288,386
2025-06-04 10:56:00-04:00,528.31,528.49,528.27,528.39,32791.0,528.405,247
2025-06-04 10:57:00-04:00,528.41,528.54,528.35,528.53,41825.0,528.418,274
2025-06-04 10:58:00-04:00,528.53,528.78,528.52,528.76,90393.0,528.679,466
2025-06-04 10:59:00-04:00,528.77,528.94,528.75,528.88,57698.0,528.851,318
2025-06-04 11:00:00-04:00,528.89,529.03,528.81,528.89,85305.0,528.924,504
2025-06-04 11:01:00-04:00,528.88,529.09,528.76,529.02,128557.0,528.9,696
2025-06-04 11:02:00-04:00,529.02,529.15,529.01,529.13,114059.0,529.093,586
2025-06-04 11:03:00-04:00,529.13,529.17,529.03,529.11,35347.0,529.113,234
2025-06-04 11:04:00-04:00,529.11,529.16,529.05,529.07,37262.0,529.092,245
2025-06-04 11:05:00-04:00,529.09,529.13,528.96,529.08,41334.0,529.045,238
2025-06-04 11:06:00-04:00,529.09,529.32,529.08,529.29,138527.0,529.244,583
2025-06-04 11:07:00-04:00,529.29,529.36,529.17,529.28,78090.0,529.261,370
2025-06-04 11:08:00-04:00,529.27,529.31,529.14,529.27,58123.0,529.244,316
2025-06-04 11:09:00-04:00,529.27,529.33,529.18,529.27,62790.0,529.278,296
2025-06-04 11:10:00-04:00,529.26,529.29,529.06,529.25,52892.0,529.171,345
2025-06-04 11:11:00-04:00,529.25,529.43,529.24,529.36,107173.0,529.373,589
2025-06-04 11:12:00-04:00,529.35,529.37,529.19,529.22,50310.0,529.281,222
2025-06-04 11:13:00-04:00,529.21,529.27,529.12,529.23,44370.0,529.199,220
2025-06-04 11:14:00-04:00,529.25,529.31,529.09,529.13,46434.0,529.177,257
2025-06-04 11:15:00-04:00,529.14,529.31,529.14,529.22,30652.0,529.209,207
2025-06-04 11:16:00-04:00,529.21,529.26,529.15,529.22,41155.0,529.221,229
2025-06-04 11:17:00-04:00,529.24,529.27,528.91,529.11,80782.0,529.065,522
2025-06-04 11:18:00-04:00,529.11,529.31,528.97,529.28,52592.0,529.175,319
2025-06-04 11:19:00-04:00,529.27,529.3,529.08,529.09,29750.0,529.158,235
2025-06-04 11:20:00-04:00,529.1,529.22,529.04,529.09,39725.0,529.124,308
2025-06-04 11:21:00-04:00,529.09,529.11,528.85,528.88,100263.0,528.962,506
2025-06-04 11:22:00-04:00,528.87,529.01,528.79,528.93,36809.0,528.858,250
2025-06-04 11:23:00-04:00,528.93,529.04,528.89,528.89,23850.0,528.974,176
2025-06-04 11:24:00-04:00,528.94,529.14,528.91,529.1,36419.0,529.05,228
2025-06-04 11:25:00-04:00,529.12,529.17,529.0,529.06,57264.0,529.082,277
2025-06-04 11:26:00-04:00,529.07,529.19,528.94,529.04,53325.0,529.093,264
2025-06-04 11:27:00-04:00,529.04,529.15,528.79,529.11,52806.0,528.978,312
2025-06-04 11:28:00-04:00,529.12,529.13,528.85,528.85,33210.0,529.028,175
2025-06-04 11:29:00-04:00,528.86,528.94,528.71,528.73,34299.0,528.814,244
2025-06-04 11:30:00-04:00,528.72,528.74,528.47,528.5,66767.0,528.581,396
2025-06-04 11:31:00-04:00,528.5,528.62,528.47,528.56,39232.0,528.535,290
2025-06-04 11:32:00-04:00,528.56,528.91,528.53,528.84,57015.0,528.753,394
2025-06-04 11:33:00-04:00,528.86,528.93,528.83,528.83,23990.0,528.88,181
2025-06-04 11:34:00-04:00,528.82,528.83,528.65,528.71,43135.0,528.728,271
2025-06-04 11:35:00-04:00,528.73,528.88,528.56,528.62,59837.0,528.677,292
2025-06-04 11:36:00-04:00,528.62,528.93,528.58,528.89,40979.0,528.854,262
2025-06-04 11:37:00-04:00,528.89,529.1,528.86,529.0,67628.0,528.982,333
2025-06-04 11:38:00-04:00,529.02,529.08,528.83,528.94,38507.0,528.953,183
2025-06-04 11:39:00-04:00,528.94,529.03,528.89,528.96,17246.0,528.965,126
2025-06-04 11:40:00-04:00,528.95,528.97,528.76,528.87,31831.0,528.879,189
2025-06-04 11:41:00-04:00,528.84,528.99,528.8,528.92,31208.0,528.898,192
2025-06-04 11:42:00-04:00,528.94,529.03,528.87,528.96,29013.0,528.961,193
2025-06-04 11:43:00-04:00,528.95,529.2,528.93,529.13,64032.0,529.125,386
2025-06-04 11:44:00-04:00,529.13,529.17,528.16,528.38,272787.0,528.523,1731
2025-06-04 11:45:00-04:00,528.34,528.81,528.3,528.72,143245.0,528.552,1041
2025-06-04 11:46:00-04:00,528.74,528.81,528.55,528.72,62022.0,528.686,439
2025-06-04 11:47:00-04:00,528.7,528.91,528.6,528.63,68078.0,528.727,458
2025-06-04 11:48:00-04:00,528.62,528.72,528.4,528.42,54895.0,528.516,303
2025-06-04 11:49:00-04:00,528.4,528.52,528.38,528.51,38120.0,528.452,248
2025-06-04 11:50:00-04:00,528.52,528.92,528.51,528.86,46462.0,528.762,331
2025-06-04 11:51:00-04:00,528.86,528.98,528.79,528.79,83171.0,528.894,451
2025-06-04 11:52:00-04:00,528.8,528.9,528.75,528.87,64940.0,528.859,364
2025-06-04 11:53:00-04:00,528.87,529.0,528.8,528.87,25645.0,528.899,160
2025-06-04 11:54:00-04:00,528.88,528.98,528.73,528.84,33184.0,528.858,234
2025-06-04 11:55:00-04:00,528.84,528.9,528.7,528.76,71822.0,528.838,397
2025-06-04 11:56:00-04:00,528.79,528.88,528.77,528.77,49807.0,528.862,245
2025-06-04 11:57:00-04:00,528.74,528.85,528.6,528.7,29853.0,528.711,172
2025-06-04 11:58:00-04:00,528.68,528.7,528.51,528.59,21055.0,528.6,173
2025-06-04 11:59:00-04:00,528.55,528.74,528.53,528.7,34481.0,528.65,228
2025-06-04 12:00:00-04:00,528.69,528.75,528.54,528.67,34564.0,528.657,256
2025-06-04 12:01:00-04:00,528.68,528.68,528.34,528.43,55575.0,528.544,410
2025-06-04 12:02:00-04:00,528.41,528.63,528.39,528.55,35548.0,528.511,249
2025-06-04 12:03:00-04:00,528.56,528.6,528.29,528.39,48090.0,528.406,310
2025-06-04 12:04:00-04:00,528.41,528.45,528.28,528.33,34506.0,528.373,247
2025-06-04 12:05:00-04:00,528.34,528.45,528.19,528.26,30556.0,528.335,227
2025-06-04 12:06:00-04:00,528.28,528.49,528.19,528.42,53552.0,528.347,370
2025-06-04 12:07:00-04:00,528.4,528.4,528.1,528.16,47276.0,528.214,348
2025-06-04 12:08:00-04:00,528.19,528.33,528.16,528.33,24110.0,528.239,179
2025-06-04 12:09:00-04:00,528.35,528.42,528.22,528.25,34733.0,528.328,254
2025-06-04 12:10:00-04:00,528.22,528.3,528.02,528.04,42823.0,528.137,332
2025-06-04 12:11:00-04:00,528.04,528.04,527.8,527.88,63410.0,527.925,410
2025-06-04 12:12:00-04:00,527.89,528.0,527.8,527.91,28959.0,527.895,212
2025-06-04 12:13:00-04:00,527.91,527.92,527.54,527.7,59519.0,527.678,370
2025-06-04 12:14:00-04:00,527.71,527.75,527.57,527.62,44370.0,527.662,211
2025-06-04 12:15:00-04:00,527.63,527.97,527.58,527.83,67231.0,527.794,419
2025-06-04 12:16:00-04:00,527.86,527.91,527.73,527.86,39826.0,527.834,271
2025-06-04 12:17:00-04:00,527.86,528.17,527.84,528.14,46329.0,528.049,331
2025-06-04 12:18:00-04:00,528.16,528.2,528.07,528.18,37597.0,528.145,225
2025-06-04 12:19:00-04:00,528.19,528.36,528.13,528.36,74095.0,528.291,365
2025-06-04 12:20:00-04:00,528.35,528.36,528.13,528.13,112987.0,528.313,429
2025-06-04 12:21:00-04:00,528.14,528.25,528.06,528.2,18941.0,528.156,137
2025-06-04 12:22:00-04:00,528.17,528.21,528.06,528.09,14350.0,528.14,101
2025-06-04 12:23:00-04:00,528.11,528.14,527.98,528.02,22003.0,528.068,147
2025-06-04 12:24:00-04:00,528.03,528.15,528.0,528.13,15999.0,528.071,121
2025-06-04 12:25:00-04:00,528.15,528.31,528.12,528.21,38836.0,528.236,275
2025-06-04 12:26:00-04:00,528.23,528.28,528.13,528.27,17064.0,528.194,127
2025-06-04 12:27:00-04:00,528.26,528.27,528.16,528.22,22704.0,528.232,97
2025-06-04 12:28:00-04:00,528.21,528.23,527.98,528.01,22584.0,528.143,164
2025-06-04 12:29:00-04:00,528.03,528.07,527.86,527.86,32794.0,527.954,220
2025-06-04 12:30:00-04:00,527.85,528.04,527.79,528.04,34005.0,527.902,266
2025-06-04 12:31:00-04:00,528.03,528.24,527.99,528.07,55297.0,528.117,350
2025-06-04 12:32:00-04:00,528.09,528.09,527.87,527.96,21165.0,527.98,179
2025-06-04 12:33:00-04:00,527.96,528.05,527.69,527.8,24581.0,527.844,193
2025-06-04 12:34:00-04:00,527.79,527.91,527.79,527.85,43628.0,527.845,193
2025-06-04 12:35:00-04:00,527.84,527.98,527.77,527.95,49232.0,527.869,344
2025-06-04 12:36:00-04:00,527.95,527.97,527.7,527.82,27308.0,527.807,182
2025-06-04 12:37:00-04:00,527.82,527.91,527.76,527.85,15337.0,527.84,133
2025-06-04 12:38:00-04:00,527.85,527.93,527.83,527.88,26297.0,527.891,197
2025-06-04 12:39:00-04:00,527.86,527.99,527.86,527.92,17351.0,527.923,124
2025-06-04 12:40:00-04:00,527.91,528.16,527.9,528.15,47509.0,528.033,360
2025-06-04 12:41:00-04:00,528.14,528.15,528.04,528.11,38857.0,528.091,183
2025-06-04 12:42:00-04:00,528.11,528.12,527.97,528.02,30769.0,528.033,186
2025-06-04 12:43:00-04:00,528.02,528.06,527.93,527.98,23943.0,527.993,159
2025-06-04 12:44:00-04:00,527.98,528.22,527.96,528.21,60630.0,528.146,305
2025-06-04 12:45:00-04:00,528.21,528.4,528.15,528.35,47375.0,528.28,349
2025-06-04 12:46:00-04:00,528.35,528.42,528.26,528.32,33462.0,528.339,212
2025-06-04 12:47:00-04:00,528.33,528.51,528.33,528.45,30876.0,528.459,188
2025-06-04 12:48:00-04:00,528.46,528.55,528.45,528.55,25195.0,528.512,159
2025-06-04 12:49:00-04:00,528.58,528.6,528.5,528.57,33231.0,528.553,198
2025-06-04 12:50:00-04:00,528.56,528.63,528.5,528.51,29307.0,528.57,194
2025-06-04 12:51:00-04:00,528.51,528.59,528.43,528.58,38946.0,528.5,232
2025-06-04 12:52:00-04:00,528.59,528.65,528.55,528.62,33006.0,528.608,208
2025-06-04 12:53:00-04:00,528.61,528.62,528.47,528.55,25654.0,528.553,183
2025-06-04 12:54:00-04:00,528.55,528.67,528.54,528.58,19536.0,528.604,140
2025-06-04 12:55:00-04:00,528.57,528.65,528.52,528.63,31940.0,528.597,212
2025-06-04 12:56:00-04:00,528.63,528.69,528.57,528.65,21762.0,528.639,179
2025-06-04 12:57:00-04:00,528.64,528.66,528.49,528.5,39808.0,528.61,220
2025-06-04 12:58:00-04:00,528.5,528.75,528.46,528.73,30827.0,528.646,195
2025-06-04 12:59:00-04:00,528.72,528.73,528.62,528.69,18899.0,528.676,129
2025-06-04 13:00:00-04:00,528.69,528.86,528.66,528.83,72505.0,528.783,402
2025-06-04 13:01:00-04:00,528.82,528.93,528.79,528.91,38307.0,528.871,220
2025-06-04 13:02:00-04:00,528.91,528.99,528.91,528.95,35675.0,528.959,189
2025-06-04 13:03:00-04:00,528.96,528.99,528.88,528.9,21673.0,528.922,167
2025-06-04 13:04:00-04:00,528.9,528.99,528.89,528.98,27895.0,528.925,206
2025-06-04 13:05:00-04:00,529.0,529.06,528.97,529.05,55597.0,529.007,349
2025-06-04 13:06:00-04:00,529.06,529.11,529.01,529.08,27934.0,529.058,192
2025-06-04 13:07:00-04:00,529.1,529.14,529.01,529.07,30868.0,529.081,187
2025-06-04 13:08:00-04:00,529.1,529.12,529.03,529.1,19283.0,529.075,129
2025-06-04 13:09:00-04:00,529.1,529.12,529.02,529.09,18239.0,529.07,136
2025-06-04 13:10:00-04:00,529.1,529.18,529.04,529.11,51373.0,529.114,332
2025-06-04 13:11:00-04:00,529.15,529.16,528.97,529.02,50911.0,529.082,336
2025-06-04 13:12:00-04:00,529.03,529.2,529.03,529.16,45288.0,529.127,290
2025-06-04 13:13:00-04:00,529.16,529.24,529.12,529.18,38247.0,529.188,267
2025-06-04 13:14:00-04:00,529.17,529.22,529.1,529.14,49083.0,529.155,296
2025-06-04 13:15:00-04:00,529.14,529.21,529.14,529.14,35003.0,529.18,196
2025-06-04 13:16:00-04:00,529.12,529.16,529.08,529.13,16708.0,529.12,120
2025-06-04 13:17:00-04:00,529.15,529.26,529.15,529.17,53663.0,529.203,238
2025-06-04 13:18:00-04:00,529.16,529.2,529.1,529.11,21604.0,529.151,147
2025-06-04 13:19:00-04:00,529.12,529.13,528.96,529.1,50542.0,529.053,344
2025-06-04 13:20:00-04:00,529.08,529.24,529.06,529.18,57646.0,529.167,409
2025-06-04 13:21:00-04:00,529.18,529.24,529.12,529.18,36457.0,529.172,209
2025-06-04 13:22:00-04:00,529.17,529.22,529.14,529.19,33104.0,529.172,220
2025-06-04 13:23:00-04:00,529.18,529.23,529.14,529.2,53348.0,529.189,216
2025-06-04 13:24:00-04:00,529.21,529.25,529.08,529.1,40548.0,529.173,254
2025-06-04 13:25:00-04:00,529.12,529.18,529.08,529.14,20356.0,529.136,159
2025-06-04 13:26:00-04:00,529.15,529.22,529.11,529.19,25589.0,529.171,155
2025-06-04 13:27:00-04:00,529.19,529.36,529.18,529.32,48374.0,529.293,269
2025-06-04 13:28:00-04:00,529.32,529.32,529.21,529.28,25426.0,529.246,165
2025-06-04 13:29:00-04:00,529.27,529.28,529.16,529.18,46086.0,529.224,241
2025-06-04 13:30:00-04:00,529.17,529.22,529.08,529.13,39416.0,529.16,314
2025-06-04 13:31:00-04:00,529.12,529.12,528.95,528.99,67983.0,529.013,466
2025-06-04 13:32:00-04:00,529.0,529.17,528.99,529.14,26958.0,529.103,184
2025-06-04 13:33:00-04:00,529.13,529.2,529.07,529.09,25003.0,529.139,155
2025-06-04 13:34:00-04:00,529.1,529.16,529.08,529.15,14621.0,529.113,111
2025-06-04 13:35:00-04:00,529.15,529.4,529.15,529.38,59674.0,529.323,337
2025-06-04 13:36:00-04:00,529.38,529.38,529.15,529.22,66742.0,529.259,410
2025-06-04 13:37:00-04:00,529.21,529.22,529.07,529.07,50515.0,529.127,285
2025-06-04 13:38:00-04:00,529.06,529.16,529.06,529.1,36270.0,529.113,196
2025-06-04 13:39:00-04:00,529.1,529.13,528.98,529.0,29026.0,529.051,146
2025-06-04 13:40:00-04:00,528.98,528.99,528.72,528.98,96548.0,528.841,540
2025-06-04 13:41:00-04:00,528.96,529.05,528.87,529.02,98079.0,528.973,407
2025-06-04 13:42:00-04:00,529.03,529.06,528.88,529.04,49065.0,528.983,281
2025-06-04 13:43:00-04:00,529.04,529.13,529.03,529.1,52511.0,529.088,272
2025-06-04 13:44:00-04:00,529.1,529.17,529.09,529.14,36988.0,529.133,244
2025-06-04 13:45:00-04:00,529.15,529.22,529.12,529.21,31384.0,529.179,191
2025-06-04 13:46:00-04:00,529.22,529.26,529.12,529.18,46958.0,529.207,251
2025-06-04 13:47:00-04:00,529.17,529.18,529.08,529.15,20195.0,529.13,141
2025-06-04 13:48:00-04:00,529.14,529.29,529.1,529.28,23368.0,529.232,191
2025-06-04 13:49:00-04:00,529.29,529.31,529.22,529.25,39724.0,529.284,178
2025-06-04 13:50:00-04:00,529.26,529.29,529.19,529.28,30573.0,529.241,222
2025-06-04 13:51:00-04:00,529.28,529.31,529.18,529.25,41576.0,529.248,257
2025-06-04 13:52:00-04:00,529.25,529.29,529.22,529.25,22280.0,529.249,140
2025-06-04 13:53:00-04:00,529.24,529.36,529.19,529.3,30816.0,529.284,216
2025-06-04 13:54:00-04:00,529.31,529.37,529.31,529.33,23932.0,529.341,154
2025-06-04 13:55:00-04:00,529.32,529.49,529.31,529.44,67459.0,529.416,411
2025-06-04 13:56:00-04:00,529.43,529.45,529.37,529.45,35217.0,529.411,240
2025-06-04 13:57:00-04:00,529.45,529.56,529.44,529.52,58941.0,529.5,326
2025-06-04 13:58:00-04:00,529.52,529.55,529.47,529.51,26553.0,529.515,161
2025-06-04 13:59:00-04:00,529.5,529.52,529.42,529.47,22286.0,529.459,103
2025-06-04 14:00:00-04:00,529.47,529.71,529.46,529.63,146028.0,529.621,755
2025-06-04 14:01:00-04:00,529.65,529.74,529.62,529.63,59046.0,529.694,363
2025-06-04 14:02:00-04:00,529.63,529.67,529.54,529.57,42356.0,529.62,223
2025-06-04 14:03:00-04:00,529.58,529.62,529.54,529.59,41284.0,529.566,209
2025-06-04 14:04:00-04:00,529.61,529.62,529.53,529.56,39658.0,529.584,218
2025-06-04 14:05:00-04:00,529.54,529.64,529.49,529.63,38515.0,529.551,265
2025-06-04 14:06:00-04:00,529.63,529.78,529.62,529.75,122366.0,529.723,584
2025-06-04 14:07:00-04:00,529.73,529.76,529.57,529.58,53192.0,529.67,298
2025-06-04 14:08:00-04:00,529.58,529.59,529.32,529.46,93548.0,529.4,663
2025-06-04 14:09:00-04:00,529.43,529.43,529.31,529.39,39801.0,529.383,256
2025-06-04 14:10:00-04:00,529.39,529.44,529.33,529.38,49446.0,529.394,320
2025-06-04 14:11:00-04:00,529.38,529.48,529.28,529.45,48638.0,529.373,332
2025-06-04 14:12:00-04:00,529.44,529.45,529.3,529.34,45460.0,529.351,253
2025-06-04 14:13:00-04:00,529.36,529.61,529.35,529.6,50772.0,529.484,322
2025-06-04 14:14:00-04:00,529.6,529.61,529.49,529.5,39718.0,529.551,243
2025-06-04 14:15:00-04:00,529.51,529.52,529.4,529.47,43293.0,529.467,273
2025-06-04 14:16:00-04:00,529.46,529.51,529.41,529.5,18501.0,529.468,143
2025-06-04 14:17:00-04:00,529.5,529.57,529.48,529.51,36639.0,529.528,251
2025-06-04 14:18:00-04:00,529.5,529.51,529.4,529.47,35380.0,529.461,195
2025-06-04 14:19:00-04:00,529.48,529.56,529.46,529.51,48408.0,529.516,286
2025-06-04 14:20:00-04:00,529.52,529.69,529.5,529.69,77980.0,529.618,435
2025-06-04 14:21:00-04:00,529.7,529.75,529.56,529.58,104850.0,529.685,404
2025-06-04 14:22:00-04:00,529.57,529.65,529.54,529.62,16311.0,529.597,122
2025-06-04 14:23:00-04:00,529.63,529.67,529.59,529.65,35040.0,529.628,194
2025-06-04 14:24:00-04:00,529.61,529.63,529.5,529.52,32403.0,529.571,190
2025-06-04 14:25:00-04:00,529.51,529.53,529.29,529.3,57096.0,529.43,401
2025-06-04 14:26:00-04:00,529.3,529.43,529.26,529.39,78161.0,529.332,405
2025-06-04 14:27:00-04:00,529.38,529.4,529.33,529.33,48929.0,529.359,254
2025-06-04 14:28:00-04:00,529.34,529.52,529.33,529.52,41470.0,529.422,227
2025-06-04 14:29:00-04:00,529.53,529.72,529.51,529.71,101045.0,529.601,405
2025-06-04 14:30:00-04:00,529.7,529.84,529.57,529.6,89738.0,529.737,563
2025-06-04 14:31:00-04:00,529.57,529.66,529.54,529.57,59103.0,529.607,327
2025-06-04 14:32:00-04:00,529.56,529.61,529.48,529.57,95220.0,529.567,347
2025-06-04 14:33:00-04:00,529.56,529.63,529.51,529.51,43219.0,529.584,307
2025-06-04 14:34:00-04:00,529.54,529.58,529.46,529.55,36606.0,529.526,274
2025-06-04 14:35:00-04:00,529.54,529.68,529.53,529.58,47432.0,529.606,295
2025-06-04 14:36:00-04:00,529.58,529.67,529.58,529.63,48810.0,529.619,301
2025-06-04 14:37:00-04:00,529.65,529.65,529.54,529.59,29095.0,529.598,219
2025-06-04 14:38:00-04:00,529.58,529.63,529.46,529.63,39209.0,529.523,301
2025-06-04 14:39:00-04:00,529.62,529.77,529.61,529.67,38422.0,529.707,224
2025-06-04 14:40:00-04:00,529.69,529.73,529.61,529.65,45734.0,529.665,251
2025-06-04 14:41:00-04:00,529.66,529.73,529.65,529.69,32912.0,529.697,205
2025-06-04 14:42:00-04:00,529.7,529.73,529.66,529.68,40025.0,529.708,224
2025-06-04 14:43:00-04:00,529.67,529.81,529.63,529.75,53789.0,529.716,262
2025-06-04 14:44:00-04:00,529.75,529.81,529.72,529.75,25906.0,529.759,145
2025-06-04 14:45:00-04:00,529.78,529.79,529.72,529.78,62352.0,529.776,213
2025-06-04 14:46:00-04:00,529.77,529.78,529.71,529.73,55636.0,529.755,224
2025-06-04 14:47:00-04:00,529.73,529.75,529.51,529.56,82398.0,529.64,440
2025-06-04 14:48:00-04:00,529.58,529.61,529.43,529.45,41594.0,529.51,279
2025-06-04 14:49:00-04:00,529.45,529.56,529.31,529.48,422435.0,529.333,348
2025-06-04 14:50:00-04:00,529.48,529.51,529.13,529.25,168203.0,529.303,1158
2025-06-04 14:51:00-04:00,529.25,529.34,529.18,529.18,54620.0,529.254,389
2025-06-04 14:52:00-04:00,529.2,529.52,529.15,529.4,67704.0,529.365,503
2025-06-04 14:53:00-04:00,529.39,529.44,529.35,529.4,24436.0,529.394,156
2025-06-04 14:54:00-04:00,529.41,529.56,529.37,529.53,137541.0,529.404,377
2025-06-04 14:55:00-04:00,529.54,529.55,529.4,529.45,39113.0,529.472,245
2025-06-04 14:56:00-04:00,529.42,529.54,529.42,529.46,28143.0,529.483,213
2025-06-04 14:57:00-04:00,529.47,529.49,529.4,529.44,30362.0,529.44,210
2025-06-04 14:58:00-04:00,529.44,529.49,529.39,529.41,22451.0,529.442,144
2025-06-04 14:59:00-04:00,529.4,529.41,529.27,529.38,62079.0,529.321,449
2025-06-04 15:00:00-04:00,529.39,529.47,529.3,529.41,81115.0,529.372,513
2025-06-04 15:01:00-04:00,529.38,529.72,529.38,529.71,60025.0,529.598,366
2025-06-04 15:02:00-04:00,529.72,529.75,529.44,529.44,73723.0,529.585,502
2025-06-04 15:03:00-04:00,529.45,529.61,529.43,529.61,25438.0,529.504,198
2025-06-04 15:04:00-04:00,529.6,529.69,529.6,529.62,29798.0,529.643,193
2025-06-04 15:05:00-04:00,529.63,529.63,529.48,529.56,39839.0,529.563,292
2025-06-04 15:06:00-04:00,529.56,529.64,529.49,529.58,27115.0,529.58,197
2025-06-04 15:07:00-04:00,529.58,529.63,529.5,529.54,22833.0,529.584,140
2025-06-04 15:08:00-04:00,529.55,529.59,529.48,529.56,34978.0,529.543,230
2025-06-04 15:09:00-04:00,529.57,529.57,529.22,529.25,103457.0,529.391,540
2025-06-04 15:10:00-04:00,529.24,529.45,529.21,529.41,47211.0,529.329,323
2025-06-04 15:11:00-04:00,529.42,529.48,529.32,529.46,34034.0,529.386,243
2025-06-04 15:12:00-04:00,529.46,529.53,529.43,529.47,28747.0,529.489,169
2025-06-04 15:13:00-04:00,529.44,529.63,529.43,529.56,23036.0,529.533,162
2025-06-04 15:14:00-04:00,529.56,529.68,529.56,529.63,56330.0,529.627,377
2025-06-04 15:15:00-04:00,529.62,529.65,529.49,529.51,95483.0,529.564,455
2025-06-04 15:16:00-04:00,529.51,529.58,529.49,529.53,19622.0,529.53,163
2025-06-04 15:17:00-04:00,529.51,529.52,529.31,529.4,37747.0,529.396,246
2025-06-04 15:18:00-04:00,529.41,529.44,529.33,529.43,35543.0,529.396,244
2025-06-04 15:19:00-04:00,529.43,529.49,529.36,529.46,36157.0,529.434,248
2025-06-04 15:20:00-04:00,529.47,529.54,529.38,529.43,43290.0,529.473,293
2025-06-04 15:21:00-04:00,529.43,529.7,529.36,529.55,148883.0,529.532,631
2025-06-04 15:22:00-04:00,529.55,529.56,529.42,529.5,28668.0,529.495,214
2025-06-04 15:23:00-04:00,529.5,529.6,529.37,529.42,43138.0,529.509,232
2025-06-04 15:24:00-04:00,529.43,529.5,529.37,529.46,27862.0,529.445,221
2025-06-04 15:25:00-04:00,529.48,529.52,529.43,529.43,30456.0,529.476,246
2025-06-04 15:26:00-04:00,529.43,529.47,529.35,529.39,34135.0,529.394,217
2025-06-04 15:27:00-04:00,529.38,529.42,529.29,529.32,59337.0,529.356,211
2025-06-04 15:28:00-04:00,529.33,529.44,529.32,529.41,34059.0,529.381,195
2025-06-04 15:29:00-04:00,529.41,529.46,529.37,529.42,35247.0,529.415,230
2025-06-04 15:30:00-04:00,529.42,529.57,529.35,529.57,67280.0,529.437,409
2025-06-04 15:31:00-04:00,529.55,529.61,529.41,529.42,77936.0,529.535,526
2025-06-04 15:32:00-04:00,529.41,529.48,529.36,529.44,34756.0,529.424,268
2025-06-04 15:33:00-04:00,529.46,529.46,529.33,529.38,42902.0,529.379,258
2025-06-04 15:34:00-04:00,529.37,529.44,529.29,529.29,63551.0,529.383,385
2025-06-04 15:35:00-04:00,529.29,529.42,529.21,529.33,74967.0,529.323,483
2025-06-04 15:36:00-04:00,529.33,529.38,529.29,529.3,38958.0,529.338,267
2025-06-04 15:37:00-04:00,529.31,529.38,529.26,529.32,40434.0,529.328,229
2025-06-04 15:38:00-04:00,529.31,529.41,529.29,529.36,46809.0,529.36,294
2025-06-04 15:39:00-04:00,529.36,529.4,529.21,529.25,65038.0,529.285,404
2025-06-04 15:40:00-04:00,529.24,529.25,528.92,529.1,328999.0,529.109,1874
2025-06-04 15:41:00-04:00,529.09,529.27,529.04,529.19,76169.0,529.172,434
2025-06-04 15:42:00-04:00,529.21,529.22,529.01,529.09,43396.0,529.106,298
2025-06-04 15:43:00-04:00,529.07,529.29,529.02,529.22,97281.0,529.165,639
2025-06-04 15:44:00-04:00,529.21,529.44,529.21,529.32,91252.0,529.363,601
2025-06-04 15:45:00-04:00,529.33,529.54,529.33,529.48,69911.0,529.457,381
2025-06-04 15:46:00-04:00,529.46,529.51,529.39,529.4,68188.0,529.443,347
2025-06-04 15:47:00-04:00,529.4,529.41,529.23,529.28,45966.0,529.321,331
2025-06-04 15:48:00-04:00,529.26,529.29,529.1,529.15,52447.0,529.179,370
2025-06-04 15:49:00-04:00,529.16,529.22,529.05,529.16,66808.0,529.145,459
2025-06-04 15:50:00-04:00,529.14,529.19,528.84,528.99,136010.0,528.995,1013
2025-06-04 15:51:00-04:00,528.98,528.99,528.55,528.74,149382.0,528.791,1051
2025-06-04 15:52:00-04:00,528.73,528.88,528.58,528.82,170841.0,528.722,1122
2025-06-04 15:53:00-04:00,528.82,528.99,528.75,528.9,135677.0,528.887,1037
2025-06-04 15:54:00-04:00,528.9,529.01,528.61,528.82,252061.0,528.766,1870
2025-06-04 15:55:00-04:00,528.82,528.91,528.57,528.87,189345.0,528.776,1386
2025-06-04 15:56:00-04:00,528.87,528.94,528.78,528.81,113203.0,528.837,801
2025-06-04 15:57:00-04:00,528.79,528.94,528.78,528.9,113190.0,528.876,726
2025-06-04 15:58:00-04:00,528.9,529.13,528.89,529.1,240251.0,529.042,1337
2025-06-04 15:59:00-04:00,529.1,529.23,528.74,528.76,603996.0,529.032,3241
2025-06-05 09:30:00-04:00,530.18,530.85,530.04,530.67,362072.0,530.335,1418
2025-06-05 09:31:00-04:00,530.68,530.79,529.47,529.84,219265.0,530.085,1605
2025-06-05 09:32:00-04:00,529.85,529.91,528.97,529.68,176652.0,529.406,1315
2025-06-05 09:33:00-04:00,529.69,530.13,529.33,530.05,150966.0,529.705,1121
2025-06-05 09:34:00-04:00,530.09,530.29,529.68,529.92,139822.0,529.992,1122
2025-06-05 09:35:00-04:00,529.92,530.04,529.63,529.7,167565.0,529.753,1102
2025-06-05 09:36:00-04:00,529.71,529.86,529.47,529.71,112360.0,529.649,738
2025-06-05 09:37:00-04:00,529.69,529.96,529.61,529.67,97029.0,529.786,666
2025-06-05 09:38:00-04:00,529.69,529.83,529.19,529.27,84509.0,529.542,633
2025-06-05 09:39:00-04:00,529.21,529.26,528.45,528.65,109305.0,528.873,761
2025-06-05 09:40:00-04:00,528.65,529.35,528.33,529.27,173142.0,528.805,1217
2025-06-05 09:41:00-04:00,529.28,529.7,529.1,529.65,120901.0,529.367,903
2025-06-05 09:42:00-04:00,529.64,529.76,529.25,529.3,86935.0,529.511,556
2025-06-05 09:43:00-04:00,529.29,529.43,529.14,529.25,59933.0,529.297,376
2025-06-05 09:44:00-04:00,529.23,529.59,529.2,529.39,54655.0,529.464,368
2025-06-05 09:45:00-04:00,529.36,529.41,528.19,528.33,145128.0,528.694,1024
2025-06-05 09:46:00-04:00,528.32,528.32,527.75,528.11,148712.0,527.957,1012
2025-06-05 09:47:00-04:00,528.05,528.05,527.39,527.59,137773.0,527.663,975
2025-06-05 09:48:00-04:00,527.57,528.03,527.27,527.96,139938.0,527.673,934
2025-06-05 09:49:00-04:00,527.93,528.34,527.84,528.32,86369.0,528.147,531
2025-06-05 09:50:00-04:00,528.34,528.78,528.33,528.63,103558.0,528.65,663
2025-06-05 09:51:00-04:00,528.63,528.65,528.04,528.1,81301.0,528.299,548
2025-06-05 09:52:00-04:00,528.09,528.27,527.82,527.95,70914.0,528.026,485
2025-06-05 09:53:00-04:00,527.94,528.5,527.89,528.4,98965.0,528.164,670
2025-06-05 09:54:00-04:00,528.38,528.73,528.25,528.66,79933.0,528.468,486
2025-06-05 09:55:00-04:00,528.64,528.86,528.19,528.22,96742.0,528.51,633
2025-06-05 09:56:00-04:00,528.23,528.52,527.9,528.45,79224.0,528.218,526
2025-06-05 09:57:00-04:00,528.44,528.47,527.62,527.71,90623.0,527.976,600
2025-06-05 09:58:00-04:00,527.66,527.94,527.6,527.81,88880.0,527.784,609
2025-06-05 09:59:00-04:00,527.78,528.18,527.7,528.03,84194.0,527.939,519
2025-06-05 10:00:00-04:00,528.04,528.51,527.96,528.39,138594.0,528.296,824
2025-06-05 10:01:00-04:00,528.44,528.71,528.41,528.53,105789.0,528.565,589
2025-06-05 10:02:00-04:00,528.52,528.56,528.1,528.25,112349.0,528.336,591
2025-06-05 10:03:00-04:00,528.2,528.41,528.12,528.19,70446.0,528.244,404
2025-06-05 10:04:00-04:00,528.16,528.6,528.16,528.44,63454.0,528.452,453
2025-06-05 10:05:00-04:00,528.47,528.95,528.39,528.88,106043.0,528.686,667
2025-06-05 10:06:00-04:00,528.86,528.98,528.45,528.46,139217.0,528.725,912
2025-06-05 10:07:00-04:00,528.46,528.57,528.19,528.2,173016.0,528.392,1056
2025-06-05 10:08:00-04:00,528.2,528.5,528.03,528.04,108940.0,528.257,841
2025-06-05 10:09:00-04:00,528.06,528.17,527.58,527.6,136282.0,527.862,974
2025-06-05 10:10:00-04:00,527.6,528.12,527.55,527.97,68513.0,527.865,484
2025-06-05 10:11:00-04:00,527.93,528.34,527.93,528.25,85728.0,528.136,569
2025-06-05 10:12:00-04:00,528.27,528.37,528.06,528.29,57363.0,528.246,375
2025-06-05 10:13:00-04:00,528.3,528.42,528.04,528.32,71166.0,528.247,451
2025-06-05 10:14:00-04:00,528.3,528.34,527.97,528.06,37253.0,528.128,305
2025-06-05 10:15:00-04:00,528.02,528.29,528.02,528.08,52034.0,528.171,395
2025-06-05 10:16:00-04:00,528.07,528.31,527.95,527.95,62939.0,528.128,410
2025-06-05 10:17:00-04:00,527.94,528.01,527.79,527.9,64639.0,527.886,485
2025-06-05 10:18:00-04:00,527.92,528.09,527.85,527.99,46484.0,527.969,339
2025-06-05 10:19:00-04:00,527.98,528.19,527.94,528.08,39146.0,528.063,269
2025-06-05 10:20:00-04:00,528.09,528.5,528.06,528.28,77086.0,528.317,499
2025-06-05 10:21:00-04:00,528.3,528.78,528.19,528.76,84182.0,528.528,572
2025-06-05 10:22:00-04:00,528.78,528.93,528.65,528.9,95534.0,528.774,560
2025-06-05 10:23:00-04:00,528.92,529.28,528.88,529.07,126499.0,529.134,853
2025-06-05 10:24:00-04:00,529.1,529.3,529.06,529.26,67227.0,529.183,386
2025-06-05 10:25:00-04:00,529.24,529.76,529.24,529.58,158381.0,529.577,887
2025-06-05 10:26:00-04:00,529.57,529.8,529.57,529.78,95020.0,529.708,443
2025-06-05 10:27:00-04:00,529.79,529.96,529.57,529.61,87724.0,529.775,604
2025-06-05 10:28:00-04:00,529.62,529.85,529.62,529.81,83989.0,529.747,581
2025-06-05 10:29:00-04:00,529.81,529.98,529.7,529.92,122881.0,529.879,729
2025-06-05 10:30:00-04:00,529.91,529.96,529.72,529.81,132135.0,529.873,764
2025-06-05 10:31:00-04:00,529.84,529.84,529.28,529.38,153314.0,529.501,792
2025-06-05 10:32:00-04:00,529.39,529.4,528.41,528.56,206468.0,528.863,1097
2025-06-05 10:33:00-04:00,528.54,528.74,528.38,528.71,64660.0,528.539,447
2025-06-05 10:34:00-04:00,528.71,528.73,528.48,528.51,58296.0,528.612,395
2025-06-05 10:35:00-04:00,528.48,528.83,527.59,528.17,251269.0,528.187,1937
2025-06-05 10:36:00-04:00,528.16,528.86,527.89,528.84,163566.0,528.42,1195
2025-06-05 10:37:00-04:00,528.83,530.08,528.67,529.5,307746.0,529.315,1987
2025-06-05 10:38:00-04:00,529.49,530.08,529.25,529.74,184996.0,529.7,1193
2025-06-05 10:39:00-04:00,529.78,530.1,529.44,529.69,110328.0,529.722,879
2025-06-05 10:40:00-04:00,529.72,529.74,528.9,529.21,170667.0,529.2,1231
2025-06-05 10:41:00-04:00,529.2,530.83,529.1,530.61,338662.0,530.146,2509
2025-06-05 10:42:00-04:00,530.62,531.47,530.52,530.68,372155.0,531.017,2642
2025-06-05 10:43:00-04:00,530.7,530.93,530.53,530.62,117540.0,530.765,912
2025-06-05 10:44:00-04:00,530.64,530.85,530.4,530.66,139316.0,530.612,986
2025-06-05 10:45:00-04:00,530.63,530.75,530.15,530.55,160910.0,530.507,1191
2025-06-05 10:46:00-04:00,530.49,531.75,530.49,531.26,342337.0,531.236,2548
2025-06-05 10:47:00-04:00,531.25,531.5,530.86,531.19,152806.0,531.231,890
2025-06-05 10:48:00-04:00,531.21,531.37,530.66,530.66,127222.0,531.084,931
2025-06-05 10:49:00-04:00,530.66,530.66,529.96,530.16,144727.0,530.326,932
2025-06-05 10:50:00-04:00,530.15,530.5,530.12,530.46,118162.0,530.322,942
2025-06-05 10:51:00-04:00,530.46,530.67,530.34,530.51,75500.0,530.499,582
2025-06-05 10:52:00-04:00,530.52,530.57,530.01,530.38,81737.0,530.29,598
2025-06-05 10:53:00-04:00,530.36,530.57,530.28,530.44,37724.0,530.432,289
2025-06-05 10:54:00-04:00,530.43,530.76,530.43,530.75,62387.0,530.575,432
2025-06-05 10:55:00-04:00,530.76,530.8,530.63,530.74,44057.0,530.738,357
2025-06-05 10:56:00-04:00,530.75,531.1,530.68,531.08,65893.0,530.901,467
2025-06-05 10:57:00-04:00,531.09,531.29,531.04,531.22,70703.0,531.191,441
2025-06-05 10:58:00-04:00,531.22,531.42,531.11,531.41,52543.0,531.233,349
2025-06-05 10:59:00-04:00,531.41,531.51,531.27,531.29,82266.0,531.408,518
2025-06-05 11:00:00-04:00,531.29,531.46,531.27,531.33,79304.0,531.362,539
2025-06-05 11:01:00-04:00,531.35,531.58,531.34,531.44,125507.0,531.47,650
2025-06-05 11:02:00-04:00,531.44,531.53,531.21,531.39,109287.0,531.427,619
2025-06-05 11:03:00-04:00,531.4,531.54,531.3,531.36,38638.0,531.414,281
2025-06-05 11:04:00-04:00,531.37,531.42,531.26,531.36,37876.0,531.34,234
2025-06-05 11:05:00-04:00,531.34,531.34,531.05,531.18,54982.0,531.176,414
2025-06-05 11:06:00-04:00,531.23,531.25,530.96,531.21,78243.0,531.084,538
2025-06-05 11:07:00-04:00,531.22,531.3,531.05,531.16,45361.0,531.179,328
2025-06-05 11:08:00-04:00,531.15,531.21,531.0,531.1,92101.0,531.148,539
2025-06-05 11:09:00-04:00,531.13,531.47,531.03,531.39,87222.0,531.36,550
2025-06-05 11:10:00-04:00,531.4,531.58,531.31,531.54,94280.0,531.475,478
2025-06-05 11:11:00-04:00,531.52,531.56,531.34,531.45,39415.0,531.439,237
2025-06-05 11:12:00-04:00,531.45,531.6,531.39,531.5,27843.0,531.501,210
2025-06-05 11:13:00-04:00,531.5,531.66,531.44,531.62,61078.0,531.58,346
2025-06-05 11:14:00-04:00,531.62,531.68,531.48,531.61,58129.0,531.591,335
2025-06-05 11:15:00-04:00,531.6,531.71,531.57,531.62,99036.0,531.665,464
2025-06-05 11:16:00-04:00,531.64,532.08,531.62,531.99,130304.0,531.905,793
2025-06-05 11:17:00-04:00,531.99,532.36,531.97,532.33,134246.0,532.229,881
2025-06-05 11:18:00-04:00,532.35,532.7,532.34,532.5,191800.0,532.562,1239
2025-06-05 11:19:00-04:00,532.55,532.58,532.43,532.54,68397.0,532.516,420
2025-06-05 11:20:00-04:00,532.54,532.69,532.48,532.52,73764.0,532.572,486
2025-06-05 11:21:00-04:00,532.52,532.76,532.44,532.55,108944.0,532.599,735
2025-06-05 11:22:00-04:00,532.56,532.71,532.46,532.49,100580.0,532.568,597
2025-06-05 11:23:00-04:00,532.48,532.66,532.48,532.64,47038.0,532.566,262
2025-06-05 11:24:00-04:00,532.63,532.74,532.58,532.65,58341.0,532.657,362
2025-06-05 11:25:00-04:00,532.65,532.69,532.4,532.42,137087.0,532.55,779
2025-06-05 11:26:00-04:00,532.41,532.58,532.38,532.48,70369.0,532.481,440
2025-06-05 11:27:00-04:00,532.5,532.51,532.4,532.49,43715.0,532.457,311
2025-06-05 11:28:00-04:00,532.48,532.64,532.45,532.62,62490.0,532.554,328
2025-06-05 11:29:00-04:00,532.61,532.94,532.61,532.79,102194.0,532.79,657
2025-06-05 11:30:00-04:00,532.78,532.88,532.76,532.76,106485.0,532.815,665
2025-06-05 11:31:00-04:00,532.78,532.83,532.65,532.73,61557.0,532.738,393
2025-06-05 11:32:00-04:00,532.74,532.75,532.55,532.6,49616.0,532.649,325
2025-06-05 11:33:00-04:00,532.59,532.69,532.55,532.6,29065.0,532.608,186
2025-06-05 11:34:00-04:00,532.61,532.69,532.58,532.6,37658.0,532.63,203
2025-06-05 11:35:00-04:00,532.58,532.61,532.42,532.56,76061.0,532.514,485
2025-06-05 11:36:00-04:00,532.57,532.71,532.55,532.63,50441.0,532.623,335
2025-06-05 11:37:00-04:00,532.63,532.72,532.52,532.52,42516.0,532.642,201
2025-06-05 11:38:00-04:00,532.56,532.65,532.4,532.61,41299.0,532.53,284
2025-06-05 11:39:00-04:00,532.6,532.64,532.51,532.63,22511.0,532.586,165
2025-06-05 11:40:00-04:00,532.64,532.77,532.6,532.64,35992.0,532.678,274
2025-06-05 11:41:00-04:00,532.64,532.7,532.5,532.53,37399.0,532.563,242
2025-06-05 11:42:00-04:00,532.54,532.81,532.51,532.74,56920.0,532.721,384
2025-06-05 11:43:00-04:00,532.73,532.81,532.68,532.73,37940.0,532.76,269
2025-06-05 11:44:00-04:00,532.73,533.0,532.71,532.75,67886.0,532.862,452
2025-06-05 11:45:00-04:00,532.77,532.77,532.49,532.52,50321.0,532.615,314
2025-06-05 11:46:00-04:00,532.51,532.57,532.23,532.4,70539.0,532.379,436
2025-06-05 11:47:00-04:00,532.4,532.51,532.35,532.48,45565.0,532.439,281
2025-06-05 11:48:00-04:00,532.5,532.52,532.37,532.39,40716.0,532.426,236
2025-06-05 11:49:00-04:00,532.4,532.57,532.38,532.52,29375.0,532.48,188
2025-06-05 11:50:00-04:00,532.53,532.71,532.53,532.7,37191.0,532.622,252
2025-06-05 11:51:00-04:00,532.69,532.83,532.62,532.71,41843.0,532.717,286
2025-06-05 11:52:00-04:00,532.71,532.72,532.45,532.5,33349.0,532.593,216
2025-06-05 11:53:00-04:00,532.51,532.52,532.31,532.32,25961.0,532.457,186
2025-06-05 11:54:00-04:00,532.34,532.59,532.34,532.55,26227.0,532.494,188
2025-06-05 11:55:00-04:00,532.56,532.58,532.43,532.51,30693.0,532.506,176
2025-06-05 11:56:00-04:00,532.52,533.05,532.52,532.84,184739.0,532.841,1220
2025-06-05 11:57:00-04:00,532.84,532.98,532.79,532.83,84841.0,532.868,503
2025-06-05 11:58:00-04:00,532.84,532.89,532.63,532.81,44004.0,532.74,356
2025-06-05 11:59:00-04:00,532.81,532.85,532.75,532.79,33105.0,532.793,261
2025-06-05 12:00:00-04:00,532.78,532.8,532.62,532.7,56751.0,532.702,326
2025-06-05 12:01:00-04:00,532.72,532.85,532.62,532.62,38202.0,532.729,318
2025-06-05 12:02:00-04:00,532.64,532.75,532.51,532.65,63344.0,532.617,429
2025-06-05 12:03:00-04:00,532.63,532.66,532.47,532.57,63571.0,532.554,472
2025-06-05 12:04:00-04:00,532.55,532.79,532.55,532.71,37572.0,532.681,245
2025-06-05 12:05:00-04:00,532.72,532.76,532.63,532.73,37133.0,532.707,231
2025-06-05 12:06:00-04:00,532.75,532.76,532.63,532.69,23530.0,532.706,184
2025-06-05 12:07:00-04:00,532.68,532.69,532.4,532.49,58796.0,532.531,402
2025-06-05 12:08:00-04:00,532.47,532.49,532.2,532.34,81482.0,532.325,539
2025-06-05 12:09:00-04:00,532.32,532.32,531.89,532.06,103248.0,532.066,701
2025-06-05 12:10:00-04:00,532.05,532.11,531.9,532.07,67897.0,532.026,395
2025-06-05 12:11:00-04:00,532.08,532.18,532.02,532.02,35124.0,532.088,256
2025-06-05 12:12:00-04:00,532.05,532.12,531.75,531.84,73039.0,531.89,394
2025-06-05 12:13:00-04:00,531.84,531.88,531.72,531.83,67406.0,531.8,407
2025-06-05 12:14:00-04:00,531.82,531.98,531.44,531.53,76351.0,531.632,450
2025-06-05 12:15:00-04:00,531.5,531.51,531.27,531.38,89761.0,531.381,552
2025-06-05 12:16:00-04:00,531.38,531.53,531.02,531.04,93782.0,531.296,622
2025-06-05 12:17:00-04:00,531.04,531.1,530.21,530.52,261551.0,530.582,1763
2025-06-05 12:18:00-04:00,530.5,530.89,530.39,530.87,156444.0,530.626,1027
2025-06-05 12:19:00-04:00,530.91,531.06,530.8,530.97,119829.0,530.93,764
2025-06-05 12:20:00-04:00,530.95,531.35,530.86,531.34,175854.0,531.1,1015
2025-06-05 12:21:00-04:00,531.35,531.47,531.2,531.33,65945.0,531.334,484
2025-06-05 12:22:00-04:00,531.35,531.38,531.03,531.04,48229.0,531.214,297
2025-06-05 12:23:00-04:00,531.03,531.27,530.95,531.24,29184.0,531.128,213
2025-06-05 12:24:00-04:00,531.18,531.27,531.04,531.1,18272.0,531.129,155
2025-06-05 12:25:00-04:00,531.08,531.2,530.99,531.15,28467.0,531.091,196
2025-06-05 12:26:00-04:00,531.14,531.22,530.9,531.11,44379.0,531.045,297
2025-06-05 12:27:00-04:00,531.09,531.58,530.99,531.43,98286.0,531.366,753
2025-06-05 12:28:00-04:00,531.47,531.51,531.36,531.38,60826.0,531.46,317
2025-06-05 12:29:00-04:00,531.41,531.43,531.28,531.38,23542.0,531.367,165
2025-06-05 12:30:00-04:00,531.36,531.52,531.27,531.3,42612.0,531.397,274
2025-06-05 12:31:00-04:00,531.28,531.42,531.2,531.2,24508.0,531.324,162
2025-06-05 12:32:00-04:00,531.26,531.29,531.1,531.14,16917.0,531.209,131
2025-06-05 12:33:00-04:00,531.14,531.22,531.12,531.19,23214.0,531.182,142
2025-06-05 12:34:00-04:00,531.19,531.19,530.93,531.06,40786.0,531.054,247
2025-06-05 12:35:00-04:00,531.06,531.11,530.93,531.02,71618.0,531.017,324
2025-06-05 12:36:00-04:00,530.99,531.14,530.93,531.0,36493.0,531.019,218
2025-06-05 12:37:00-04:00,530.96,530.98,530.77,530.84,27701.0,530.847,182
2025-06-05 12:38:00-04:00,530.81,530.9,530.53,530.56,37848.0,530.713,215
2025-06-05 12:39:00-04:00,530.56,530.56,530.2,530.38,62836.0,530.354,419
2025-06-05 12:40:00-04:00,530.36,530.38,530.06,530.17,97181.0,530.205,566
2025-06-05 12:41:00-04:00,530.16,530.44,530.11,530.44,40141.0,530.276,289
2025-06-05 12:42:00-04:00,530.45,530.52,530.16,530.17,50567.0,530.346,273
2025-06-05 12:43:00-04:00,530.15,530.23,529.99,530.04,53284.0,530.087,277
2025-06-05 12:44:00-04:00,530.05,530.13,529.91,529.93,47121.0,530.022,320
2025-06-05 12:45:00-04:00,529.92,529.92,529.04,529.22,149589.0,529.331,1050
2025-06-05 12:46:00-04:00,529.24,529.24,528.67,528.87,249003.0,528.837,1418
2025-06-05 12:47:00-04:00,528.87,528.87,528.23,528.42,235716.0,528.48,1532
2025-06-05 12:48:00-04:00,528.42,528.42,527.79,527.94,235149.0,528.075,1380
2025-06-05 12:49:00-04:00,527.96,528.17,527.64,528.04,158756.0,527.863,848
2025-06-05 12:50:00-04:00,528.02,528.51,527.68,528.44,163800.0,528.105,1127
2025-06-05 12:51:00-04:00,528.43,528.44,527.91,528.0,85995.0,528.189,694
2025-06-05 12:52:00-04:00,527.97,527.97,526.78,527.14,298147.0,527.223,1885
2025-06-05 12:53:00-04:00,527.09,527.85,527.0,527.83,167566.0,527.457,1036
2025-06-05 12:54:00-04:00,527.85,528.09,527.64,527.97,133364.0,527.87,830
2025-06-05 12:55:00-04:00,527.98,528.13,527.58,527.96,91584.0,527.883,611
2025-06-05 12:56:00-04:00,527.93,528.0,527.67,527.86,77159.0,527.855,517
2025-06-05 12:57:00-04:00,527.87,527.87,527.52,527.63,95503.0,527.666,624
2025-06-05 12:58:00-04:00,527.6,527.89,527.49,527.68,64125.0,527.679,426
2025-06-05 12:59:00-04:00,527.66,527.68,527.1,527.18,134433.0,527.413,821
2025-06-05 13:00:00-04:00,527.15,527.15,526.51,526.91,199114.0,526.792,1205
2025-06-05 13:01:00-04:00,526.91,526.92,526.6,526.83,92101.0,526.743,563
2025-06-05 13:02:00-04:00,526.77,527.24,526.69,527.24,174140.0,527.009,1104
2025-06-05 13:03:00-04:00,527.24,527.5,527.16,527.38,101714.0,527.351,539
2025-06-05 13:04:00-04:00,527.37,527.66,527.33,527.39,99139.0,527.513,616
2025-06-05 13:05:00-04:00,527.42,527.53,527.22,527.39,76503.0,527.377,493
2025-06-05 13:06:00-04:00,527.38,527.65,527.34,527.54,52582.0,527.53,428
2025-06-05 13:07:00-04:00,527.52,528.01,527.51,528.0,64564.0,527.811,443
2025-06-05 13:08:00-04:00,528.0,528.32,527.99,528.29,67909.0,528.168,450
2025-06-05 13:09:00-04:00,528.26,528.39,528.16,528.26,95785.0,528.272,521
2025-06-05 13:10:00-04:00,528.25,528.39,528.16,528.37,54913.0,528.275,307
2025-06-05 13:11:00-04:00,528.37,528.76,528.36,528.7,96328.0,528.614,544
2025-06-05 13:12:00-04:00,528.7,528.86,528.58,528.82,77699.0,528.711,477
2025-06-05 13:13:00-04:00,528.83,528.89,528.54,528.74,69152.0,528.718,519
2025-06-05 13:14:00-04:00,528.75,528.89,528.68,528.86,101831.0,528.821,458
2025-06-05 13:15:00-04:00,528.85,529.27,528.84,529.13,170074.0,529.085,793
2025-06-05 13:16:00-04:00,529.15,529.18,529.06,529.15,83180.0,529.128,394
2025-06-05 13:17:00-04:00,529.15,529.25,528.98,529.07,64561.0,529.088,347
2025-06-05 13:18:00-04:00,529.07,529.23,529.07,529.13,55059.0,529.151,365
2025-06-05 13:19:00-04:00,529.11,529.16,528.91,528.92,57287.0,529.045,333
2025-06-05 13:20:00-04:00,528.9,529.19,528.84,529.13,67279.0,529.01,475
2025-06-05 13:21:00-04:00,529.14,529.38,529.14,529.24,91558.0,529.264,494
2025-06-05 13:22:00-04:00,529.27,529.33,529.14,529.22,43524.0,529.219,322
2025-06-05 13:23:00-04:00,529.23,529.41,529.17,529.31,66549.0,529.307,300
2025-06-05 13:24:00-04:00,529.33,529.39,529.22,529.24,43130.0,529.31,247
2025-06-05 13:25:00-04:00,529.23,529.35,529.18,529.29,50765.0,529.288,342
2025-06-05 13:26:00-04:00,529.29,529.32,529.12,529.31,53564.0,529.206,242
2025-06-05 13:27:00-04:00,529.3,529.34,529.04,529.34,50327.0,529.176,330
2025-06-05 13:28:00-04:00,529.34,529.53,529.32,529.4,62941.0,529.447,363
2025-06-05 13:29:00-04:00,529.41,529.46,529.16,529.23,62393.0,529.271,286
2025-06-05 13:30:00-04:00,529.21,529.49,529.2,529.4,71928.0,529.372,434
2025-06-05 13:31:00-04:00,529.41,529.42,529.26,529.37,33170.0,529.327,178
2025-06-05 13:32:00-04:00,529.37,529.55,529.37,529.49,50703.0,529.472,253
2025-06-05 13:33:00-04:00,529.54,529.61,529.44,529.52,38506.0,529.517,290
2025-06-05 13:34:00-04:00,529.52,529.62,529.33,529.38,43467.0,529.478,279
2025-06-05 13:35:00-04:00,529.39,529.58,529.3,529.49,50928.0,529.425,280
2025-06-05 13:36:00-04:00,529.49,529.51,529.33,529.4,23882.0,529.428,164
2025-06-05 13:37:00-04:00,529.42,529.53,529.38,529.42,31658.0,529.492,226
2025-06-05 13:38:00-04:00,529.41,529.56,529.34,529.5,43024.0,529.449,272
2025-06-05 13:39:00-04:00,529.5,529.55,529.37,529.47,29850.0,529.461,168
2025-06-05 13:40:00-04:00,529.44,529.53,529.32,529.47,54803.0,529.424,398
2025-06-05 13:41:00-04:00,529.46,529.61,529.41,529.41,46398.0,529.517,303
2025-06-05 13:42:00-04:00,529.4,529.43,529.23,529.37,42381.0,529.341,303
2025-06-05 13:43:00-04:00,529.38,529.57,529.34,529.52,41246.0,529.448,233
2025-06-05 13:44:00-04:00,529.55,529.61,529.37,529.42,22389.0,529.486,164
2025-06-05 13:45:00-04:00,529.42,529.43,529.19,529.25,45603.0,529.277,293
2025-06-05 13:46:00-04:00,529.25,529.29,528.98,529.07,93762.0,529.067,538
2025-06-05 13:47:00-04:00,529.09,529.33,529.04,529.27,75215.0,529.207,472
2025-06-05 13:48:00-04:00,529.25,529.42,529.16,529.18,42214.0,529.274,273
2025-06-05 13:49:00-04:00,529.2,529.3,529.09,529.09,26685.0,529.195,154
2025-06-05 13:50:00-04:00,529.08,529.25,528.92,528.94,66513.0,529.072,256
2025-06-05 13:51:00-04:00,528.94,529.03,528.86,528.86,52363.0,528.939,283
2025-06-05 13:52:00-04:00,528.87,529.0,528.83,528.9,36234.0,528.91,250
2025-06-05 13:53:00-04:00,528.88,529.17,528.88,529.11,40764.0,529.035,245
2025-06-05 13:54:00-04:00,529.08,529.1,528.89,528.92,36144.0,528.964,259
2025-06-05 13:55:00-04:00,528.94,528.97,528.51,528.54,97420.0,528.671,686
2025-06-05 13:56:00-04:00,528.53,528.7,528.47,528.59,46909.0,528.586,298
2025-06-05 13:57:00-04:00,528.63,528.64,528.31,528.32,39227.0,528.444,258
2025-06-05 13:58:00-04:00,528.33,528.34,527.97,528.22,80762.0,528.154,478
2025-06-05 13:59:00-04:00,528.23,528.31,528.14,528.16,42085.0,528.205,190
2025-06-05 14:00:00-04:00,528.19,528.42,528.04,528.42,63541.0,528.228,417
2025-06-05 14:01:00-04:00,528.42,528.42,527.99,528.03,55786.0,528.174,335
2025-06-05 14:02:00-04:00,528.03,528.05,527.72,527.82,74961.0,527.904,440
2025-06-05 14:03:00-04:00,527.81,527.86,527.41,527.55,58275.0,527.615,365
2025-06-05 14:04:00-04:00,527.54,527.72,527.43,527.58,64027.0,527.58,422
2025-06-05 14:05:00-04:00,527.59,527.63,527.31,527.45,125735.0,527.397,752
2025-06-05 14:06:00-04:00,527.47,527.59,527.2,527.31,64375.0,527.33,407
2025-06-05 14:07:00-04:00,527.28,527.33,527.13,527.21,120201.0,527.194,505
2025-06-05 14:08:00-04:00,527.21,527.54,527.11,527.46,88830.0,527.343,546
2025-06-05 14:09:00-04:00,527.46,527.5,527.21,527.46,74141.0,527.358,443
2025-06-05 14:10:00-04:00,527.48,527.5,526.94,527.05,101890.0,527.206,586
2025-06-05 14:11:00-04:00,527.04,527.37,526.94,527.29,68194.0,527.09,379
2025-06-05 14:12:00-04:00,527.29,527.49,527.14,527.34,69281.0,527.344,415
2025-06-05 14:13:00-04:00,527.34,527.51,527.12,527.17,67994.0,527.297,450
2025-06-05 14:14:00-04:00,527.17,527.21,527.0,527.11,38447.0,527.083,279
2025-06-05 14:15:00-04:00,527.08,527.08,526.53,526.74,112951.0,526.777,774
2025-06-05 14:16:00-04:00,526.75,526.82,525.67,525.72,252836.0,526.152,1623
2025-06-05 14:17:00-04:00,525.69,526.13,525.12,526.05,273484.0,525.63,1858
2025-06-05 14:18:00-04:00,526.05,526.18,525.8,526.15,80587.0,526.008,511
2025-06-05 14:19:00-04:00,526.15,526.84,526.03,526.68,146052.0,526.485,996
2025-06-05 14:20:00-04:00,526.7,526.95,526.62,526.94,108901.0,526.78,710
2025-06-05 14:21:00-04:00,526.94,526.98,526.7,526.7,108703.0,526.787,518
2025-06-05 14:22:00-04:00,526.68,527.18,526.65,527.06,152396.0,527.001,741
2025-06-05 14:23:00-04:00,527.03,527.28,527.02,527.18,72097.0,527.188,417
2025-06-05 14:24:00-04:00,527.18,527.65,527.18,527.56,73084.0,527.448,451
2025-06-05 14:25:00-04:00,527.58,527.71,527.54,527.63,64464.0,527.638,406
2025-06-05 14:26:00-04:00,527.64,527.68,527.45,527.62,77244.0,527.577,495
2025-06-05 14:27:00-04:00,527.64,527.78,527.5,527.55,61014.0,527.661,356
2025-06-05 14:28:00-04:00,527.55,527.6,527.43,527.57,52631.0,527.517,301
2025-06-05 14:29:00-04:00,527.56,527.66,527.45,527.63,65168.0,527.569,416
2025-06-05 14:30:00-04:00,527.62,527.74,527.56,527.58,57599.0,527.643,344
2025-06-05 14:31:00-04:00,527.58,527.76,527.55,527.62,62971.0,527.672,439
2025-06-05 14:32:00-04:00,527.63,527.66,527.44,527.56,49747.0,527.533,292
2025-06-05 14:33:00-04:00,527.55,527.62,527.41,527.46,43560.0,527.521,257
2025-06-05 14:34:00-04:00,527.47,527.92,527.42,527.89,173015.0,527.729,1049
2025-06-05 14:35:00-04:00,527.89,528.01,527.8,527.98,102062.0,527.928,402
2025-06-05 14:36:00-04:00,527.97,528.35,527.97,528.29,77410.0,528.216,426
2025-06-05 14:37:00-04:00,528.28,528.4,527.31,527.69,359702.0,527.89,2216
2025-06-05 14:38:00-04:00,527.66,527.91,527.45,527.76,81058.0,527.635,483
2025-06-05 14:39:00-04:00,527.78,527.99,527.64,527.98,52578.0,527.863,356
2025-06-05 14:40:00-04:00,527.98,528.02,527.71,527.81,57845.0,527.887,381
2025-06-05 14:41:00-04:00,527.82,528.0,527.68,527.85,53032.0,527.815,307
2025-06-05 14:42:00-04:00,527.84,527.86,527.67,527.78,35796.0,527.754,219
2025-06-05 14:43:00-04:00,527.79,527.94,527.76,527.86,32770.0,527.832,255
2025-06-05 14:44:00-04:00,527.82,527.87,527.16,527.66,146801.0,527.458,1042
2025-06-05 14:45:00-04:00,527.63,528.2,527.59,527.76,64157.0,527.91,475
2025-06-05 14:46:00-04:00,527.78,527.91,527.71,527.87,27005.0,527.82,152
2025-06-05 14:47:00-04:00,527.87,527.88,527.68,527.76,77778.0,527.783,394
2025-06-05 14:48:00-04:00,527.76,527.84,527.64,527.69,46882.0,527.732,307
2025-06-05 14:49:00-04:00,527.72,527.73,527.48,527.6,63692.0,527.608,390
2025-06-05 14:50:00-04:00,527.59,527.78,527.53,527.58,55353.0,527.653,401
2025-06-05 14:51:00-04:00,527.57,527.82,527.52,527.69,71666.0,527.697,437
2025-06-05 14:52:00-04:00,527.67,527.8,527.63,527.68,29051.0,527.723,189
2025-06-05 14:53:00-04:00,527.67,527.69,527.43,527.46,42895.0,527.557,264
2025-06-05 14:54:00-04:00,527.44,527.57,527.36,527.49,56157.0,527.454,297
2025-06-05 14:55:00-04:00,527.47,527.77,527.41,527.72,59691.0,527.589,400
2025-06-05 14:56:00-04:00,527.77,527.95,527.52,527.52,58762.0,527.793,385
2025-06-05 14:57:00-04:00,527.52,527.54,527.17,527.29,62007.0,527.369,388
2025-06-05 14:58:00-04:00,527.3,527.33,527.04,527.12,63673.0,527.227,397
2025-06-05 14:59:00-04:00,527.11,527.3,526.98,527.12,97920.0,527.124,692
2025-06-05 15:00:00-04:00,527.12,527.33,527.07,527.13,91883.0,527.198,638
2025-06-05 15:01:00-04:00,527.12,527.33,527.06,527.24,68128.0,527.231,502
2025-06-05 15:02:00-04:00,527.25,527.39,527.08,527.09,52344.0,527.264,365
2025-06-05 15:03:00-04:00,527.11,527.22,526.7,526.73,81693.0,526.905,464
2025-06-05 15:04:00-04:00,526.74,526.9,526.61,526.79,100717.0,526.778,588
2025-06-05 15:05:00-04:00,526.78,527.05,526.73,526.8,98169.0,526.895,638
2025-06-05 15:06:00-04:00,526.81,526.93,526.67,526.69,69331.0,526.779,392
2025-06-05 15:07:00-04:00,526.67,526.72,526.47,526.67,70252.0,526.605,410
2025-06-05 15:08:00-04:00,526.68,526.96,526.6,526.78,75636.0,526.736,522
2025-06-05 15:09:00-04:00,526.83,526.87,526.72,526.75,68547.0,526.797,425
2025-06-05 15:10:00-04:00,526.75,527.1,526.73,526.82,110993.0,526.924,626
2025-06-05 15:11:00-04:00,526.81,526.81,526.32,526.49,134084.0,526.523,907
2025-06-05 15:12:00-04:00,526.44,526.58,526.31,526.36,108122.0,526.46,614
2025-06-05 15:13:00-04:00,526.34,526.48,525.63,525.72,115111.0,525.983,675
2025-06-05 15:14:00-04:00,525.69,525.86,525.29,525.41,193771.0,525.501,976
2025-06-05 15:15:00-04:00,525.43,525.83,524.95,525.05,182366.0,525.343,1045
2025-06-05 15:16:00-04:00,525.04,525.07,524.13,524.16,228002.0,524.511,1280
2025-06-05 15:17:00-04:00,524.15,524.15,523.33,523.82,340769.0,523.696,1906
2025-06-05 15:18:00-04:00,523.79,523.92,523.32,523.4,204268.0,523.566,975
2025-06-05 15:19:00-04:00,523.4,523.69,522.66,523.61,379772.0,523.244,1966
2025-06-05 15:20:00-04:00,523.54,523.99,523.04,523.76,323226.0,523.497,1733
2025-06-05 15:21:00-04:00,523.72,523.72,522.93,523.3,291670.0,523.308,1416
2025-06-05 15:22:00-04:00,523.27,523.44,522.85,523.29,166994.0,523.156,1030
2025-06-05 15:23:00-04:00,523.29,523.56,523.12,523.12,122567.0,523.332,881
2025-06-05 15:24:00-04:00,523.1,523.32,522.73,523.07,148043.0,522.995,997
2025-06-05 15:25:00-04:00,523.1,523.56,522.89,523.49,103971.0,523.183,753
2025-06-05 15:26:00-04:00,523.5,524.55,523.46,524.54,191653.0,524.141,1128
2025-06-05 15:27:00-04:00,524.54,524.77,524.33,524.64,140720.0,524.508,945
2025-06-05 15:28:00-04:00,524.64,524.68,524.02,524.12,134616.0,524.255,857
2025-06-05 15:29:00-04:00,524.09,524.49,524.09,524.43,98519.0,524.3,586
2025-06-05 15:30:00-04:00,524.43,525.39,524.37,524.99,227172.0,524.979,1275
2025-06-05 15:31:00-04:00,524.95,525.39,524.9,525.05,93784.0,525.164,695
2025-06-05 15:32:00-04:00,525.07,525.09,524.64,525.01,88599.0,524.899,649
2025-06-05 15:33:00-04:00,525.03,525.34,524.95,525.05,95651.0,525.117,638
2025-06-05 15:34:00-04:00,525.07,525.33,525.0,525.25,100508.0,525.134,726
2025-06-05 15:35:00-04:00,525.26,525.59,525.19,525.42,142747.0,525.366,1003
2025-06-05 15:36:00-04:00,525.43,526.05,525.43,525.95,244513.0,525.842,1449
2025-06-05 15:37:00-04:00,525.99,526.64,525.99,526.48,162077.0,526.442,886
2025-06-05 15:38:00-04:00,526.41,526.84,526.36,526.58,100694.0,526.558,697
2025-06-05 15:39:00-04:00,526.6,526.82,526.36,526.52,91601.0,526.576,627
2025-06-05 15:40:00-04:00,526.52,526.7,525.99,526.25,163201.0,526.268,1041
2025-06-05 15:41:00-04:00,526.26,526.43,526.11,526.29,52993.0,526.28,369
2025-06-05 15:42:00-04:00,526.31,526.41,525.53,525.84,138900.0,525.841,1026
2025-06-05 15:43:00-04:00,525.82,526.02,525.51,525.76,127583.0,525.749,820
2025-06-05 15:44:00-04:00,525.79,525.93,525.32,525.73,115019.0,525.624,721
2025-06-05 15:45:00-04:00,525.71,526.15,525.64,526.04,79987.0,525.91,548
2025-06-05 15:46:00-04:00,526.04,526.21,525.66,525.78,76489.0,525.952,572
2025-06-05 15:47:00-04:00,525.8,526.34,525.65,526.19,106473.0,526.073,830
2025-06-05 15:48:00-04:00,526.19,526.28,526.02,526.11,83014.0,526.156,616
2025-06-05 15:49:00-04:00,526.13,526.27,525.92,526.21,83759.0,526.162,517
2025-06-05 15:50:00-04:00,526.22,526.72,525.27,525.44,291748.0,525.832,1824
2025-06-05 15:51:00-04:00,525.46,525.67,525.18,525.36,173178.0,525.427,1350
2025-06-05 15:52:00-04:00,525.34,525.67,525.07,525.53,129171.0,525.3,983
2025-06-05 15:53:00-04:00,525.5,525.57,524.84,524.95,177733.0,525.115,1141
2025-06-05 15:54:00-04:00,524.96,524.99,524.61,524.67,187302.0,524.763,1295
2025-06-05 15:55:00-04:00,524.68,525.22,524.46,525.02,218164.0,524.846,1569
2025-06-05 15:56:00-04:00,525.02,525.16,524.38,524.56,139054.0,524.807,940
2025-06-05 15:57:00-04:00,524.55,524.68,524.34,524.4,183383.0,524.488,1237
2025-06-05 15:58:00-04:00,524.39,524.56,524.19,524.25,196599.0,524.331,1421
2025-06-05 15:59:00-04:00,524.25,524.88,524.13,524.7,1125566.0,524.523,5205
2025-06-06 09:30:00-04:00,530.0,530.29,529.8,529.83,520273.0,530.043,2695
2025-06-06 09:31:00-04:00,529.87,530.56,529.87,530.08,289881.0,530.271,2105
2025-06-06 09:32:00-04:00,530.08,530.13,529.52,529.85,286793.0,529.839,2107
2025-06-06 09:33:00-04:00,529.77,530.09,529.39,529.63,230106.0,529.818,1773
2025-06-06 09:34:00-04:00,529.65,529.77,529.3,529.56,200834.0,529.498,1379
2025-06-06 09:35:00-04:00,529.55,529.81,529.42,529.69,203853.0,529.649,1212
2025-06-06 09:36:00-04:00,529.7,530.08,529.39,529.66,202177.0,529.754,1272
2025-06-06 09:37:00-04:00,529.67,530.34,529.67,530.33,182447.0,530.009,1124
2025-06-06 09:38:00-04:00,530.34,530.74,530.18,530.64,237524.0,530.496,1340
2025-06-06 09:39:00-04:00,530.65,530.85,530.41,530.5,196956.0,530.631,1224
2025-06-06 09:40:00-04:00,530.44,530.92,530.4,530.6,170381.0,530.688,1200
2025-06-06 09:41:00-04:00,530.59,531.04,530.58,530.95,157107.0,530.855,1002
2025-06-06 09:42:00-04:00,530.98,531.2,530.78,531.05,221743.0,531.0,1452
2025-06-06 09:43:00-04:00,531.06,531.11,530.79,531.07,138968.0,530.982,880
2025-06-06 09:44:00-04:00,531.08,531.33,530.97,531.05,152136.0,531.169,1025
2025-06-06 09:45:00-04:00,531.06,531.44,531.06,531.21,194266.0,531.265,1109
2025-06-06 09:46:00-04:00,531.21,531.56,531.2,531.49,172953.0,531.443,1189
2025-06-06 09:47:00-04:00,531.49,531.6,531.14,531.22,170034.0,531.309,1063
2025-06-06 09:48:00-04:00,531.24,531.29,531.0,531.28,97762.0,531.149,611
2025-06-06 09:49:00-04:00,531.27,531.62,531.26,531.48,110707.0,531.476,754
2025-06-06 09:50:00-04:00,531.48,531.61,531.32,531.5,115544.0,531.475,770
2025-06-06 09:51:00-04:00,531.5,531.55,531.02,531.03,111616.0,531.227,776
2025-06-06 09:52:00-04:00,531.03,531.41,531.03,531.18,86800.0,531.226,659
2025-06-06 09:53:00-04:00,531.21,531.36,531.1,531.35,84787.0,531.217,544
2025-06-06 09:54:00-04:00,531.35,531.39,530.99,531.0,80898.0,531.157,567
2025-06-06 09:55:00-04:00,531.02,531.11,530.53,530.64,158618.0,530.776,987
2025-06-06 09:56:00-04:00,530.64,530.65,530.15,530.45,162644.0,530.322,1122
2025-06-06 09:57:00-04:00,530.45,530.81,530.4,530.61,103932.0,530.611,659
2025-06-06 09:58:00-04:00,530.61,530.65,530.32,530.53,59262.0,530.458,430
2025-06-06 09:59:00-04:00,530.56,531.04,530.39,531.02,180142.0,530.827,868
2025-06-06 10:00:00-04:00,531.07,531.33,530.66,530.97,119188.0,531.018,928
2025-06-06 10:01:00-04:00,530.97,531.16,530.83,530.99,83198.0,530.987,530
2025-06-06 10:02:00-04:00,531.0,531.02,530.49,530.66,97522.0,530.662,661
2025-06-06 10:03:00-04:00,530.63,530.67,530.36,530.61,96067.0,530.523,614
2025-06-06 10:04:00-04:00,530.57,530.8,530.44,530.53,43572.0,530.591,317
2025-06-06 10:05:00-04:00,530.54,530.96,530.53,530.78,110840.0,530.765,732
2025-06-06 10:06:00-04:00,530.79,531.05,530.72,530.92,132238.0,530.939,719
2025-06-06 10:07:00-04:00,530.94,531.03,530.83,530.88,64186.0,530.91,463
2025-06-06 10:08:00-04:00,530.89,531.14,530.79,530.96,82653.0,530.957,607
2025-06-06 10:09:00-04:00,530.95,531.11,530.84,531.05,48723.0,530.956,375
2025-06-06 10:10:00-04:00,531.05,531.17,530.74,530.77,76306.0,530.986,521
2025-06-06 10:11:00-04:00,530.76,530.79,530.31,530.52,134814.0,530.508,789
2025-06-06 10:12:00-04:00,530.5,530.79,530.39,530.64,73607.0,530.634,434
2025-06-06 10:13:00-04:00,530.69,530.82,530.58,530.63,64108.0,530.683,432
2025-06-06 10:14:00-04:00,530.65,531.0,530.53,530.96,59819.0,530.725,415
2025-06-06 10:15:00-04:00,530.99,531.13,530.88,530.91,67768.0,531.012,456
2025-06-06 10:16:00-04:00,530.93,530.99,530.67,530.75,50531.0,530.793,345
2025-06-06 10:17:00-04:00,530.78,531.11,530.78,530.96,66106.0,530.978,464
2025-06-06 10:18:00-04:00,530.95,530.95,530.75,530.85,40630.0,530.847,296
2025-06-06 10:19:00-04:00,530.83,530.94,530.47,530.56,84456.0,530.653,513
2025-06-06 10:20:00-04:00,530.51,530.81,530.5,530.69,32424.0,530.668,263
2025-06-06 10:21:00-04:00,530.7,530.77,530.52,530.65,44067.0,530.658,324
2025-06-06 10:22:00-04:00,530.66,530.89,530.45,530.5,55657.0,530.718,355
2025-06-06 10:23:00-04:00,530.54,530.6,530.21,530.44,63221.0,530.366,388
2025-06-06 10:24:00-04:00,530.44,530.81,530.37,530.8,78182.0,530.591,436
2025-06-06 10:25:00-04:00,530.79,530.88,530.37,530.52,88885.0,530.607,600
2025-06-06 10:26:00-04:00,530.54,530.54,530.18,530.46,41864.0,530.362,302
2025-06-06 10:27:00-04:00,530.47,530.59,530.3,530.41,84472.0,530.446,557
2025-06-06 10:28:00-04:00,530.43,530.45,529.85,529.86,131931.0,530.148,794
2025-06-06 10:29:00-04:00,529.84,529.88,529.29,529.71,235997.0,529.607,1728
2025-06-06 10:30:00-04:00,529.71,529.85,529.54,529.72,107926.0,529.667,688
2025-06-06 10:31:00-04:00,529.71,529.8,529.56,529.61,58825.0,529.667,359
2025-06-06 10:32:00-04:00,529.61,529.76,529.22,529.76,127748.0,529.447,897
2025-06-06 10:33:00-04:00,529.74,530.05,529.72,530.01,87545.0,529.92,526
2025-06-06 10:34:00-04:00,530.02,530.05,529.82,529.98,82208.0,529.967,508
2025-06-06 10:35:00-04:00,529.93,530.3,529.91,530.27,65769.0,530.109,483
2025-06-06 10:36:00-04:00,530.29,530.52,530.25,530.51,133617.0,530.431,878
2025-06-06 10:37:00-04:00,530.51,530.57,530.28,530.51,79324.0,530.458,378
2025-06-06 10:38:00-04:00,530.54,530.57,530.26,530.29,52876.0,530.41,304
2025-06-06 10:39:00-04:00,530.3,530.55,530.26,530.52,39554.0,530.448,274
2025-06-06 10:40:00-04:00,530.51,530.85,530.44,530.85,92076.0,530.649,562
2025-06-06 10:41:00-04:00,530.85,530.88,530.58,530.72,98041.0,530.766,563
2025-06-06 10:42:00-04:00,530.7,530.8,530.65,530.78,51940.0,530.728,267
2025-06-06 10:43:00-04:00,530.76,530.96,530.69,530.77,69548.0,530.864,416
2025-06-06 10:44:00-04:00,530.81,530.9,530.69,530.76,49798.0,530.778,287
2025-06-06 10:45:00-04:00,530.77,530.77,530.44,530.58,73906.0,530.624,415
2025-06-06 10:46:00-04:00,530.58,530.8,530.58,530.77,43299.0,530.718,301
2025-06-06 10:47:00-04:00,530.78,530.97,530.69,530.95,40371.0,530.839,284
2025-06-06 10:48:00-04:00,530.9,530.96,530.79,530.82,30083.0,530.871,225
2025-06-06 10:49:00-04:00,530.81,530.96,530.77,530.94,54853.0,530.884,309
2025-06-06 10:50:00-04:00,530.94,531.1,530.92,531.07,96459.0,531.004,401
2025-06-06 10:51:00-04:00,531.08,531.08,530.88,530.97,74793.0,530.974,475
2025-06-06 10:52:00-04:00,530.96,531.0,530.77,530.89,79797.0,530.876,627
2025-06-06 10:53:00-04:00,530.9,531.02,530.76,530.82,37863.0,530.901,272
2025-06-06 10:54:00-04:00,530.81,530.93,530.76,530.78,23631.0,530.863,171
2025-06-06 10:55:00-04:00,530.79,530.88,530.76,530.78,27753.0,530.807,209
2025-06-06 10:56:00-04:00,530.81,530.86,530.58,530.6,30348.0,530.755,228
2025-06-06 10:57:00-04:00,530.59,530.71,530.4,530.63,55553.0,530.561,445
2025-06-06 10:58:00-04:00,530.63,530.95,530.62,530.89,33796.0,530.798,232
2025-06-06 10:59:00-04:00,530.9,530.9,530.55,530.57,47464.0,530.699,370
2025-06-06 11:00:00-04:00,530.56,530.93,530.5,530.9,67219.0,530.67,516
2025-06-06 11:01:00-04:00,530.9,530.9,530.63,530.81,50202.0,530.795,394
2025-06-06 11:02:00-04:00,530.79,530.9,530.68,530.84,32710.0,530.783,261
2025-06-06 11:03:00-04:00,530.84,530.84,530.65,530.75,19719.0,530.747,155
2025-06-06 11:04:00-04:00,530.77,530.96,530.77,530.95,35602.0,530.898,262
2025-06-06 11:05:00-04:00,530.95,531.18,530.88,531.11,52692.0,531.04,323
2025-06-06 11:06:00-04:00,531.12,531.71,530.82,531.25,389836.0,531.284,2662
2025-06-06 11:07:00-04:00,531.28,531.56,531.26,531.5,104508.0,531.447,612
2025-06-06 11:08:00-04:00,531.53,531.6,531.32,531.45,77261.0,531.47,486
2025-06-06 11:09:00-04:00,531.45,531.45,531.16,531.28,62571.0,531.279,466
2025-06-06 11:10:00-04:00,531.26,531.33,531.02,531.19,64582.0,531.145,460
2025-06-06 11:11:00-04:00,531.18,531.21,530.74,530.89,84181.0,530.948,655
2025-06-06 11:12:00-04:00,530.89,531.01,530.79,530.93,49317.0,530.867,363
2025-06-06 11:13:00-04:00,530.92,531.04,530.9,531.02,25098.0,530.979,194
2025-06-06 11:14:00-04:00,531.01,531.2,531.0,531.1,35976.0,531.112,267
2025-06-06 11:15:00-04:00,531.11,531.13,530.81,530.92,35318.0,530.936,263
2025-06-06 11:16:00-04:00,530.9,530.95,530.6,530.62,50003.0,530.755,396
2025-06-06 11:17:00-04:00,530.62,530.76,530.2,530.31,136340.0,530.419,867
2025-06-06 11:18:00-04:00,530.25,530.33,529.49,529.58,140553.0,529.892,1033
2025-06-06 11:19:00-04:00,529.59,529.62,529.02,529.39,217230.0,529.32,1296
2025-06-06 11:20:00-04:00,529.35,529.35,528.57,529.06,273724.0,528.931,1584
2025-06-06 11:21:00-04:00,529.03,529.18,528.7,529.17,117481.0,528.878,739
2025-06-06 11:22:00-04:00,529.16,529.74,529.0,529.71,230984.0,529.415,1447
2025-06-06 11:23:00-04:00,529.71,529.83,529.38,529.51,121617.0,529.636,922
2025-06-06 11:24:00-04:00,529.45,529.86,529.44,529.73,76795.0,529.649,497
2025-06-06 11:25:00-04:00,529.76,530.06,529.71,529.82,69249.0,529.921,474
2025-06-06 11:26:00-04:00,529.83,529.88,529.55,529.75,54552.0,529.712,385
2025-06-06 11:27:00-04:00,529.65,529.76,529.51,529.7,54479.0,529.624,360
2025-06-06 11:28:00-04:00,529.69,529.84,529.55,529.82,36697.0,529.676,275
2025-06-06 11:29:00-04:00,529.8,529.91,529.79,529.85,42179.0,529.857,277
2025-06-06 11:30:00-04:00,529.84,529.94,529.73,529.85,43261.0,529.845,342
2025-06-06 11:31:00-04:00,529.85,530.17,529.82,530.12,59373.0,530.021,411
2025-06-06 11:32:00-04:00,530.12,530.2,529.98,530.02,31164.0,530.083,214
2025-06-06 11:33:00-04:00,530.02,530.03,529.7,529.75,62468.0,529.826,472
2025-06-06 11:34:00-04:00,529.74,529.89,529.45,529.76,87859.0,529.659,722
2025-06-06 11:35:00-04:00,529.76,529.81,529.52,529.67,39933.0,529.679,275
2025-06-06 11:36:00-04:00,529.68,529.72,529.39,529.44,58189.0,529.544,419
2025-06-06 11:37:00-04:00,529.45,529.67,529.41,529.52,46399.0,529.537,372
2025-06-06 11:38:00-04:00,529.49,529.76,529.48,529.74,65956.0,529.653,383
2025-06-06 11:39:00-04:00,529.74,529.94,529.68,529.91,38516.0,529.841,233
2025-06-06 11:40:00-04:00,529.9,530.08,529.79,529.9,42030.0,529.912,336
2025-06-06 11:41:00-04:00,529.89,530.12,529.85,530.07,31957.0,530.036,248
2025-06-06 11:42:00-04:00,530.04,530.08,529.8,530.05,54568.0,529.94,374
2025-06-06 11:43:00-04:00,530.02,530.13,529.88,529.96,37319.0,530.02,290
2025-06-06 11:44:00-04:00,529.94,530.2,529.93,530.09,45405.0,530.111,326
2025-06-06 11:45:00-04:00,530.09,530.17,530.04,530.09,62486.0,530.103,331
2025-06-06 11:46:00-04:00,530.08,530.21,530.04,530.17,28191.0,530.171,164
2025-06-06 11:47:00-04:00,530.15,530.28,530.06,530.25,42417.0,530.157,251
2025-06-06 11:48:00-04:00,530.26,530.45,530.21,530.43,126019.0,530.306,563
2025-06-06 11:49:00-04:00,530.45,530.49,530.32,530.45,58959.0,530.434,359
2025-06-06 11:50:00-04:00,530.46,530.71,530.41,530.65,56666.0,530.605,392
2025-06-06 11:51:00-04:00,530.67,530.77,530.56,530.57,49766.0,530.689,325
2025-06-06 11:52:00-04:00,530.58,530.72,530.52,530.71,59210.0,530.624,361
2025-06-06 11:53:00-04:00,530.71,530.78,530.65,530.69,36991.0,530.698,204
2025-06-06 11:54:00-04:00,530.71,530.71,530.51,530.61,67694.0,530.6,339
2025-06-06 11:55:00-04:00,530.57,530.72,530.57,530.62,33941.0,530.663,253
2025-06-06 11:56:00-04:00,530.65,530.66,530.32,530.38,41560.0,530.446,259
2025-06-06 11:57:00-04:00,530.38,530.38,529.91,529.92,94109.0,530.098,605
2025-06-06 11:58:00-04:00,529.92,530.29,529.9,530.24,43995.0,530.129,220
2025-06-06 11:59:00-04:00,530.26,530.4,530.24,530.25,29657.0,530.322,172
2025-06-06 12:00:00-04:00,530.27,530.46,530.25,530.37,38765.0,530.37,264
2025-06-06 12:01:00-04:00,530.39,530.42,530.15,530.21,35826.0,530.283,297
2025-06-06 12:02:00-04:00,530.19,530.33,530.18,530.25,28416.0,530.264,209
2025-06-06 12:03:00-04:00,530.26,530.36,530.22,530.27,16193.0,530.281,132
2025-06-06 12:04:00-04:00,530.29,530.38,530.2,530.31,18579.0,530.305,151
2025-06-06 12:05:00-04:00,530.29,530.42,530.25,530.38,27772.0,530.368,198
2025-06-06 12:06:00-04:00,530.36,530.4,530.19,530.32,20658.0,530.271,158
2025-06-06 12:07:00-04:00,530.32,530.37,530.2,530.25,39611.0,530.279,251
2025-06-06 12:08:00-04:00,530.25,530.47,530.24,530.34,24753.0,530.344,189
2025-06-06 12:09:00-04:00,530.32,530.45,530.3,530.43,14040.0,530.404,115
2025-06-06 12:10:00-04:00,530.4,530.73,530.33,530.73,48400.0,530.563,309
2025-06-06 12:11:00-04:00,530.72,530.92,530.69,530.69,105964.0,530.822,625
2025-06-06 12:12:00-04:00,530.7,530.8,530.64,530.74,23986.0,530.721,188
2025-06-06 12:13:00-04:00,530.74,530.81,530.67,530.71,14991.0,530.748,123
2025-06-06 12:14:00-04:00,530.68,530.77,530.6,530.69,22053.0,530.675,180
2025-06-06 12:15:00-04:00,530.69,530.7,530.27,530.29,51225.0,530.457,375
2025-06-06 12:16:00-04:00,530.31,530.51,530.31,530.42,27074.0,530.378,171
2025-06-06 12:17:00-04:00,530.39,530.53,530.32,530.41,20343.0,530.455,138
2025-06-06 12:18:00-04:00,530.41,530.41,530.21,530.29,70521.0,530.296,478
2025-06-06 12:19:00-04:00,530.28,530.39,530.21,530.31,34137.0,530.314,217
2025-06-06 12:20:00-04:00,530.34,530.44,530.12,530.24,46602.0,530.23,307
2025-06-06 12:21:00-04:00,530.24,530.24,529.93,530.01,46610.0,530.077,292
2025-06-06 12:22:00-04:00,530.0,530.08,529.82,530.0,59819.0,529.991,352
2025-06-06 12:23:00-04:00,530.03,530.15,529.95,530.11,18623.0,530.056,124
2025-06-06 12:24:00-04:00,530.11,530.11,529.79,529.91,39484.0,529.868,263
2025-06-06 12:25:00-04:00,529.9,529.98,529.64,529.93,56119.0,529.766,364
2025-06-06 12:26:00-04:00,529.91,530.0,529.88,529.95,22461.0,529.941,123
2025-06-06 12:27:00-04:00,529.95,530.02,529.79,529.83,29594.0,529.904,192
2025-06-06 12:28:00-04:00,529.81,529.9,529.67,529.85,48088.0,529.78,335
2025-06-06 12:29:00-04:00,529.86,529.96,529.73,529.86,27884.0,529.851,184
2025-06-06 12:30:00-04:00,529.84,530.07,529.72,529.87,54735.0,529.903,374
2025-06-06 12:31:00-04:00,529.93,529.99,529.82,529.87,34916.0,529.918,266
2025-06-06 12:32:00-04:00,529.91,529.97,529.78,529.96,21967.0,529.878,189
2025-06-06 12:33:00-04:00,529.94,530.02,529.87,529.9,23263.0,529.937,158
2025-06-06 12:34:00-04:00,529.91,529.95,529.82,529.89,76882.0,529.893,537
2025-06-06 12:35:00-04:00,529.9,529.93,529.67,529.84,77284.0,529.78,493
2025-06-06 12:36:00-04:00,529.86,529.9,529.68,529.72,38926.0,529.775,233
2025-06-06 12:37:00-04:00,529.71,529.71,529.5,529.6,64227.0,529.576,401
2025-06-06 12:38:00-04:00,529.61,529.87,529.58,529.81,42447.0,529.756,262
2025-06-06 12:39:00-04:00,529.81,529.84,529.51,529.6,41816.0,529.593,282
2025-06-06 12:40:00-04:00,529.58,529.71,529.37,529.69,61302.0,529.494,431
2025-06-06 12:41:00-04:00,529.68,529.93,529.67,529.76,27794.0,529.83,234
2025-06-06 12:42:00-04:00,529.8,529.8,529.49,529.51,28820.0,529.607,215
2025-06-06 12:43:00-04:00,529.5,529.55,529.07,529.1,88006.0,529.279,642
2025-06-06 12:44:00-04:00,529.08,529.21,528.86,529.15,103775.0,529.007,667
2025-06-06 12:45:00-04:00,529.14,529.14,528.93,529.06,53408.0,529.029,367
2025-06-06 12:46:00-04:00,529.07,529.25,529.03,529.24,37157.0,529.17,246
2025-06-06 12:47:00-04:00,529.21,529.31,529.15,529.24,31204.0,529.216,189
2025-06-06 12:48:00-04:00,529.25,529.49,529.23,529.42,37590.0,529.382,232
2025-06-06 12:49:00-04:00,529.43,529.54,529.41,529.45,38601.0,529.485,236
2025-06-06 12:50:00-04:00,529.44,529.5,529.16,529.18,34035.0,529.334,247
2025-06-06 12:51:00-04:00,529.19,529.43,529.19,529.34,25836.0,529.31,185
2025-06-06 12:52:00-04:00,529.31,529.34,528.98,529.05,32955.0,529.134,280
2025-06-06 12:53:00-04:00,529.06,529.06,528.82,528.91,90726.0,528.94,542
2025-06-06 12:54:00-04:00,528.91,528.96,528.73,528.92,40294.0,528.834,271
2025-06-06 12:55:00-04:00,528.91,528.94,528.3,528.39,112109.0,528.538,823
2025-06-06 12:56:00-04:00,528.31,528.67,528.21,528.63,75208.0,528.449,570
2025-06-06 12:57:00-04:00,528.59,528.86,528.53,528.82,54771.0,528.703,364
2025-06-06 12:58:00-04:00,528.82,529.0,528.66,528.97,42650.0,528.786,291
2025-06-06 12:59:00-04:00,528.98,529.05,528.88,529.02,37734.0,528.968,284
2025-06-06 13:00:00-04:00,529.01,529.24,528.97,529.23,115609.0,529.108,576
2025-06-06 13:01:00-04:00,529.24,529.25,529.06,529.12,61385.0,529.152,419
2025-06-06 13:02:00-04:00,529.11,529.23,528.89,528.99,90230.0,529.054,535
2025-06-06 13:03:00-04:00,529.02,529.26,529.0,529.21,36187.0,529.163,213
2025-06-06 13:04:00-04:00,529.21,529.23,528.93,529.0,66392.0,529.111,399
2025-06-06 13:05:00-04:00,528.97,529.1,528.9,529.1,25404.0,529.006,189
2025-06-06 13:06:00-04:00,529.1,529.1,528.71,528.8,57307.0,528.93,309
2025-06-06 13:07:00-04:00,528.79,528.85,528.58,528.65,36665.0,528.727,252
2025-06-06 13:08:00-04:00,528.68,528.9,528.58,528.87,53251.0,528.735,295
2025-06-06 13:09:00-04:00,528.89,528.93,528.8,528.88,19524.0,528.864,154
2025-06-06 13:10:00-04:00,528.9,529.0,528.72,528.73,50373.0,528.887,365
2025-06-06 13:11:00-04:00,528.72,528.85,528.61,528.78,77121.0,528.74,492
2025-06-06 13:12:00-04:00,528.74,529.02,528.7,528.99,52318.0,528.88,217
2025-06-06 13:13:00-04:00,529.01,529.16,528.98,529.1,38022.0,529.069,277
2025-06-06 13:14:00-04:00,529.09,529.27,529.09,529.21,38450.0,529.214,266
2025-06-06 13:15:00-04:00,529.2,529.27,529.06,529.14,52937.0,529.176,311
2025-06-06 13:16:00-04:00,529.15,529.34,529.15,529.23,27480.0,529.268,191
2025-06-06 13:17:00-04:00,529.22,529.27,529.1,529.23,23698.0,529.204,146
2025-06-06 13:18:00-04:00,529.21,529.59,529.16,529.55,38453.0,529.418,276
2025-06-06 13:19:00-04:00,529.54,529.78,529.54,529.77,62633.0,529.685,373
2025-06-06 13:20:00-04:00,529.78,530.02,529.74,529.97,55532.0,529.9,349
2025-06-06 13:21:00-04:00,529.96,530.04,529.85,530.0,90932.0,529.965,418
2025-06-06 13:22:00-04:00,529.99,530.03,529.88,530.01,38390.0,529.958,192
2025-06-06 13:23:00-04:00,529.99,530.14,529.91,530.12,50583.0,530.04,299
2025-06-06 13:24:00-04:00,530.14,530.16,529.98,530.02,62181.0,530.058,317
2025-06-06 13:25:00-04:00,530.03,530.05,529.8,529.93,57824.0,529.916,351
2025-06-06 13:26:00-04:00,529.92,529.92,529.7,529.82,36661.0,529.793,222
2025-06-06 13:27:00-04:00,529.82,529.94,529.78,529.86,29251.0,529.867,214
2025-06-06 13:28:00-04:00,529.84,529.93,529.79,529.9,26195.0,529.856,218
2025-06-06 13:29:00-04:00,529.92,529.94,529.78,529.81,28111.0,529.883,206
2025-06-06 13:30:00-04:00,529.82,530.08,529.82,530.08,44577.0,529.963,288
2025-06-06 13:31:00-04:00,530.09,530.24,530.06,530.18,44879.0,530.171,255
2025-06-06 13:32:00-04:00,530.18,530.18,530.0,530.08,40451.0,530.09,274
2025-06-06 13:33:00-04:00,530.07,530.15,530.0,530.08,42150.0,530.089,258
2025-06-06 13:34:00-04:00,530.11,530.2,530.1,530.13,39100.0,530.15,232
2025-06-06 13:35:00-04:00,530.14,530.17,529.98,530.06,24429.0,530.08,187
2025-06-06 13:36:00-04:00,530.05,530.16,530.0,530.11,24962.0,530.103,159
2025-06-06 13:37:00-04:00,530.13,530.2,530.03,530.12,41036.0,530.135,233
2025-06-06 13:38:00-04:00,530.13,530.27,530.08,530.21,37714.0,530.162,237
2025-06-06 13:39:00-04:00,530.21,530.33,530.18,530.27,39118.0,530.268,253
2025-06-06 13:40:00-04:00,530.28,530.42,530.2,530.4,43692.0,530.317,279
2025-06-06 13:41:00-04:00,530.39,530.45,530.23,530.25,47235.0,530.352,280
2025-06-06 13:42:00-04:00,530.26,530.37,530.21,530.25,17893.0,530.278,132
2025-06-06 13:43:00-04:00,530.25,530.39,530.11,530.36,27145.0,530.24,138
2025-06-06 13:44:00-04:00,530.36,530.44,530.33,530.42,22442.0,530.387,99
2025-06-06 13:45:00-04:00,530.43,530.54,530.42,530.52,51825.0,530.49,256
2025-06-06 13:46:00-04:00,530.53,530.56,530.45,530.46,29295.0,530.513,160
2025-06-06 13:47:00-04:00,530.45,530.47,530.37,530.39,25681.0,530.419,197
2025-06-06 13:48:00-04:00,530.4,530.54,530.4,530.5,19515.0,530.493,124
2025-06-06 13:49:00-04:00,530.5,530.5,530.38,530.46,30212.0,530.432,181
2025-06-06 13:50:00-04:00,530.47,530.57,530.47,530.54,40380.0,530.524,269
2025-06-06 13:51:00-04:00,530.54,530.59,530.41,530.47,42485.0,530.503,285
2025-06-06 13:52:00-04:00,530.46,530.57,530.45,530.47,30821.0,530.521,217
2025-06-06 13:53:00-04:00,530.45,530.47,530.36,530.44,31843.0,530.412,197
2025-06-06 13:54:00-04:00,530.46,530.54,530.45,530.47,36219.0,530.505,188
2025-06-06 13:55:00-04:00,530.48,530.63,530.47,530.62,52016.0,530.559,322
2025-06-06 13:56:00-04:00,530.62,530.64,530.53,530.56,31542.0,530.584,183
2025-06-06 13:57:00-04:00,530.57,530.73,530.57,530.66,45077.0,530.665,278
2025-06-06 13:58:00-04:00,530.69,530.7,530.63,530.65,21202.0,530.674,148
2025-06-06 13:59:00-04:00,530.67,530.67,530.59,530.62,30930.0,530.629,174
2025-06-06 14:00:00-04:00,530.61,531.1,530.61,531.06,133284.0,530.898,778
2025-06-06 14:01:00-04:00,531.07,531.12,530.94,531.07,71274.0,531.027,484
2025-06-06 14:02:00-04:00,531.08,531.22,531.06,531.21,113510.0,531.176,587
2025-06-06 14:03:00-04:00,531.22,531.31,531.1,531.17,78031.0,531.232,445
2025-06-06 14:04:00-04:00,531.18,531.23,531.07,531.2,52069.0,531.157,367
2025-06-06 14:05:00-04:00,531.2,531.33,531.2,531.21,110652.0,531.281,619
2025-06-06 14:06:00-04:00,531.23,531.27,531.07,531.19,47804.0,531.166,349
2025-06-06 14:07:00-04:00,531.19,531.23,531.07,531.1,50265.0,531.135,306
2025-06-06 14:08:00-04:00,531.12,531.37,531.1,531.37,62116.0,531.258,377
2025-06-06 14:09:00-04:00,531.38,531.39,531.27,531.35,57316.0,531.33,330
2025-06-06 14:10:00-04:00,531.34,531.35,531.14,531.17,43233.0,531.221,307
2025-06-06 14:11:00-04:00,531.17,531.36,531.16,531.27,37927.0,531.276,296
2025-06-06 14:12:00-04:00,531.27,531.29,531.18,531.26,21350.0,531.247,167
2025-06-06 14:13:00-04:00,531.25,531.35,531.21,531.34,22310.0,531.251,159
2025-06-06 14:14:00-04:00,531.34,531.36,531.26,531.29,27833.0,531.314,208
2025-06-06 14:15:00-04:00,531.29,531.51,531.27,531.5,69501.0,531.417,456
2025-06-06 14:16:00-04:00,531.5,531.51,531.4,531.47,32345.0,531.465,239
2025-06-06 14:17:00-04:00,531.48,531.49,531.4,531.44,38749.0,531.437,228
2025-06-06 14:18:00-04:00,531.45,531.49,531.39,531.42,29822.0,531.435,185
2025-06-06 14:19:00-04:00,531.43,531.59,531.4,531.54,94592.0,531.507,586
2025-06-06 14:20:00-04:00,531.54,531.64,531.48,531.56,69107.0,531.569,472
2025-06-06 14:21:00-04:00,531.57,531.58,531.29,531.32,72910.0,531.444,414
2025-06-06 14:22:00-04:00,531.31,531.53,531.2,531.49,64851.0,531.34,348
2025-06-06 14:23:00-04:00,531.47,531.55,531.41,531.54,36000.0,531.5,256
2025-06-06 14:24:00-04:00,531.54,531.55,531.36,531.37,37831.0,531.469,197
2025-06-06 14:25:00-04:00,531.37,531.38,531.21,531.25,66597.0,531.314,431
2025-06-06 14:26:00-04:00,531.25,531.26,531.01,531.06,48660.0,531.126,320
2025-06-06 14:27:00-04:00,531.06,531.31,531.02,531.17,83879.0,531.185,590
2025-06-06 14:28:00-04:00,531.15,531.31,531.15,531.16,38381.0,531.237,287
2025-06-06 14:29:00-04:00,531.16,531.22,531.05,531.15,45247.0,531.123,312
2025-06-06 14:30:00-04:00,531.14,531.66,531.13,531.3,216178.0,531.39,1833
2025-06-06 14:31:00-04:00,531.32,531.48,531.27,531.36,57040.0,531.38,421
2025-06-06 14:32:00-04:00,531.36,531.48,531.31,531.48,52608.0,531.398,352
2025-06-06 14:33:00-04:00,531.48,531.8,531.45,531.7,121700.0,531.606,780
2025-06-06 14:34:00-04:00,531.72,531.79,531.52,531.59,63837.0,531.616,477
2025-06-06 14:35:00-04:00,531.58,531.68,531.48,531.67,64194.0,531.599,457
2025-06-06 14:36:00-04:00,531.65,531.65,531.37,531.52,82943.0,531.502,613
2025-06-06 14:37:00-04:00,531.52,531.54,531.36,531.42,49356.0,531.413,319
2025-06-06 14:38:00-04:00,531.41,531.48,531.31,531.47,33522.0,531.394,239
2025-06-06 14:39:00-04:00,531.46,531.46,531.21,531.26,39943.0,531.312,306
2025-06-06 14:40:00-04:00,531.29,531.38,531.23,531.36,25275.0,531.304,193
2025-06-06 14:41:00-04:00,531.35,531.36,531.15,531.15,26989.0,531.288,209
2025-06-06 14:42:00-04:00,531.15,531.16,530.93,531.14,57591.0,531.053,395
2025-06-06 14:43:00-04:00,531.13,531.24,531.07,531.14,41060.0,531.178,272
2025-06-06 14:44:00-04:00,531.14,531.52,531.0,531.08,78822.0,531.165,584
2025-06-06 14:45:00-04:00,531.08,531.11,530.85,530.91,36585.0,530.96,236
2025-06-06 14:46:00-04:00,530.9,531.14,530.84,531.12,49976.0,530.998,343
2025-06-06 14:47:00-04:00,531.12,531.13,530.99,531.04,17527.0,531.056,91
2025-06-06 14:48:00-04:00,531.02,531.06,530.89,530.92,33248.0,530.957,213
2025-06-06 14:49:00-04:00,530.92,531.02,530.87,531.0,31354.0,530.936,177
2025-06-06 14:50:00-04:00,530.99,531.0,530.88,530.93,25654.0,530.946,177
2025-06-06 14:51:00-04:00,530.9,530.95,530.75,530.85,56142.0,530.832,326
2025-06-06 14:52:00-04:00,530.83,531.18,530.82,531.13,55370.0,531.05,371
2025-06-06 14:53:00-04:00,531.13,531.17,531.05,531.15,20740.0,531.118,134
2025-06-06 14:54:00-04:00,531.15,531.21,531.12,531.19,19311.0,531.16,102
2025-06-06 14:55:00-04:00,531.19,531.25,531.15,531.19,19609.0,531.199,135
2025-06-06 14:56:00-04:00,531.19,531.32,531.17,531.26,38114.0,531.265,276
2025-06-06 14:57:00-04:00,531.26,531.26,531.1,531.2,53677.0,531.177,325
2025-06-06 14:58:00-04:00,531.18,531.21,531.03,531.09,35574.0,531.103,279
2025-06-06 14:59:00-04:00,531.09,531.09,530.94,530.94,32280.0,530.996,227
2025-06-06 15:00:00-04:00,530.93,531.19,530.87,531.19,95777.0,530.97,630
2025-06-06 15:01:00-04:00,531.19,531.23,530.91,531.07,98056.0,531.052,620
2025-06-06 15:02:00-04:00,531.07,531.1,530.95,531.04,52713.0,531.001,314
2025-06-06 15:03:00-04:00,531.04,531.08,530.85,530.85,44849.0,530.96,283
2025-06-06 15:04:00-04:00,530.86,531.02,530.84,530.97,49405.0,530.923,263
2025-06-06 15:05:00-04:00,530.98,531.13,530.95,531.13,45879.0,531.054,306
2025-06-06 15:06:00-04:00,531.13,531.2,530.99,531.03,35426.0,531.06,247
2025-06-06 15:07:00-04:00,531.04,531.09,530.98,530.98,34959.0,531.039,177
2025-06-06 15:08:00-04:00,530.99,531.08,530.99,531.04,43291.0,531.027,321
2025-06-06 15:09:00-04:00,531.03,531.04,530.79,530.81,41421.0,530.902,336
2025-06-06 15:10:00-04:00,530.81,530.82,530.68,530.82,56201.0,530.743,375
2025-06-06 15:11:00-04:00,530.82,530.92,530.64,530.7,41077.0,530.754,315
2025-06-06 15:12:00-04:00,530.7,530.81,530.7,530.74,40024.0,530.752,245
2025-06-06 15:13:00-04:00,530.75,530.98,530.74,530.97,41012.0,530.853,260
2025-06-06 15:14:00-04:00,530.97,531.0,530.73,530.77,31369.0,530.875,241
2025-06-06 15:15:00-04:00,530.75,530.76,530.61,530.73,43285.0,530.691,333
2025-06-06 15:16:00-04:00,530.74,530.79,530.6,530.61,31180.0,530.694,222
2025-06-06 15:17:00-04:00,530.61,530.64,530.54,530.62,30868.0,530.593,215
2025-06-06 15:18:00-04:00,530.62,530.62,530.46,530.55,30271.0,530.535,198
2025-06-06 15:19:00-04:00,530.55,530.61,530.5,530.5,35694.0,530.544,238
2025-06-06 15:20:00-04:00,530.49,530.49,530.18,530.27,85454.0,530.299,563
2025-06-06 15:21:00-04:00,530.29,530.34,530.1,530.24,101856.0,530.238,625
2025-06-06 15:22:00-04:00,530.24,530.25,530.06,530.18,61821.0,530.162,400
2025-06-06 15:23:00-04:00,530.18,530.35,530.18,530.25,45384.0,530.277,329
2025-06-06 15:24:00-04:00,530.25,530.33,530.21,530.23,46387.0,530.264,344
2025-06-06 15:25:00-04:00,530.22,530.55,530.19,530.52,78340.0,530.387,598
2025-06-06 15:26:00-04:00,530.55,530.69,530.45,530.45,51056.0,530.571,383
2025-06-06 15:27:00-04:00,530.44,530.5,530.32,530.38,39653.0,530.394,289
2025-06-06 15:28:00-04:00,530.4,530.4,530.23,530.25,34309.0,530.323,262
2025-06-06 15:29:00-04:00,530.26,530.35,530.25,530.3,34945.0,530.303,237
2025-06-06 15:30:00-04:00,530.29,530.45,530.17,530.36,55085.0,530.318,399
2025-06-06 15:31:00-04:00,530.36,530.45,530.27,530.38,95202.0,530.349,626
2025-06-06 15:32:00-04:00,530.38,530.38,530.18,530.25,61588.0,530.278,381
2025-06-06 15:33:00-04:00,530.27,530.28,530.05,530.2,59680.0,530.207,364
2025-06-06 15:34:00-04:00,530.19,530.24,530.09,530.18,36049.0,530.184,226
2025-06-06 15:35:00-04:00,530.18,530.46,530.12,530.38,63340.0,530.315,431
2025-06-06 15:36:00-04:00,530.38,530.4,530.18,530.29,36195.0,530.256,301
2025-06-06 15:37:00-04:00,530.29,530.43,530.26,530.33,50031.0,530.363,321
2025-06-06 15:38:00-04:00,530.34,530.34,530.08,530.12,45516.0,530.192,325
2025-06-06 15:39:00-04:00,530.12,530.21,530.06,530.13,38941.0,530.122,300
2025-06-06 15:40:00-04:00,530.11,530.28,530.1,530.22,44676.0,530.207,322
2025-06-06 15:41:00-04:00,530.23,530.23,530.11,530.15,40888.0,530.17,330
2025-06-06 15:42:00-04:00,530.16,530.18,529.89,529.96,58909.0,530.024,453
2025-06-06 15:43:00-04:00,529.96,530.15,529.96,530.13,54826.0,530.029,399
2025-06-06 15:44:00-04:00,530.14,530.31,530.07,530.3,55700.0,530.17,308
2025-06-06 15:45:00-04:00,530.31,530.56,530.26,530.49,126369.0,530.457,819
2025-06-06 15:46:00-04:00,530.49,530.52,530.3,530.38,63291.0,530.43,513
2025-06-06 15:47:00-04:00,530.37,530.39,530.24,530.33,58765.0,530.32,450
2025-06-06 15:48:00-04:00,530.35,530.4,530.03,530.03,156618.0,530.291,977
2025-06-06 15:49:00-04:00,530.04,530.1,529.9,530.07,131294.0,530.002,725
2025-06-06 15:50:00-04:00,530.1,530.51,530.06,530.21,109302.0,530.206,877
2025-06-06 15:51:00-04:00,530.21,530.36,530.15,530.24,90660.0,530.266,658
2025-06-06 15:52:00-04:00,530.26,530.56,530.18,530.54,174166.0,530.408,1246
2025-06-06 15:53:00-04:00,530.55,530.56,530.15,530.32,161030.0,530.331,1197
2025-06-06 15:54:00-04:00,530.32,530.77,530.31,530.59,293913.0,530.589,2001
2025-06-06 15:55:00-04:00,530.57,530.6,530.11,530.14,166750.0,530.295,1202
2025-06-06 15:56:00-04:00,530.13,530.18,529.92,530.15,169732.0,530.031,1140
2025-06-06 15:57:00-04:00,530.16,530.38,530.13,530.26,154521.0,530.256,1067
2025-06-06 15:58:00-04:00,530.25,530.27,530.06,530.1,325254.0,530.138,1720
2025-06-06 15:59:00-04:00,530.09,530.16,529.74,529.85,628555.0,529.912,3962
2025-06-09 09:30:00-04:00,530.14,530.54,529.99,530.38,348281.0,530.185,1126
2025-06-09 09:31:00-04:00,530.41,530.55,529.72,529.88,198434.0,530.132,956
2025-06-09 09:32:00-04:00,529.85,530.15,529.7,529.73,152645.0,529.931,742
2025-06-09 09:33:00-04:00,529.77,530.12,529.69,530.07,106470.0,529.948,533
2025-06-09 09:34:00-04:00,530.05,530.14,529.66,529.67,94505.0,529.957,540
2025-06-09 09:35:00-04:00,529.69,529.82,529.34,529.36,136793.0,529.551,794
2025-06-09 09:36:00-04:00,529.33,529.67,529.11,529.59,92058.0,529.387,519
2025-06-09 09:37:00-04:00,529.58,529.75,529.52,529.62,70357.0,529.641,400
2025-06-09 09:38:00-04:00,529.62,529.74,529.06,529.08,84278.0,529.449,508
2025-06-09 09:39:00-04:00,529.07,529.46,529.01,529.22,88398.0,529.245,565
2025-06-09 09:40:00-04:00,529.25,529.54,529.2,529.48,56581.0,529.361,294
2025-06-09 09:41:00-04:00,529.5,529.77,529.41,529.75,95439.0,529.644,485
2025-06-09 09:42:00-04:00,529.76,530.12,529.73,530.03,105611.0,529.866,646
2025-06-09 09:43:00-04:00,530.03,530.08,529.71,529.74,61543.0,529.939,344
2025-06-09 09:44:00-04:00,529.74,530.15,529.67,530.1,91027.0,529.994,561
2025-06-09 09:45:00-04:00,530.1,530.26,529.79,529.85,121524.0,530.026,781
2025-06-09 09:46:00-04:00,529.86,530.09,529.73,529.85,121658.0,529.905,803
2025-06-09 09:47:00-04:00,529.85,530.0,529.64,529.76,86978.0,529.824,517
2025-06-09 09:48:00-04:00,529.78,530.03,529.73,529.98,60152.0,529.903,340
2025-06-09 09:49:00-04:00,529.98,530.29,529.89,530.28,80251.0,530.111,485
2025-06-09 09:50:00-04:00,530.27,530.45,530.22,530.3,126880.0,530.336,656
2025-06-09 09:51:00-04:00,530.28,530.5,530.28,530.44,80265.0,530.405,461
2025-06-09 09:52:00-04:00,530.44,530.6,530.35,530.43,79381.0,530.441,446
2025-06-09 09:53:00-04:00,530.47,530.56,530.28,530.29,67153.0,530.408,393
2025-06-09 09:54:00-04:00,530.3,530.59,530.19,530.55,144434.0,530.355,1030
2025-06-09 09:55:00-04:00,530.55,530.67,530.2,530.35,227965.0,530.449,1485
2025-06-09 09:56:00-04:00,530.35,530.48,530.26,530.44,115178.0,530.369,781
2025-06-09 09:57:00-04:00,530.46,530.54,530.22,530.24,68880.0,530.447,426
2025-06-09 09:58:00-04:00,530.25,530.3,530.09,530.23,78894.0,530.186,506
2025-06-09 09:59:00-04:00,530.21,530.23,529.83,529.87,91974.0,530.041,455
2025-06-09 10:00:00-04:00,529.88,530.46,529.88,530.41,103697.0,530.233,647
2025-06-09 10:01:00-04:00,530.41,530.52,530.18,530.3,100177.0,530.385,604
2025-06-09 10:02:00-04:00,530.29,530.36,530.22,530.32,58991.0,530.297,412
2025-06-09 10:03:00-04:00,530.3,530.36,529.96,530.26,75712.0,530.129,401
2025-06-09 10:04:00-04:00,530.22,530.42,530.13,530.24,35366.0,530.271,226
2025-06-09 10:05:00-04:00,530.24,530.53,530.23,530.36,69238.0,530.437,387
2025-06-09 10:06:00-04:00,530.34,530.46,530.28,530.33,56740.0,530.369,327
2025-06-09 10:07:00-04:00,530.34,530.42,530.17,530.41,49423.0,530.282,298
2025-06-09 10:08:00-04:00,530.4,530.53,530.38,530.49,45890.0,530.449,271
2025-06-09 10:09:00-04:00,530.48,530.86,530.48,530.74,119498.0,530.721,633
2025-06-09 10:10:00-04:00,530.72,531.0,530.65,530.91,86394.0,530.909,553
2025-06-09 10:11:00-04:00,530.92,531.04,530.83,530.96,82234.0,530.943,470
2025-06-09 10:12:00-04:00,530.98,531.32,530.98,531.3,124260.0,531.183,595
2025-06-09 10:13:00-04:00,531.32,531.34,531.18,531.25,63721.0,531.279,421
2025-06-09 10:14:00-04:00,531.26,531.42,531.25,531.4,68831.0,531.352,402
2025-06-09 10:15:00-04:00,531.4,531.44,531.16,531.23,122593.0,531.327,619
2025-06-09 10:16:00-04:00,531.23,531.33,531.21,531.25,55965.0,531.256,329
2025-06-09 10:17:00-04:00,531.26,531.56,531.21,531.51,103752.0,531.418,629
2025-06-09 10:18:00-04:00,531.51,531.55,531.39,531.46,51400.0,531.466,343
2025-06-09 10:19:00-04:00,531.45,531.49,531.33,531.39,48659.0,531.4,318
2025-06-09 10:20:00-04:00,531.39,531.68,531.33,531.64,111295.0,531.531,594
2025-06-09 10:21:00-04:00,531.65,531.72,531.54,531.67,65065.0,531.645,389
2025-06-09 10:22:00-04:00,531.67,531.76,531.56,531.71,44538.0,531.661,276
2025-06-09 10:23:00-04:00,531.71,531.76,531.61,531.65,56705.0,531.68,294
2025-06-09 10:24:00-04:00,531.66,531.72,531.56,531.56,35480.0,531.623,213
2025-06-09 10:25:00-04:00,531.55,531.62,531.43,531.46,79088.0,531.526,423
2025-06-09 10:26:00-04:00,531.45,531.67,531.43,531.58,70119.0,531.572,398
2025-06-09 10:27:00-04:00,531.58,531.79,531.5,531.7,60886.0,531.655,343
2025-06-09 10:28:00-04:00,531.73,531.75,531.45,531.48,47622.0,531.592,326
2025-06-09 10:29:00-04:00,531.5,531.5,531.32,531.46,51890.0,531.41,343
2025-06-09 10:30:00-04:00,531.46,531.67,531.35,531.64,82990.0,531.518,536
2025-06-09 10:31:00-04:00,531.63,532.03,531.56,531.75,208700.0,531.858,1058
2025-06-09 10:32:00-04:00,531.75,532.35,531.7,532.06,282430.0,532.04,1738
2025-06-09 10:33:00-04:00,532.06,532.26,532.06,532.08,90671.0,532.155,536
2025-06-09 10:34:00-04:00,532.09,532.14,532.0,532.09,77855.0,532.056,452
2025-06-09 10:35:00-04:00,532.1,532.11,531.91,531.91,74939.0,532.027,479
2025-06-09 10:36:00-04:00,531.9,532.12,531.87,532.07,102071.0,532.012,327
2025-06-09 10:37:00-04:00,532.07,532.1,531.86,531.9,46697.0,531.956,322
2025-06-09 10:38:00-04:00,531.91,532.01,531.83,531.89,44022.0,531.91,306
2025-06-09 10:39:00-04:00,531.89,532.03,531.8,532.01,33157.0,531.897,195
2025-06-09 10:40:00-04:00,532.03,532.12,531.86,531.87,63159.0,531.969,383
2025-06-09 10:41:00-04:00,531.87,532.05,531.81,531.95,45394.0,531.919,289
2025-06-09 10:42:00-04:00,531.94,532.04,531.79,531.98,50382.0,531.921,278
2025-06-09 10:43:00-04:00,531.98,532.06,531.74,531.74,45921.0,531.953,252
2025-06-09 10:44:00-04:00,531.73,531.85,531.54,531.58,48034.0,531.675,281
2025-06-09 10:45:00-04:00,531.58,531.6,531.25,531.33,54078.0,531.41,330
2025-06-09 10:46:00-04:00,531.34,531.42,531.24,531.35,52920.0,531.302,257
2025-06-09 10:47:00-04:00,531.33,531.48,531.28,531.44,38743.0,531.371,223
2025-06-09 10:48:00-04:00,531.49,531.68,531.48,531.61,65529.0,531.607,353
2025-06-09 10:49:00-04:00,531.62,531.63,531.34,531.38,43020.0,531.476,217
2025-06-09 10:50:00-04:00,531.38,531.43,531.21,531.43,59136.0,531.303,341
2025-06-09 10:51:00-04:00,531.44,531.59,531.38,531.42,54275.0,531.477,316
2025-06-09 10:52:00-04:00,531.44,531.58,531.36,531.53,29189.0,531.465,189
2025-06-09 10:53:00-04:00,531.56,531.59,531.4,531.44,28115.0,531.519,170
2025-06-09 10:54:00-04:00,531.43,531.48,531.09,531.17,67534.0,531.21,342
2025-06-09 10:55:00-04:00,531.18,531.24,531.08,531.22,79844.0,531.155,343
2025-06-09 10:56:00-04:00,531.22,531.23,531.07,531.11,27673.0,531.129,141
2025-06-09 10:57:00-04:00,531.11,531.13,530.93,531.05,39649.0,531.019,214
2025-06-09 10:58:00-04:00,531.07,531.22,531.03,531.17,35959.0,531.139,242
2025-06-09 10:59:00-04:00,531.18,531.3,531.14,531.22,33420.0,531.213,211
2025-06-09 11:00:00-04:00,531.22,531.43,531.15,531.23,117987.0,531.319,724
2025-06-09 11:01:00-04:00,531.24,531.41,531.21,531.37,47442.0,531.297,278
2025-06-09 11:02:00-04:00,531.4,531.49,531.33,531.46,76215.0,531.409,407
2025-06-09 11:03:00-04:00,531.46,531.55,531.44,531.48,60558.0,531.495,264
2025-06-09 11:04:00-04:00,531.48,531.57,531.45,531.5,29586.0,531.518,192
2025-06-09 11:05:00-04:00,531.52,531.67,531.46,531.64,60821.0,531.595,327
2025-06-09 11:06:00-04:00,531.63,531.72,531.57,531.61,73285.0,531.662,442
2025-06-09 11:07:00-04:00,531.61,531.69,531.51,531.67,71121.0,531.582,344
2025-06-09 11:08:00-04:00,531.69,531.77,531.63,531.76,38192.0,531.719,207
2025-06-09 11:09:00-04:00,531.74,531.8,531.67,531.76,36007.0,531.735,206
2025-06-09 11:10:00-04:00,531.76,531.82,531.68,531.69,36708.0,531.747,192
2025-06-09 11:11:00-04:00,531.69,531.79,531.6,531.77,36285.0,531.701,244
2025-06-09 11:12:00-04:00,531.78,531.8,531.69,531.76,21113.0,531.738,134
2025-06-09 11:13:00-04:00,531.77,531.85,531.51,531.53,57287.0,531.676,259
2025-06-09 11:14:00-04:00,531.53,531.62,531.43,531.44,82979.0,531.485,467
2025-06-09 11:15:00-04:00,531.45,531.45,531.23,531.26,38906.0,531.361,245
2025-06-09 11:16:00-04:00,531.25,531.34,531.2,531.27,36935.0,531.266,236
2025-06-09 11:17:00-04:00,531.24,531.31,531.17,531.31,27390.0,531.227,170
2025-06-09 11:18:00-04:00,531.29,531.34,531.09,531.12,58252.0,531.196,346
2025-06-09 11:19:00-04:00,531.08,531.08,530.75,530.86,103272.0,530.905,481
2025-06-09 11:20:00-04:00,530.88,531.14,530.85,531.04,58949.0,531.02,281
2025-06-09 11:21:00-04:00,531.04,531.13,530.86,530.86,30454.0,531.012,170
2025-06-09 11:22:00-04:00,530.85,530.95,530.63,530.94,65386.0,530.741,322
2025-06-09 11:23:00-04:00,530.93,530.97,530.75,530.78,31496.0,530.855,173
2025-06-09 11:24:00-04:00,530.8,531.0,530.71,530.96,35068.0,530.85,225
2025-06-09 11:25:00-04:00,530.96,530.98,530.82,530.87,48664.0,530.883,265
2025-06-09 11:26:00-04:00,530.88,530.94,530.72,530.75,25505.0,530.807,137
2025-06-09 11:27:00-04:00,530.76,530.8,530.53,530.64,40434.0,530.678,253
2025-06-09 11:28:00-04:00,530.66,530.72,530.61,530.64,31634.0,530.674,195
2025-06-09 11:29:00-04:00,530.64,530.82,530.6,530.79,38678.0,530.691,230
2025-06-09 11:30:00-04:00,530.81,531.11,530.72,531.07,84548.0,530.934,488
2025-06-09 11:31:00-04:00,531.06,531.06,530.95,530.97,53613.0,531.007,300
2025-06-09 11:32:00-04:00,530.96,531.0,530.84,530.95,35494.0,530.919,207
2025-06-09 11:33:00-04:00,530.94,531.02,530.87,530.95,34931.0,530.939,207
2025-06-09 11:34:00-04:00,530.95,531.15,530.95,530.98,76926.0,531.042,308
2025-06-09 11:35:00-04:00,530.98,531.19,530.96,531.18,63445.0,531.12,384
2025-06-09 11:36:00-04:00,531.16,531.17,530.99,531.01,38807.0,531.08,255
2025-06-09 11:37:00-04:00,531.0,531.1,530.9,531.0,42732.0,531.009,263
2025-06-09 11:38:00-04:00,531.0,531.16,530.97,531.16,52483.0,531.057,229
2025-06-09 11:39:00-04:00,531.15,531.24,531.1,531.19,41954.0,531.184,263
2025-06-09 11:40:00-04:00,531.2,531.2,530.98,530.98,41803.0,531.079,245
2025-06-09 11:41:00-04:00,531.0,531.06,530.95,531.01,38597.0,531.004,224
2025-06-09 11:42:00-04:00,531.01,531.03,530.81,530.9,58810.0,530.867,373
2025-06-09 11:43:00-04:00,530.93,530.97,530.81,530.95,22345.0,530.903,142
2025-06-09 11:44:00-04:00,530.95,531.02,530.84,530.93,28607.0,530.935,201
2025-06-09 11:45:00-04:00,530.96,531.06,530.92,530.98,34652.0,530.991,211
2025-06-09 11:46:00-04:00,530.96,531.02,530.77,530.97,32425.0,530.895,222
2025-06-09 11:47:00-04:00,530.98,530.99,530.84,530.91,25773.0,530.927,166
2025-06-09 11:48:00-04:00,530.91,530.93,530.68,530.71,27741.0,530.787,173
2025-06-09 11:49:00-04:00,530.74,530.89,530.74,530.85,18315.0,530.828,115
2025-06-09 11:50:00-04:00,530.87,531.14,530.87,531.13,54172.0,531.033,306
2025-06-09 11:51:00-04:00,531.11,531.19,531.08,531.13,28894.0,531.137,173
2025-06-09 11:52:00-04:00,531.14,531.27,531.11,531.14,62832.0,531.186,321
2025-06-09 11:53:00-04:00,531.15,531.26,531.1,531.23,68916.0,531.211,337
2025-06-09 11:54:00-04:00,531.24,531.25,531.14,531.19,21436.0,531.185,126
2025-06-09 11:55:00-04:00,531.19,531.25,531.17,531.21,30218.0,531.209,146
2025-06-09 11:56:00-04:00,531.23,531.33,531.19,531.2,29848.0,531.276,182
2025-06-09 11:57:00-04:00,531.2,531.21,530.99,531.11,57231.0,531.077,333
2025-06-09 11:58:00-04:00,531.11,531.2,531.08,531.1,16400.0,531.132,112
2025-06-09 11:59:00-04:00,531.11,531.16,531.07,531.13,19271.0,531.123,156
2025-06-09 12:00:00-04:00,531.15,531.18,531.06,531.07,50504.0,531.118,322
2025-06-09 12:01:00-04:00,531.07,531.24,530.92,531.22,53928.0,531.023,273
2025-06-09 12:02:00-04:00,531.22,531.26,531.17,531.23,31909.0,531.227,204
2025-06-09 12:03:00-04:00,531.24,531.33,531.11,531.11,23718.0,531.231,176
2025-06-09 12:04:00-04:00,531.1,531.18,531.01,531.17,21541.0,531.116,154
2025-06-09 12:05:00-04:00,531.16,531.32,531.11,531.3,29043.0,531.233,170
2025-06-09 12:06:00-04:00,531.32,531.39,531.05,531.13,29385.0,531.256,190
2025-06-09 12:07:00-04:00,531.11,531.21,531.06,531.07,13833.0,531.128,95
2025-06-09 12:08:00-04:00,531.06,531.07,530.75,530.75,57258.0,530.895,313
2025-06-09 12:09:00-04:00,530.75,530.87,530.59,530.83,47124.0,530.722,319
2025-06-09 12:10:00-04:00,530.85,530.87,530.66,530.72,38280.0,530.755,226
2025-06-09 12:11:00-04:00,530.72,530.76,530.59,530.62,23098.0,530.668,141
2025-06-09 12:12:00-04:00,530.61,530.85,530.61,530.84,30423.0,530.753,187
2025-06-09 12:13:00-04:00,530.85,530.98,530.77,530.98,26220.0,530.842,154
2025-06-09 12:14:00-04:00,530.99,531.08,530.93,530.99,39354.0,530.989,203
2025-06-09 12:15:00-04:00,530.97,531.02,530.77,530.82,40050.0,530.923,227
2025-06-09 12:16:00-04:00,530.84,530.89,530.78,530.81,19168.0,530.832,128
2025-06-09 12:17:00-04:00,530.82,530.85,530.66,530.81,29866.0,530.732,196
2025-06-09 12:18:00-04:00,530.81,530.84,530.73,530.77,18432.0,530.786,105
2025-06-09 12:19:00-04:00,530.81,530.87,530.75,530.85,11766.0,530.793,82
2025-06-09 12:20:00-04:00,530.86,530.97,530.79,530.96,38348.0,530.85,210
2025-06-09 12:21:00-04:00,530.98,531.01,530.87,530.97,34886.0,530.948,198
2025-06-09 12:22:00-04:00,530.98,531.15,530.98,531.09,38174.0,531.093,221
2025-06-09 12:23:00-04:00,531.1,531.13,531.04,531.06,21773.0,531.073,117
2025-06-09 12:24:00-04:00,531.06,531.19,531.06,531.12,35571.0,531.129,231
2025-06-09 12:25:00-04:00,531.13,531.16,531.06,531.16,18273.0,531.104,109
2025-06-09 12:26:00-04:00,531.15,531.19,530.94,530.99,42202.0,531.061,249
2025-06-09 12:27:00-04:00,530.99,531.06,530.95,530.97,24831.0,531.015,162
2025-06-09 12:28:00-04:00,530.97,530.99,530.92,530.99,19190.0,530.963,128
2025-06-09 12:29:00-04:00,531.0,531.04,530.89,530.92,17087.0,530.949,107
2025-06-09 12:30:00-04:00,530.93,531.0,530.92,530.97,21477.0,530.962,129
2025-06-09 12:31:00-04:00,530.99,531.11,530.99,531.05,28241.0,531.055,167
2025-06-09 12:32:00-04:00,531.04,531.14,530.99,531.13,22936.0,531.075,110
2025-06-09 12:33:00-04:00,531.13,531.21,531.08,531.18,27275.0,531.147,144
2025-06-09 12:34:00-04:00,531.17,531.29,531.17,531.28,50976.0,531.242,200
2025-06-09 12:35:00-04:00,531.28,531.32,531.2,531.21,36969.0,531.277,186
2025-06-09 12:36:00-04:00,531.21,531.4,531.21,531.39,51014.0,531.332,250
2025-06-09 12:37:00-04:00,531.39,531.5,531.35,531.47,42677.0,531.414,212
2025-06-09 12:38:00-04:00,531.48,531.6,531.4,531.58,130519.0,531.531,449
2025-06-09 12:39:00-04:00,531.58,531.59,531.51,531.55,37692.0,531.552,200
2025-06-09 12:40:00-04:00,531.55,531.62,531.49,531.49,32788.0,531.57,179
2025-06-09 12:41:00-04:00,531.45,531.48,531.41,531.47,30374.0,531.45,136
2025-06-09 12:42:00-04:00,531.47,531.57,531.44,531.48,33436.0,531.498,232
2025-06-09 12:43:00-04:00,531.48,531.55,531.42,531.53,28457.0,531.481,171
2025-06-09 12:44:00-04:00,531.52,531.58,531.5,531.57,25465.0,531.546,179
2025-06-09 12:45:00-04:00,531.57,531.69,531.43,531.58,50098.0,531.56,298
2025-06-09 12:46:00-04:00,531.6,531.72,531.59,531.66,37272.0,531.662,232
2025-06-09 12:47:00-04:00,531.65,531.68,531.6,531.63,42360.0,531.623,245
2025-06-09 12:48:00-04:00,531.63,531.74,531.6,531.72,46327.0,531.673,252
2025-06-09 12:49:00-04:00,531.72,531.74,531.63,531.63,26225.0,531.713,155
2025-06-09 12:50:00-04:00,531.65,531.82,531.62,531.82,32248.0,531.718,186
2025-06-09 12:51:00-04:00,531.83,532.17,531.81,532.1,159499.0,532.04,788
2025-06-09 12:52:00-04:00,532.1,532.23,532.08,532.18,80981.0,532.142,482
2025-06-09 12:53:00-04:00,532.19,532.2,532.07,532.11,43552.0,532.12,219
2025-06-09 12:54:00-04:00,532.12,532.18,532.09,532.11,38099.0,532.15,230
2025-06-09 12:55:00-04:00,532.11,532.12,531.97,532.0,64425.0,532.047,348
2025-06-09 12:56:00-04:00,531.99,532.03,531.8,531.83,75880.0,531.953,431
2025-06-09 12:57:00-04:00,531.81,531.9,531.74,531.85,45415.0,531.829,209
2025-06-09 12:58:00-04:00,531.87,531.93,531.83,531.85,33907.0,531.875,203
2025-06-09 12:59:00-04:00,531.84,531.92,531.78,531.89,36290.0,531.878,204
2025-06-09 13:00:00-04:00,531.88,531.97,531.7,531.72,87314.0,531.87,544
2025-06-09 13:01:00-04:00,531.73,531.94,531.71,531.91,55521.0,531.832,345
2025-06-09 13:02:00-04:00,531.92,531.98,531.87,531.94,32224.0,531.939,191
2025-06-09 13:03:00-04:00,531.93,531.93,531.86,531.88,25158.0,531.896,149
2025-06-09 13:04:00-04:00,531.9,532.03,531.9,531.96,34298.0,531.973,172
2025-06-09 13:05:00-04:00,531.96,532.04,531.93,531.95,62671.0,531.986,356
2025-06-09 13:06:00-04:00,531.95,532.17,531.93,532.13,52803.0,532.073,302
2025-06-09 13:07:00-04:00,532.14,532.15,532.0,532.07,30927.0,532.096,195
2025-06-09 13:08:00-04:00,532.07,532.11,531.97,532.0,46672.0,532.063,234
2025-06-09 13:09:00-04:00,532.01,532.03,531.96,531.97,42791.0,532.009,208
2025-06-09 13:10:00-04:00,531.96,532.03,531.9,531.95,50358.0,531.963,262
2025-06-09 13:11:00-04:00,531.96,531.97,531.62,531.7,62299.0,531.742,300
2025-06-09 13:12:00-04:00,531.68,531.69,531.48,531.69,63015.0,531.6,398
2025-06-09 13:13:00-04:00,531.68,531.82,531.67,531.71,38068.0,531.727,231
2025-06-09 13:14:00-04:00,531.71,531.73,531.63,531.7,125350.0,531.661,558
2025-06-09 13:15:00-04:00,531.67,531.72,531.6,531.62,27577.0,531.654,199
2025-06-09 13:16:00-04:00,531.63,531.63,531.35,531.46,37123.0,531.456,231
2025-06-09 13:17:00-04:00,531.47,531.47,531.03,531.13,84891.0,531.233,398
2025-06-09 13:18:00-04:00,531.11,531.22,531.06,531.13,36876.0,531.141,211
2025-06-09 13:19:00-04:00,531.12,531.29,531.09,531.26,31248.0,531.2,199
2025-06-09 13:20:00-04:00,531.28,531.42,531.19,531.38,34289.0,531.31,203
2025-06-09 13:21:00-04:00,531.41,531.5,531.35,531.47,30980.0,531.427,200
2025-06-09 13:22:00-04:00,531.47,531.52,531.32,531.34,43793.0,531.418,222
2025-06-09 13:23:00-04:00,531.35,531.36,531.21,531.34,41192.0,531.302,304
2025-06-09 13:24:00-04:00,531.34,531.46,531.19,531.46,25678.0,531.337,176
2025-06-09 13:25:00-04:00,531.48,531.76,531.48,531.71,85872.0,531.573,483
2025-06-09 13:26:00-04:00,531.71,532.04,531.69,531.69,112741.0,531.884,708
2025-06-09 13:27:00-04:00,531.7,531.76,531.57,531.64,33667.0,531.683,207
2025-06-09 13:28:00-04:00,531.63,531.69,531.55,531.59,17305.0,531.626,124
2025-06-09 13:29:00-04:00,531.59,531.64,531.49,531.6,26861.0,531.58,181
2025-06-09 13:30:00-04:00,531.6,531.6,531.35,531.46,36190.0,531.497,269
2025-06-09 13:31:00-04:00,531.45,531.52,531.27,531.51,44583.0,531.425,258
2025-06-09 13:32:00-04:00,531.49,531.6,531.4,531.59,40314.0,531.503,233
2025-06-09 13:33:00-04:00,531.59,531.63,531.5,531.52,26159.0,531.563,171
2025-06-09 13:34:00-04:00,531.51,531.53,531.38,531.49,18766.0,531.463,120
2025-06-09 13:35:00-04:00,531.49,531.54,531.41,531.45,44886.0,531.459,195
2025-06-09 13:36:00-04:00,531.47,531.66,531.46,531.62,29557.0,531.58,201
2025-06-09 13:37:00-04:00,531.63,531.76,531.62,531.74,21111.0,531.706,103
2025-06-09 13:38:00-04:00,531.73,531.81,531.73,531.75,19701.0,531.765,117
2025-06-09 13:39:00-04:00,531.77,531.84,531.71,531.82,18083.0,531.783,138
2025-06-09 13:40:00-04:00,531.82,531.9,531.79,531.86,41390.0,531.858,217
2025-06-09 13:41:00-04:00,531.86,531.9,531.79,531.84,34697.0,531.857,131
2025-06-09 13:42:00-04:00,531.84,531.89,531.74,531.81,32849.0,531.813,182
2025-06-09 13:43:00-04:00,531.8,531.94,531.8,531.87,25530.0,531.871,189
2025-06-09 13:44:00-04:00,531.86,531.99,531.85,531.96,75579.0,531.946,316
2025-06-09 13:45:00-04:00,531.97,531.98,531.89,531.92,44103.0,531.945,210
2025-06-09 13:46:00-04:00,531.9,531.98,531.9,531.94,24456.0,531.944,140
2025-06-09 13:47:00-04:00,531.94,532.0,531.91,531.93,40457.0,531.959,151
2025-06-09 13:48:00-04:00,531.94,532.02,531.93,531.95,26709.0,531.973,94
2025-06-09 13:49:00-04:00,531.94,531.94,531.83,531.85,22423.0,531.881,111
2025-06-09 13:50:00-04:00,531.86,532.02,531.83,531.98,44087.0,531.924,228
2025-06-09 13:51:00-04:00,531.99,532.0,531.85,531.91,27726.0,531.919,175
2025-06-09 13:52:00-04:00,531.92,532.04,531.89,532.04,100223.0,531.984,559
2025-06-09 13:53:00-04:00,532.04,532.08,531.93,531.94,71150.0,532.018,371
2025-06-09 13:54:00-04:00,531.95,531.96,531.82,531.91,58226.0,531.898,217
2025-06-09 13:55:00-04:00,531.86,531.88,531.67,531.76,42061.0,531.775,238
2025-06-09 13:56:00-04:00,531.75,531.99,531.75,531.98,25168.0,531.892,129
2025-06-09 13:57:00-04:00,531.96,531.98,531.9,531.94,25378.0,531.948,155
2025-06-09 13:58:00-04:00,531.94,531.95,531.87,531.88,17126.0,531.906,134
2025-06-09 13:59:00-04:00,531.88,531.92,531.78,531.82,16965.0,531.857,125
2025-06-09 14:00:00-04:00,531.82,531.89,531.73,531.85,26624.0,531.817,182
2025-06-09 14:01:00-04:00,531.86,531.96,531.82,531.88,89771.0,531.857,328
2025-06-09 14:02:00-04:00,531.87,531.96,531.84,531.89,24394.0,531.898,148
2025-06-09 14:03:00-04:00,531.92,531.92,531.71,531.76,72136.0,531.824,200
2025-06-09 14:04:00-04:00,531.76,531.78,531.68,531.7,43333.0,531.737,216
2025-06-09 14:05:00-04:00,531.7,531.74,531.57,531.71,35039.0,531.648,205
2025-06-09 14:06:00-04:00,531.72,531.83,531.65,531.7,45204.0,531.75,284
2025-06-09 14:07:00-04:00,531.7,531.73,531.65,531.72,33868.0,531.693,210
2025-06-09 14:08:00-04:00,531.71,531.82,531.65,531.74,23331.0,531.74,161
2025-06-09 14:09:00-04:00,531.75,531.75,531.69,531.71,34914.0,531.717,166
2025-06-09 14:10:00-04:00,531.71,531.83,531.71,531.77,23742.0,531.781,175
2025-06-09 14:11:00-04:00,531.76,531.8,531.71,531.75,36764.0,531.746,205
2025-06-09 14:12:00-04:00,531.74,531.82,531.74,531.75,25493.0,531.792,128
2025-06-09 14:13:00-04:00,531.77,531.8,531.69,531.72,30353.0,531.733,158
2025-06-09 14:14:00-04:00,531.71,531.81,531.7,531.78,23739.0,531.764,125
2025-06-09 14:15:00-04:00,531.8,531.88,531.75,531.78,37943.0,531.803,225
2025-06-09 14:16:00-04:00,531.79,531.79,531.61,531.68,40257.0,531.682,235
2025-06-09 14:17:00-04:00,531.66,531.76,531.63,531.74,14255.0,531.698,100
2025-06-09 14:18:00-04:00,531.76,531.79,531.72,531.75,22788.0,531.752,123
2025-06-09 14:19:00-04:00,531.74,531.76,531.71,531.75,18343.0,531.739,101
2025-06-09 14:20:00-04:00,531.74,531.86,531.72,531.79,50900.0,531.774,290
2025-06-09 14:21:00-04:00,531.8,531.84,531.74,531.84,27536.0,531.804,194
2025-06-09 14:22:00-04:00,531.83,531.91,531.82,531.88,31143.0,531.866,183
2025-06-09 14:23:00-04:00,531.87,531.9,531.84,531.86,20230.0,531.863,150
2025-06-09 14:24:00-04:00,531.84,531.84,531.77,531.8,28049.0,531.799,156
2025-06-09 14:25:00-04:00,531.79,531.87,531.78,531.85,23740.0,531.829,136
2025-06-09 14:26:00-04:00,531.86,531.92,531.77,531.87,55882.0,531.867,312
2025-06-09 14:27:00-04:00,531.87,531.9,531.8,531.86,16285.0,531.853,110
2025-06-09 14:28:00-04:00,531.85,531.99,531.82,531.82,37044.0,531.933,240
2025-06-09 14:29:00-04:00,531.82,531.85,531.71,531.78,30514.0,531.78,212
2025-06-09 14:30:00-04:00,531.77,531.88,531.66,531.87,29963.0,531.773,199
2025-06-09 14:31:00-04:00,531.86,531.86,531.69,531.71,27042.0,531.762,180
2025-06-09 14:32:00-04:00,531.72,531.79,531.72,531.74,22000.0,531.768,126
2025-06-09 14:33:00-04:00,531.75,531.8,531.71,531.74,23527.0,531.762,131
2025-06-09 14:34:00-04:00,531.74,531.82,531.72,531.75,15182.0,531.789,92
2025-06-09 14:35:00-04:00,531.75,531.83,531.64,531.67,18747.0,531.715,131
2025-06-09 14:36:00-04:00,531.68,531.82,531.68,531.81,17824.0,531.759,110
2025-06-09 14:37:00-04:00,531.8,531.8,531.62,531.63,17492.0,531.679,99
2025-06-09 14:38:00-04:00,531.64,531.69,531.51,531.54,63683.0,531.596,372
2025-06-09 14:39:00-04:00,531.52,531.55,531.3,531.43,146817.0,531.438,726
2025-06-09 14:40:00-04:00,531.43,531.43,531.32,531.34,47224.0,531.385,304
2025-06-09 14:41:00-04:00,531.33,531.41,531.32,531.37,39252.0,531.369,192
2025-06-09 14:42:00-04:00,531.34,531.38,531.2,531.32,59692.0,531.288,235
2025-06-09 14:43:00-04:00,531.31,531.48,531.28,531.46,39738.0,531.391,234
2025-06-09 14:44:00-04:00,531.44,531.47,531.34,531.47,30722.0,531.404,192
2025-06-09 14:45:00-04:00,531.48,531.66,531.42,531.64,47241.0,531.566,236
2025-06-09 14:46:00-04:00,531.66,531.75,531.63,531.69,49037.0,531.705,294
2025-06-09 14:47:00-04:00,531.69,531.73,531.68,531.72,37398.0,531.697,145
2025-06-09 14:48:00-04:00,531.73,531.83,531.73,531.81,34308.0,531.771,210
2025-06-09 14:49:00-04:00,531.81,531.85,531.69,531.72,41100.0,531.788,242
2025-06-09 14:50:00-04:00,531.72,531.79,531.67,531.76,33897.0,531.727,193
2025-06-09 14:51:00-04:00,531.76,531.8,531.71,531.75,42308.0,531.746,238
2025-06-09 14:52:00-04:00,531.74,531.74,531.62,531.62,37318.0,531.676,203
2025-06-09 14:53:00-04:00,531.63,531.72,531.62,531.7,15556.0,531.688,82
2025-06-09 14:54:00-04:00,531.69,531.83,531.69,531.82,23354.0,531.787,153
2025-06-09 14:55:00-04:00,531.83,531.91,531.8,531.82,48049.0,531.847,302
2025-06-09 14:56:00-04:00,531.82,531.91,531.79,531.9,43269.0,531.867,239
2025-06-09 14:57:00-04:00,531.91,532.09,531.91,532.02,198207.0,532.03,949
2025-06-09 14:58:00-04:00,532.03,532.07,531.93,531.96,51919.0,532.005,239
2025-06-09 14:59:00-04:00,531.94,531.95,531.87,531.88,51658.0,531.912,249
2025-06-09 15:00:00-04:00,531.88,531.93,531.81,531.92,87790.0,531.869,419
2025-06-09 15:01:00-04:00,531.92,532.0,531.83,531.88,76113.0,531.91,373
2025-06-09 15:02:00-04:00,531.88,531.92,531.83,531.9,46533.0,531.883,210
2025-06-09 15:03:00-04:00,531.9,531.97,531.87,531.91,23574.0,531.923,138
2025-06-09 15:04:00-04:00,531.93,531.99,531.89,531.9,16606.0,531.95,129
2025-06-09 15:05:00-04:00,531.89,531.92,531.76,531.81,46384.0,531.841,309
2025-06-09 15:06:00-04:00,531.82,531.84,531.76,531.8,31762.0,531.801,206
2025-06-09 15:07:00-04:00,531.8,531.8,531.69,531.71,40581.0,531.736,222
2025-06-09 15:08:00-04:00,531.73,531.79,531.67,531.77,38295.0,531.731,227
2025-06-09 15:09:00-04:00,531.77,531.79,531.72,531.78,24144.0,531.763,135
2025-06-09 15:10:00-04:00,531.79,531.95,531.77,531.93,63690.0,531.879,357
2025-06-09 15:11:00-04:00,531.94,531.96,531.89,531.91,42903.0,531.922,254
2025-06-09 15:12:00-04:00,531.92,531.92,531.8,531.8,33845.0,531.849,202
2025-06-09 15:13:00-04:00,531.8,531.83,531.71,531.73,32256.0,531.762,217
2025-06-09 15:14:00-04:00,531.74,531.74,531.59,531.65,48635.0,531.63,285
2025-06-09 15:15:00-04:00,531.65,531.66,531.55,531.59,50825.0,531.597,327
2025-06-09 15:16:00-04:00,531.58,531.65,531.54,531.56,47298.0,531.595,300
2025-06-09 15:17:00-04:00,531.56,531.65,531.56,531.64,32547.0,531.613,209
2025-06-09 15:18:00-04:00,531.65,531.67,531.6,531.62,34005.0,531.645,206
2025-06-09 15:19:00-04:00,531.6,531.62,531.5,531.6,52726.0,531.56,323
2025-06-09 15:20:00-04:00,531.61,531.64,531.37,531.41,108036.0,531.492,651
2025-06-09 15:21:00-04:00,531.41,531.49,531.31,531.48,52502.0,531.408,367
2025-06-09 15:22:00-04:00,531.48,531.49,531.41,531.43,44555.0,531.448,271
2025-06-09 15:23:00-04:00,531.43,531.48,531.37,531.48,64759.0,531.405,342
2025-06-09 15:24:00-04:00,531.49,531.51,531.4,531.43,65462.0,531.452,381
2025-06-09 15:25:00-04:00,531.41,531.44,531.33,531.43,39700.0,531.384,257
2025-06-09 15:26:00-04:00,531.43,531.59,531.39,531.54,72710.0,531.517,489
2025-06-09 15:27:00-04:00,531.54,531.67,531.52,531.58,74232.0,531.578,410
2025-06-09 15:28:00-04:00,531.57,531.62,531.52,531.52,24074.0,531.577,173
2025-06-09 15:29:00-04:00,531.52,531.6,531.45,531.59,34575.0,531.52,238
2025-06-09 15:30:00-04:00,531.58,531.62,531.46,531.47,50541.0,531.542,362
2025-06-09 15:31:00-04:00,531.48,531.51,531.37,531.41,76140.0,531.423,422
2025-06-09 15:32:00-04:00,531.4,531.52,531.35,531.52,45376.0,531.413,309
2025-06-09 15:33:00-04:00,531.5,531.5,531.36,531.44,41280.0,531.444,297
2025-06-09 15:34:00-04:00,531.44,531.5,531.38,531.48,33716.0,531.446,263
2025-06-09 15:35:00-04:00,531.48,531.65,531.43,531.56,79994.0,531.57,542
2025-06-09 15:36:00-04:00,531.58,531.76,531.55,531.72,101079.0,531.684,603
2025-06-09 15:37:00-04:00,531.73,531.75,531.65,531.66,117006.0,531.699,466
2025-06-09 15:38:00-04:00,531.65,531.68,531.43,531.53,53589.0,531.517,285
2025-06-09 15:39:00-04:00,531.52,531.52,531.27,531.34,91313.0,531.381,484
2025-06-09 15:40:00-04:00,531.34,531.39,531.18,531.29,69736.0,531.289,396
2025-06-09 15:41:00-04:00,531.28,531.38,531.19,531.23,81459.0,531.29,473
2025-06-09 15:42:00-04:00,531.25,531.3,531.1,531.15,75561.0,531.189,435
2025-06-09 15:43:00-04:00,531.15,531.31,531.08,531.21,87157.0,531.191,494
2025-06-09 15:44:00-04:00,531.21,531.22,531.06,531.1,48036.0,531.133,332
2025-06-09 15:45:00-04:00,531.07,531.15,531.02,531.04,59911.0,531.084,390
2025-06-09 15:46:00-04:00,531.04,531.04,530.8,530.93,158501.0,530.929,921
2025-06-09 15:47:00-04:00,530.92,530.97,530.82,530.91,96800.0,530.902,648
2025-06-09 15:48:00-04:00,530.93,531.05,530.9,530.96,72451.0,530.973,456
2025-06-09 15:49:00-04:00,530.95,531.06,530.87,531.02,61970.0,530.966,391
2025-06-09 15:50:00-04:00,531.02,531.62,531.02,531.32,195946.0,531.343,1222
2025-06-09 15:51:00-04:00,531.3,531.49,531.3,531.45,114337.0,531.398,642
2025-06-09 15:52:00-04:00,531.43,531.5,531.36,531.47,79977.0,531.437,519
2025-06-09 15:53:00-04:00,531.46,531.47,531.08,531.1,165489.0,531.252,912
2025-06-09 15:54:00-04:00,531.08,531.08,530.73,530.79,238884.0,530.913,1486
2025-06-09 15:55:00-04:00,530.81,531.35,530.81,531.04,207591.0,531.152,1170
2025-06-09 15:56:00-04:00,531.05,531.15,530.97,531.09,160391.0,531.053,766
2025-06-09 15:57:00-04:00,531.09,531.12,530.95,530.99,87286.0,531.035,572
2025-06-09 15:58:00-04:00,531.0,531.12,530.96,531.12,231313.0,531.04,1148
2025-06-09 15:59:00-04:00,531.1,531.1,530.58,530.68,820530.0,530.763,3827
2025-06-10 09:30:00-04:00,531.17,531.86,531.14,531.65,273497.0,531.464,901
2025-06-10 09:31:00-04:00,531.62,531.64,531.09,531.25,194490.0,531.392,1033
2025-06-10 09:32:00-04:00,531.24,531.47,530.89,531.46,165010.0,531.234,913
2025-06-10 09:33:00-04:00,531.5,531.74,531.3,531.4,149434.0,531.534,790
2025-06-10 09:34:00-04:00,531.4,531.43,530.75,530.91,124986.0,531.076,719
2025-06-10 09:35:00-04:00,530.9,531.12,530.87,531.09,90522.0,530.998,604
2025-06-10 09:36:00-04:00,531.11,531.34,530.93,531.34,91570.0,531.194,567
2025-06-10 09:37:00-04:00,531.32,531.64,531.32,531.48,91291.0,531.51,519
2025-06-10 09:38:00-04:00,531.49,531.78,531.4,531.72,69456.0,531.622,439
2025-06-10 09:39:00-04:00,531.73,532.3,531.71,532.25,176515.0,532.098,1015
2025-06-10 09:40:00-04:00,532.23,532.37,532.1,532.34,119788.0,532.247,627
2025-06-10 09:41:00-04:00,532.36,532.37,532.04,532.11,204077.0,532.174,944
2025-06-10 09:42:00-04:00,532.14,532.21,531.97,532.06,98606.0,532.089,651
2025-06-10 09:43:00-04:00,532.06,532.09,531.32,531.43,137177.0,531.655,753
2025-06-10 09:44:00-04:00,531.4,531.58,531.08,531.58,138392.0,531.247,770
2025-06-10 09:45:00-04:00,531.58,531.89,531.36,531.45,185299.0,531.664,1198
2025-06-10 09:46:00-04:00,531.48,531.61,531.3,531.5,105225.0,531.504,621
2025-06-10 09:47:00-04:00,531.46,531.73,531.36,531.73,68734.0,531.535,389
2025-06-10 09:48:00-04:00,531.71,531.88,531.64,531.71,60361.0,531.76,353
2025-06-10 09:49:00-04:00,531.72,532.11,531.63,532.05,85241.0,531.916,451
2025-06-10 09:50:00-04:00,532.03,532.09,531.8,532.05,108451.0,531.935,635
2025-06-10 09:51:00-04:00,532.06,532.16,531.93,532.08,198009.0,532.056,542
2025-06-10 09:52:00-04:00,532.09,532.47,532.0,532.43,122150.0,532.271,616
2025-06-10 09:53:00-04:00,532.44,532.54,532.03,532.06,157130.0,532.355,911
2025-06-10 09:54:00-04:00,532.05,532.16,531.58,531.68,119531.0,531.87,740
2025-06-10 09:55:00-04:00,531.69,531.83,531.54,531.6,92629.0,531.695,559
2025-06-10 09:56:00-04:00,531.6,531.65,531.38,531.57,95362.0,531.508,494
2025-06-10 09:57:00-04:00,531.52,531.68,531.28,531.59,58290.0,531.489,338
2025-06-10 09:58:00-04:00,531.58,531.81,531.49,531.69,66001.0,531.663,415
2025-06-10 09:59:00-04:00,531.7,531.86,531.56,531.68,61773.0,531.696,364
2025-06-10 10:00:00-04:00,531.68,531.95,531.55,531.88,86488.0,531.735,558
2025-06-10 10:01:00-04:00,531.91,532.12,531.89,531.97,85412.0,531.986,569
2025-06-10 10:02:00-04:00,531.96,532.06,531.78,531.81,76706.0,531.943,386
2025-06-10 10:03:00-04:00,531.81,531.88,531.61,531.7,52050.0,531.701,337
2025-06-10 10:04:00-04:00,531.7,531.84,531.59,531.64,51385.0,531.736,338
2025-06-10 10:05:00-04:00,531.64,531.84,531.64,531.82,54095.0,531.746,385
2025-06-10 10:06:00-04:00,531.82,531.91,531.62,531.72,36183.0,531.798,240
2025-06-10 10:07:00-04:00,531.73,531.82,531.53,531.71,50975.0,531.671,326
2025-06-10 10:08:00-04:00,531.7,531.77,531.47,531.59,54827.0,531.584,297
2025-06-10 10:09:00-04:00,531.58,531.77,531.53,531.58,51507.0,531.646,294
2025-06-10 10:10:00-04:00,531.59,531.97,531.54,531.93,64949.0,531.825,410
2025-06-10 10:11:00-04:00,531.94,532.19,531.94,532.08,107335.0,532.048,440
2025-06-10 10:12:00-04:00,532.1,532.26,532.08,532.17,88466.0,532.185,487
2025-06-10 10:13:00-04:00,532.17,532.27,532.03,532.04,64641.0,532.175,399
2025-06-10 10:14:00-04:00,532.03,532.12,531.89,532.03,46221.0,531.987,312
2025-06-10 10:15:00-04:00,532.02,532.13,531.95,532.11,58755.0,532.049,381
2025-06-10 10:16:00-04:00,532.12,532.21,532.05,532.11,51048.0,532.144,365
2025-06-10 10:17:00-04:00,532.09,532.2,532.02,532.03,31349.0,532.11,181
2025-06-10 10:18:00-04:00,532.09,532.27,532.09,532.12,43666.0,532.167,264
2025-06-10 10:19:00-04:00,532.14,532.19,531.94,532.05,32126.0,532.046,202
2025-06-10 10:20:00-04:00,532.07,532.19,531.89,532.17,38632.0,532.037,268
2025-06-10 10:21:00-04:00,532.17,532.2,531.9,531.92,35216.0,532.065,204
2025-06-10 10:22:00-04:00,531.95,532.01,531.81,531.85,47823.0,531.894,275
2025-06-10 10:23:00-04:00,531.85,532.02,531.85,531.96,54159.0,531.921,308
2025-06-10 10:24:00-04:00,531.95,532.05,531.92,532.04,27893.0,531.983,199
2025-06-10 10:25:00-04:00,532.04,532.06,531.92,532.03,34079.0,532.004,231
2025-06-10 10:26:00-04:00,532.03,532.16,531.91,532.02,53170.0,532.057,309
2025-06-10 10:27:00-04:00,532.02,532.03,531.81,531.86,53889.0,531.911,381
2025-06-10 10:28:00-04:00,531.84,532.12,531.76,532.11,61828.0,531.977,365
2025-06-10 10:29:00-04:00,532.09,532.12,531.97,532.07,31197.0,532.026,234
2025-06-10 10:30:00-04:00,532.07,532.17,531.98,532.1,61963.0,532.093,381
2025-06-10 10:31:00-04:00,532.1,532.27,532.07,532.25,48229.0,532.175,355
2025-06-10 10:32:00-04:00,532.27,532.36,532.09,532.14,61131.0,532.246,340
2025-06-10 10:33:00-04:00,532.14,532.18,532.04,532.05,28414.0,532.093,194
2025-06-10 10:34:00-04:00,532.05,532.16,532.03,532.13,38934.0,532.088,247
2025-06-10 10:35:00-04:00,532.14,532.25,532.08,532.11,53117.0,532.161,350
2025-06-10 10:36:00-04:00,532.1,532.13,531.9,531.91,48331.0,532.026,302
2025-06-10 10:37:00-04:00,531.92,532.09,531.86,532.06,49398.0,531.972,342
2025-06-10 10:38:00-04:00,532.06,532.08,531.83,531.94,88459.0,531.92,515
2025-06-10 10:39:00-04:00,531.98,532.02,531.91,531.95,49672.0,531.966,338
2025-06-10 10:40:00-04:00,531.95,532.11,531.8,531.8,64547.0,531.971,447
2025-06-10 10:41:00-04:00,531.8,531.9,531.75,531.86,57040.0,531.817,297
2025-06-10 10:42:00-04:00,531.88,531.96,531.85,531.87,37109.0,531.91,248
2025-06-10 10:43:00-04:00,531.88,532.11,531.85,532.11,37522.0,531.956,281
2025-06-10 10:44:00-04:00,532.12,532.39,532.12,532.25,83740.0,532.25,509
2025-06-10 10:45:00-04:00,532.26,532.27,532.03,532.14,60313.0,532.137,340
2025-06-10 10:46:00-04:00,532.15,532.38,532.15,532.35,48236.0,532.274,322
2025-06-10 10:47:00-04:00,532.36,532.44,532.15,532.21,81346.0,532.335,436
2025-06-10 10:48:00-04:00,532.21,532.27,532.15,532.2,25927.0,532.211,176
2025-06-10 10:49:00-04:00,532.17,532.27,532.16,532.24,15211.0,532.216,107
2025-06-10 10:50:00-04:00,532.22,532.24,532.04,532.1,34121.0,532.118,226
2025-06-10 10:51:00-04:00,532.09,532.2,531.98,532.04,41843.0,532.069,251
2025-06-10 10:52:00-04:00,532.03,532.04,531.85,531.89,37968.0,531.924,206
2025-06-10 10:53:00-04:00,531.91,532.1,531.9,532.04,30443.0,532.017,192
2025-06-10 10:54:00-04:00,532.05,532.16,532.04,532.08,32831.0,532.095,196
2025-06-10 10:55:00-04:00,532.08,532.08,531.63,531.74,74516.0,531.857,393
2025-06-10 10:56:00-04:00,531.73,531.99,531.64,531.82,55751.0,531.827,340
2025-06-10 10:57:00-04:00,531.81,531.92,531.79,531.91,42141.0,531.86,283
2025-06-10 10:58:00-04:00,531.92,531.94,531.58,531.6,63399.0,531.709,354
2025-06-10 10:59:00-04:00,531.6,531.65,531.5,531.58,76276.0,531.591,435
2025-06-10 11:00:00-04:00,531.58,531.63,531.38,531.49,97382.0,531.489,545
2025-06-10 11:01:00-04:00,531.49,531.84,531.49,531.83,63311.0,531.616,369
2025-06-10 11:02:00-04:00,531.83,531.86,531.68,531.79,45918.0,531.768,306
2025-06-10 11:03:00-04:00,531.81,531.88,531.71,531.72,39532.0,531.802,234
2025-06-10 11:04:00-04:00,531.74,531.97,531.74,531.93,41273.0,531.859,257
2025-06-10 11:05:00-04:00,531.92,532.14,531.91,532.04,116148.0,532.041,512
2025-06-10 11:06:00-04:00,532.03,532.13,531.99,532.03,63920.0,532.055,273
2025-06-10 11:07:00-04:00,532.03,532.13,531.95,531.97,22999.0,532.033,157
2025-06-10 11:08:00-04:00,531.99,532.06,531.86,531.87,35181.0,531.95,211
2025-06-10 11:09:00-04:00,531.86,531.87,531.66,531.73,47859.0,531.751,216
2025-06-10 11:10:00-04:00,531.68,531.88,531.56,531.78,79990.0,531.71,466
2025-06-10 11:11:00-04:00,531.78,531.83,531.64,531.67,38332.0,531.762,212
2025-06-10 11:12:00-04:00,531.66,531.95,531.65,531.87,26923.0,531.811,199
2025-06-10 11:13:00-04:00,531.88,531.94,531.8,531.89,34503.0,531.871,176
2025-06-10 11:14:00-04:00,531.87,532.02,531.87,531.98,32959.0,531.962,180
2025-06-10 11:15:00-04:00,531.99,532.06,531.87,531.91,31601.0,531.986,172
2025-06-10 11:16:00-04:00,531.91,532.1,531.91,532.06,40418.0,532.018,178
2025-06-10 11:17:00-04:00,532.08,532.15,532.05,532.08,21703.0,532.095,158
2025-06-10 11:18:00-04:00,532.06,532.15,532.04,532.14,34835.0,532.092,214
2025-06-10 11:19:00-04:00,532.14,532.18,532.03,532.1,31545.0,532.091,198
2025-06-10 11:20:00-04:00,532.09,532.11,531.97,532.02,31284.0,532.039,216
2025-06-10 11:21:00-04:00,532.03,532.07,531.98,532.04,25041.0,532.02,153
2025-06-10 11:22:00-04:00,532.05,532.05,531.91,531.92,21552.0,531.979,147
2025-06-10 11:23:00-04:00,531.92,531.92,531.74,531.75,28845.0,531.832,173
2025-06-10 11:24:00-04:00,531.74,531.84,531.69,531.83,56441.0,531.733,315
2025-06-10 11:25:00-04:00,531.8,532.1,531.76,532.0,106181.0,531.941,644
2025-06-10 11:26:00-04:00,532.03,532.05,531.82,531.88,29341.0,531.913,203
2025-06-10 11:27:00-04:00,531.88,531.88,531.69,531.74,54760.0,531.788,276
2025-06-10 11:28:00-04:00,531.74,531.77,531.67,531.73,38414.0,531.714,240
2025-06-10 11:29:00-04:00,531.74,531.77,531.6,531.67,34277.0,531.687,216
2025-06-10 11:30:00-04:00,531.68,531.68,531.37,531.4,94799.0,531.5,504
2025-06-10 11:31:00-04:00,531.38,531.4,530.97,531.09,112069.0,531.128,591
2025-06-10 11:32:00-04:00,531.08,531.19,529.87,530.22,387026.0,530.359,2177
2025-06-10 11:33:00-04:00,530.22,530.22,528.89,529.65,511485.0,529.4,2727
2025-06-10 11:34:00-04:00,529.57,530.09,529.51,529.76,286910.0,529.771,1446
2025-06-10 11:35:00-04:00,529.76,530.2,529.64,530.08,164773.0,529.993,942
2025-06-10 11:36:00-04:00,530.09,530.21,529.72,529.89,128995.0,529.952,697
2025-06-10 11:37:00-04:00,529.87,530.53,529.79,530.38,174904.0,530.261,962
2025-06-10 11:38:00-04:00,530.37,530.54,530.31,530.46,89007.0,530.43,488
2025-06-10 11:39:00-04:00,530.48,530.66,530.32,530.64,81490.0,530.496,411
2025-06-10 11:40:00-04:00,530.63,530.81,530.52,530.58,99322.0,530.685,490
2025-06-10 11:41:00-04:00,530.62,530.72,530.55,530.72,62246.0,530.619,380
2025-06-10 11:42:00-04:00,530.73,530.83,530.67,530.81,82045.0,530.742,411
2025-06-10 11:43:00-04:00,530.81,531.03,530.79,530.89,124396.0,530.905,629
2025-06-10 11:44:00-04:00,530.9,531.38,530.88,531.34,163074.0,531.168,815
2025-06-10 11:45:00-04:00,531.31,531.35,531.23,531.32,106587.0,531.285,601
2025-06-10 11:46:00-04:00,531.32,531.46,531.3,531.38,56034.0,531.386,338
2025-06-10 11:47:00-04:00,531.4,531.6,531.38,531.54,80857.0,531.509,420
2025-06-10 11:48:00-04:00,531.55,531.62,531.49,531.57,91628.0,531.572,430
2025-06-10 11:49:00-04:00,531.56,531.64,531.51,531.58,66631.0,531.591,325
2025-06-10 11:50:00-04:00,531.57,531.83,531.57,531.75,64392.0,531.736,359
2025-06-10 11:51:00-04:00,531.75,531.91,531.72,531.88,55833.0,531.849,319
2025-06-10 11:52:00-04:00,531.88,531.93,531.79,531.93,102823.0,531.864,508
2025-06-10 11:53:00-04:00,531.94,532.05,531.9,532.04,79751.0,531.985,429
2025-06-10 11:54:00-04:00,532.02,532.03,531.88,531.94,86714.0,531.958,448
2025-06-10 11:55:00-04:00,531.95,532.12,531.89,532.0,87266.0,532.018,412
2025-06-10 11:56:00-04:00,532.0,532.1,531.91,531.94,72339.0,531.997,394
2025-06-10 11:57:00-04:00,531.94,531.98,531.77,531.87,96025.0,531.897,473
2025-06-10 11:58:00-04:00,531.89,531.95,531.86,531.94,25844.0,531.904,168
2025-06-10 11:59:00-04:00,531.94,532.09,531.91,532.07,53961.0,531.982,256
2025-06-10 12:00:00-04:00,532.07,532.16,532.01,532.1,79454.0,532.087,470
2025-06-10 12:01:00-04:00,532.09,532.71,532.08,532.54,380057.0,532.545,1730
2025-06-10 12:02:00-04:00,532.54,532.74,532.52,532.53,142482.0,532.65,731
2025-06-10 12:03:00-04:00,532.52,532.65,532.47,532.52,67883.0,532.563,355
2025-06-10 12:04:00-04:00,532.52,532.6,532.44,532.55,53916.0,532.522,287
2025-06-10 12:05:00-04:00,532.54,532.82,532.53,532.66,96667.0,532.7,484
2025-06-10 12:06:00-04:00,532.7,532.77,532.63,532.72,58973.0,532.703,367
2025-06-10 12:07:00-04:00,532.72,532.8,532.62,532.76,50707.0,532.713,286
2025-06-10 12:08:00-04:00,532.76,532.79,532.66,532.7,58290.0,532.725,339
2025-06-10 12:09:00-04:00,532.71,532.71,532.52,532.56,39001.0,532.609,261
2025-06-10 12:10:00-04:00,532.56,532.63,532.43,532.62,74077.0,532.517,438
2025-06-10 12:11:00-04:00,532.62,532.72,532.59,532.61,33745.0,532.658,204
2025-06-10 12:12:00-04:00,532.62,532.65,532.32,532.45,72981.0,532.46,427
2025-06-10 12:13:00-04:00,532.44,532.49,532.4,532.45,15391.0,532.444,127
2025-06-10 12:14:00-04:00,532.47,532.58,532.44,532.56,18440.0,532.516,141
2025-06-10 12:15:00-04:00,532.56,532.59,532.43,532.43,25592.0,532.521,170
2025-06-10 12:16:00-04:00,532.43,532.58,532.41,532.55,22123.0,532.475,134
2025-06-10 12:17:00-04:00,532.5,532.62,532.46,532.51,38514.0,532.566,245
2025-06-10 12:18:00-04:00,532.5,532.56,532.49,532.53,22917.0,532.527,119
2025-06-10 12:19:00-04:00,532.56,532.65,532.53,532.55,20626.0,532.596,137
2025-06-10 12:20:00-04:00,532.57,532.67,532.5,532.67,57402.0,532.588,326
2025-06-10 12:21:00-04:00,532.67,532.69,532.47,532.55,41766.0,532.573,225
2025-06-10 12:22:00-04:00,532.54,532.59,532.49,532.51,16118.0,532.542,106
2025-06-10 12:23:00-04:00,532.53,532.55,532.46,532.55,26234.0,532.51,173
2025-06-10 12:24:00-04:00,532.55,532.69,532.54,532.66,34694.0,532.625,205
2025-06-10 12:25:00-04:00,532.66,532.69,532.6,532.62,18847.0,532.639,118
2025-06-10 12:26:00-04:00,532.63,532.77,532.62,532.71,36007.0,532.695,237
2025-06-10 12:27:00-04:00,532.69,532.77,532.64,532.75,31613.0,532.718,160
2025-06-10 12:28:00-04:00,532.75,533.06,532.75,532.83,300848.0,532.961,1000
2025-06-10 12:29:00-04:00,532.82,532.91,532.73,532.87,60993.0,532.826,340
2025-06-10 12:30:00-04:00,532.88,532.92,532.73,532.74,52762.0,532.821,315
2025-06-10 12:31:00-04:00,532.72,532.79,532.7,532.7,22384.0,532.755,147
2025-06-10 12:32:00-04:00,532.7,532.89,532.7,532.83,27807.0,532.815,199
2025-06-10 12:33:00-04:00,532.84,532.84,532.77,532.8,29420.0,532.805,170
2025-06-10 12:34:00-04:00,532.81,532.85,532.79,532.8,18330.0,532.815,141
2025-06-10 12:35:00-04:00,532.81,532.86,532.71,532.79,38980.0,532.798,262
2025-06-10 12:36:00-04:00,532.8,532.8,532.64,532.74,30690.0,532.72,199
2025-06-10 12:37:00-04:00,532.76,532.84,532.72,532.74,28904.0,532.783,172
2025-06-10 12:38:00-04:00,532.74,532.79,532.71,532.74,53124.0,532.732,266
2025-06-10 12:39:00-04:00,532.74,532.82,532.71,532.74,18356.0,532.763,151
2025-06-10 12:40:00-04:00,532.73,532.76,532.55,532.69,50821.0,532.651,302
2025-06-10 12:41:00-04:00,532.68,532.79,532.66,532.72,25484.0,532.743,165
2025-06-10 12:42:00-04:00,532.7,532.81,532.68,532.73,25188.0,532.767,135
2025-06-10 12:43:00-04:00,532.74,532.76,532.67,532.67,19171.0,532.721,135
2025-06-10 12:44:00-04:00,532.67,532.7,532.51,532.57,38517.0,532.611,220
2025-06-10 12:45:00-04:00,532.58,532.66,532.54,532.6,51157.0,532.59,338
2025-06-10 12:46:00-04:00,532.59,532.69,532.56,532.69,27219.0,532.628,195
2025-06-10 12:47:00-04:00,532.7,532.79,532.65,532.73,44502.0,532.719,258
2025-06-10 12:48:00-04:00,532.73,532.73,532.61,532.63,13358.0,532.669,87
2025-06-10 12:49:00-04:00,532.64,532.65,532.54,532.64,19290.0,532.595,125
2025-06-10 12:50:00-04:00,532.7,532.79,532.67,532.78,26974.0,532.72,157
2025-06-10 12:51:00-04:00,532.79,532.98,532.78,532.94,54551.0,532.895,265
2025-06-10 12:52:00-04:00,532.94,533.0,532.88,532.98,62272.0,532.975,271
2025-06-10 12:53:00-04:00,532.96,532.99,532.91,532.97,23087.0,532.965,126
2025-06-10 12:54:00-04:00,532.98,533.02,532.91,532.96,148109.0,532.992,682
2025-06-10 12:55:00-04:00,532.96,533.0,532.94,532.98,79596.0,532.988,380
2025-06-10 12:56:00-04:00,533.0,533.0,532.82,532.9,92163.0,532.946,546
2025-06-10 12:57:00-04:00,532.89,532.95,532.85,532.88,34621.0,532.901,177
2025-06-10 12:58:00-04:00,532.88,532.94,532.86,532.89,56022.0,532.899,231
2025-06-10 12:59:00-04:00,532.9,532.93,532.87,532.89,32566.0,532.906,126
2025-06-10 13:00:00-04:00,532.91,532.98,532.85,532.88,84080.0,532.93,300
2025-06-10 13:01:00-04:00,532.87,532.9,532.77,532.78,58812.0,532.839,206
2025-06-10 13:02:00-04:00,532.8,532.86,532.54,532.59,89991.0,532.666,240
2025-06-10 13:03:00-04:00,532.59,532.68,532.55,532.65,25363.0,532.608,160
2025-06-10 13:04:00-04:00,532.65,532.72,532.63,532.65,23335.0,532.681,134
2025-06-10 13:05:00-04:00,532.65,532.77,532.59,532.72,37965.0,532.69,237
2025-06-10 13:06:00-04:00,532.73,532.78,532.66,532.71,144290.0,532.689,485
2025-06-10 13:07:00-04:00,532.72,532.8,532.66,532.8,43246.0,532.731,237
2025-06-10 13:08:00-04:00,532.81,532.91,532.8,532.87,36940.0,532.86,232
2025-06-10 13:09:00-04:00,532.86,532.94,532.84,532.91,89030.0,532.908,270
2025-06-10 13:10:00-04:00,532.9,533.14,532.9,533.05,199117.0,533.029,834
2025-06-10 13:11:00-04:00,533.05,533.28,533.02,533.15,72528.0,533.153,356
2025-06-10 13:12:00-04:00,533.15,533.22,533.15,533.19,58064.0,533.196,189
2025-06-10 13:13:00-04:00,533.2,533.41,533.2,533.35,85206.0,533.323,378
2025-06-10 13:14:00-04:00,533.35,533.41,533.2,533.26,72296.0,533.303,356
2025-06-10 13:15:00-04:00,533.26,533.3,533.08,533.14,62977.0,533.217,386
2025-06-10 13:16:00-04:00,533.15,533.2,533.0,533.03,54955.0,533.098,342
2025-06-10 13:17:00-04:00,533.03,533.05,532.91,532.96,36626.0,532.965,271
2025-06-10 13:18:00-04:00,532.97,532.99,532.89,532.96,43060.0,532.935,267
2025-06-10 13:19:00-04:00,532.96,532.98,532.81,532.87,31291.0,532.878,181
2025-06-10 13:20:00-04:00,532.87,532.96,532.83,532.91,24307.0,532.889,188
2025-06-10 13:21:00-04:00,532.91,533.09,532.91,533.03,42624.0,532.991,226
2025-06-10 13:22:00-04:00,533.03,533.08,532.99,533.03,34874.0,533.027,201
2025-06-10 13:23:00-04:00,533.03,533.08,532.97,533.0,43504.0,533.014,185
2025-06-10 13:24:00-04:00,532.98,533.03,532.92,532.94,52586.0,532.968,243
2025-06-10 13:25:00-04:00,532.93,533.0,532.91,532.92,53167.0,532.952,301
2025-06-10 13:26:00-04:00,532.92,532.94,532.64,532.66,104059.0,532.737,525
2025-06-10 13:27:00-04:00,532.63,532.73,532.58,532.6,57752.0,532.677,340
2025-06-10 13:28:00-04:00,532.57,532.67,532.46,532.64,85554.0,532.554,418
2025-06-10 13:29:00-04:00,532.65,532.65,532.41,532.44,42596.0,532.565,273
2025-06-10 13:30:00-04:00,532.46,532.49,532.27,532.35,120025.0,532.376,567
2025-06-10 13:31:00-04:00,532.36,532.49,532.25,532.4,123403.0,532.37,550
2025-06-10 13:32:00-04:00,532.41,532.49,532.41,532.43,45323.0,532.441,260
2025-06-10 13:33:00-04:00,532.43,532.49,532.26,532.31,35773.0,532.393,217
2025-06-10 13:34:00-04:00,532.3,532.39,532.26,532.36,23547.0,532.333,179
2025-06-10 13:35:00-04:00,532.38,532.52,532.38,532.42,40350.0,532.452,248
2025-06-10 13:36:00-04:00,532.42,532.45,532.23,532.28,46455.0,532.335,265
2025-06-10 13:37:00-04:00,532.3,532.39,532.25,532.39,33618.0,532.314,171
2025-06-10 13:38:00-04:00,532.37,532.4,532.24,532.25,42366.0,532.31,225
2025-06-10 13:39:00-04:00,532.24,532.28,532.16,532.24,61997.0,532.218,254
2025-06-10 13:40:00-04:00,532.24,532.24,531.9,531.93,98317.0,532.038,490
2025-06-10 13:41:00-04:00,531.95,532.23,531.9,532.18,71465.0,532.098,446
2025-06-10 13:42:00-04:00,532.17,532.27,532.13,532.27,82969.0,532.21,323
2025-06-10 13:43:00-04:00,532.27,532.27,532.18,532.23,48411.0,532.231,238
2025-06-10 13:44:00-04:00,532.23,532.24,532.15,532.22,40628.0,532.186,152
2025-06-10 13:45:00-04:00,532.23,532.36,532.16,532.34,35396.0,532.257,182
2025-06-10 13:46:00-04:00,532.34,532.34,532.2,532.27,40712.0,532.285,211
2025-06-10 13:47:00-04:00,532.26,532.27,532.17,532.19,28917.0,532.232,150
2025-06-10 13:48:00-04:00,532.18,532.24,532.11,532.14,32414.0,532.182,181
2025-06-10 13:49:00-04:00,532.12,532.19,532.01,532.18,33467.0,532.079,217
2025-06-10 13:50:00-04:00,532.18,532.41,532.16,532.38,70273.0,532.301,426
2025-06-10 13:51:00-04:00,532.36,532.4,532.29,532.35,30296.0,532.355,196
2025-06-10 13:52:00-04:00,532.34,532.34,532.18,532.3,35702.0,532.258,186
2025-06-10 13:53:00-04:00,532.3,532.46,532.29,532.36,42239.0,532.383,197
2025-06-10 13:54:00-04:00,532.35,532.36,532.23,532.28,26269.0,532.275,152
2025-06-10 13:55:00-04:00,532.28,532.38,532.2,532.22,38140.0,532.256,163
2025-06-10 13:56:00-04:00,532.22,532.34,532.21,532.25,24914.0,532.283,137
2025-06-10 13:57:00-04:00,532.25,532.26,531.99,532.08,78897.0,532.099,371
2025-06-10 13:58:00-04:00,532.08,532.15,532.07,532.1,50121.0,532.103,263
2025-06-10 13:59:00-04:00,532.09,532.1,531.97,532.02,50477.0,532.037,213
2025-06-10 14:00:00-04:00,532.03,532.03,530.78,531.43,369598.0,531.313,2234
2025-06-10 14:01:00-04:00,531.43,531.44,530.91,531.2,238534.0,531.111,1379
2025-06-10 14:02:00-04:00,531.15,531.6,530.98,531.56,185212.0,531.358,1089
2025-06-10 14:03:00-04:00,531.55,531.6,531.37,531.54,84226.0,531.497,482
2025-06-10 14:04:00-04:00,531.53,531.53,531.22,531.31,76807.0,531.379,433
2025-06-10 14:05:00-04:00,531.3,531.35,530.89,531.35,173131.0,531.098,1030
2025-06-10 14:06:00-04:00,531.35,531.4,531.12,531.35,72898.0,531.275,452
2025-06-10 14:07:00-04:00,531.36,531.63,531.34,531.57,70685.0,531.479,392
2025-06-10 14:08:00-04:00,531.55,531.74,531.51,531.58,68372.0,531.641,406
2025-06-10 14:09:00-04:00,531.57,531.76,531.5,531.67,44826.0,531.638,260
2025-06-10 14:10:00-04:00,531.67,531.68,531.4,531.51,60617.0,531.508,321
2025-06-10 14:11:00-04:00,531.51,531.53,531.34,531.4,27722.0,531.421,174
2025-06-10 14:12:00-04:00,531.4,531.51,531.29,531.46,29746.0,531.381,192
2025-06-10 14:13:00-04:00,531.44,531.55,531.43,531.5,19790.0,531.484,140
2025-06-10 14:14:00-04:00,531.51,531.59,531.49,531.58,13634.0,531.549,98
2025-06-10 14:15:00-04:00,531.56,531.76,531.54,531.76,23563.0,531.668,171
2025-06-10 14:16:00-04:00,531.77,531.9,531.73,531.77,49872.0,531.833,298
2025-06-10 14:17:00-04:00,531.77,531.93,531.77,531.9,56369.0,531.867,325
2025-06-10 14:18:00-04:00,531.9,532.04,531.86,532.01,21742.0,531.977,141
2025-06-10 14:19:00-04:00,532.02,532.14,532.01,532.06,33837.0,532.072,220
2025-06-10 14:20:00-04:00,532.07,532.15,532.03,532.03,37450.0,532.083,227
2025-06-10 14:21:00-04:00,532.03,532.07,531.91,531.97,24065.0,531.978,173
2025-06-10 14:22:00-04:00,531.96,532.06,531.85,532.02,36476.0,531.947,214
2025-06-10 14:23:00-04:00,532.04,532.05,531.99,532.0,17154.0,532.026,109
2025-06-10 14:24:00-04:00,531.98,532.15,531.98,532.11,32944.0,532.102,196
2025-06-10 14:25:00-04:00,532.11,532.12,532.02,532.02,29481.0,532.074,179
2025-06-10 14:26:00-04:00,532.03,532.14,531.98,532.09,26234.0,532.037,160
2025-06-10 14:27:00-04:00,532.1,532.16,531.97,531.98,34729.0,532.084,196
2025-06-10 14:28:00-04:00,531.99,532.06,531.83,531.92,43501.0,531.945,264
2025-06-10 14:29:00-04:00,531.91,532.1,531.9,532.05,29570.0,532.045,188
2025-06-10 14:30:00-04:00,532.04,532.17,532.03,532.09,38431.0,532.083,251
2025-06-10 14:31:00-04:00,532.08,532.2,532.02,532.18,39047.0,532.108,247
2025-06-10 14:32:00-04:00,532.18,532.24,532.01,532.06,47003.0,532.161,284
2025-06-10 14:33:00-04:00,532.04,532.14,532.02,532.08,28294.0,532.086,186
2025-06-10 14:34:00-04:00,532.06,532.23,532.05,532.21,34507.0,532.179,207
2025-06-10 14:35:00-04:00,532.21,532.33,532.21,532.31,91333.0,532.28,370
2025-06-10 14:36:00-04:00,532.31,532.48,532.31,532.45,73547.0,532.417,332
2025-06-10 14:37:00-04:00,532.47,532.51,532.4,532.44,31260.0,532.45,211
2025-06-10 14:38:00-04:00,532.42,532.49,532.41,532.42,20675.0,532.445,158
2025-06-10 14:39:00-04:00,532.41,532.43,532.29,532.34,36920.0,532.368,250
2025-06-10 14:40:00-04:00,532.33,532.44,532.33,532.36,25045.0,532.389,185
2025-06-10 14:41:00-04:00,532.36,532.39,532.27,532.32,21610.0,532.332,144
2025-06-10 14:42:00-04:00,532.31,532.36,532.27,532.31,25052.0,532.323,170
2025-06-10 14:43:00-04:00,532.31,532.49,532.31,532.49,30393.0,532.419,172
2025-06-10 14:44:00-04:00,532.48,532.51,532.44,532.49,40256.0,532.481,197
2025-06-10 14:45:00-04:00,532.5,532.52,532.45,532.49,35502.0,532.485,201
2025-06-10 14:46:00-04:00,532.5,532.51,532.45,532.49,19234.0,532.48,134
2025-06-10 14:47:00-04:00,532.48,532.56,532.4,532.55,49160.0,532.482,248
2025-06-10 14:48:00-04:00,532.56,532.59,532.48,532.5,38716.0,532.526,248
2025-06-10 14:49:00-04:00,532.5,532.54,532.43,532.51,37513.0,532.507,184
2025-06-10 14:50:00-04:00,532.52,532.66,532.52,532.65,36334.0,532.576,226
2025-06-10 14:51:00-04:00,532.65,532.86,532.64,532.85,101697.0,532.755,535
2025-06-10 14:52:00-04:00,532.86,533.02,532.86,532.93,79295.0,532.938,481
2025-06-10 14:53:00-04:00,532.93,533.06,532.92,533.02,75979.0,533.004,437
2025-06-10 14:54:00-04:00,533.02,533.17,533.01,533.16,101052.0,533.098,540
2025-06-10 14:55:00-04:00,533.15,533.32,533.14,533.21,161440.0,533.231,750
2025-06-10 14:56:00-04:00,533.21,534.31,533.2,534.08,418024.0,533.794,2689
2025-06-10 14:57:00-04:00,534.1,534.13,533.73,533.74,188641.0,533.942,1074
2025-06-10 14:58:00-04:00,533.74,534.08,533.73,534.04,90387.0,533.957,534
2025-06-10 14:59:00-04:00,534.05,534.18,533.84,533.85,165512.0,534.015,967
2025-06-10 15:00:00-04:00,533.83,534.05,533.82,534.02,185193.0,533.964,870
2025-06-10 15:01:00-04:00,534.02,534.06,533.88,533.9,80757.0,533.97,473
2025-06-10 15:02:00-04:00,533.9,534.03,533.86,534.01,90162.0,533.954,626
2025-06-10 15:03:00-04:00,534.01,534.19,533.99,534.1,123081.0,534.111,691
2025-06-10 15:04:00-04:00,534.1,534.47,534.09,534.34,148807.0,534.314,914
2025-06-10 15:05:00-04:00,534.34,534.9,534.31,534.78,212285.0,534.612,1318
2025-06-10 15:06:00-04:00,534.79,534.9,534.54,534.56,133604.0,534.725,809
2025-06-10 15:07:00-04:00,534.54,534.6,534.47,534.56,85937.0,534.539,487
2025-06-10 15:08:00-04:00,534.57,534.65,534.5,534.5,57677.0,534.595,340
2025-06-10 15:09:00-04:00,534.5,534.63,534.47,534.6,45892.0,534.564,296
2025-06-10 15:10:00-04:00,534.59,534.7,534.56,534.66,157579.0,534.647,723
2025-06-10 15:11:00-04:00,534.66,534.69,534.47,534.62,147166.0,534.579,732
2025-06-10 15:12:00-04:00,534.62,534.76,534.62,534.69,87443.0,534.691,497
2025-06-10 15:13:00-04:00,534.69,534.81,534.69,534.76,150629.0,534.773,573
2025-06-10 15:14:00-04:00,534.76,534.82,534.48,534.57,127519.0,534.68,834
2025-06-10 15:15:00-04:00,534.59,534.62,534.3,534.33,134803.0,534.433,759
2025-06-10 15:16:00-04:00,534.35,534.35,534.04,534.09,157039.0,534.201,903
2025-06-10 15:17:00-04:00,534.11,534.16,533.66,533.72,120689.0,533.909,685
2025-06-10 15:18:00-04:00,533.72,534.07,533.65,534.03,143456.0,533.812,865
2025-06-10 15:19:00-04:00,534.03,534.15,534.03,534.1,89388.0,534.091,525
2025-06-10 15:20:00-04:00,534.11,534.18,533.99,534.11,56883.0,534.075,406
2025-06-10 15:21:00-04:00,534.12,534.35,534.12,534.32,52165.0,534.224,381
2025-06-10 15:22:00-04:00,534.27,534.39,534.22,534.35,48515.0,534.299,325
2025-06-10 15:23:00-04:00,534.35,534.36,534.2,534.28,49475.0,534.284,334
2025-06-10 15:24:00-04:00,534.29,534.36,534.2,534.31,51045.0,534.297,368
2025-06-10 15:25:00-04:00,534.31,534.31,534.13,534.25,60827.0,534.227,391
2025-06-10 15:26:00-04:00,534.24,534.44,534.23,534.38,70056.0,534.365,439
2025-06-10 15:27:00-04:00,534.37,534.37,534.25,534.34,51923.0,534.317,327
2025-06-10 15:28:00-04:00,534.31,534.35,534.23,534.29,32609.0,534.289,240
2025-06-10 15:29:00-04:00,534.28,534.35,534.21,534.31,46593.0,534.278,303
2025-06-10 15:30:00-04:00,534.3,534.32,533.96,533.97,111824.0,534.098,697
2025-06-10 15:31:00-04:00,533.95,534.02,533.86,533.96,59321.0,533.931,398
2025-06-10 15:32:00-04:00,533.97,534.01,533.78,533.99,75879.0,533.903,400
2025-06-10 15:33:00-04:00,533.98,534.13,533.96,534.11,37231.0,534.056,275
2025-06-10 15:34:00-04:00,534.11,534.11,534.0,534.0,37502.0,534.048,251
2025-06-10 15:35:00-04:00,534.02,534.07,533.91,533.97,56016.0,533.979,367
2025-06-10 15:36:00-04:00,533.96,533.98,533.76,533.84,64102.0,533.848,393
2025-06-10 15:37:00-04:00,533.85,533.87,533.7,533.77,69144.0,533.783,418
2025-06-10 15:38:00-04:00,533.77,533.88,533.7,533.73,38898.0,533.783,285
2025-06-10 15:39:00-04:00,533.74,533.82,533.54,533.82,70016.0,533.729,498
2025-06-10 15:40:00-04:00,533.8,533.93,533.74,533.74,55931.0,533.84,400
2025-06-10 15:41:00-04:00,533.74,533.85,533.59,533.64,52582.0,533.743,331
2025-06-10 15:42:00-04:00,533.64,533.71,533.14,533.33,177064.0,533.425,905
2025-06-10 15:43:00-04:00,533.35,533.53,533.34,533.48,59648.0,533.442,424
2025-06-10 15:44:00-04:00,533.47,533.58,533.46,533.55,61825.0,533.522,411
2025-06-10 15:45:00-04:00,533.56,533.64,533.42,533.6,78124.0,533.518,497
2025-06-10 15:46:00-04:00,533.6,533.62,533.43,533.46,74832.0,533.53,508
2025-06-10 15:47:00-04:00,533.45,533.57,533.29,533.54,72722.0,533.436,433
2025-06-10 15:48:00-04:00,533.55,533.69,533.54,533.57,78319.0,533.608,505
2025-06-10 15:49:00-04:00,533.55,533.57,533.44,533.5,65603.0,533.507,441
2025-06-10 15:50:00-04:00,533.51,533.85,533.46,533.78,181204.0,533.651,1005
2025-06-10 15:51:00-04:00,533.78,533.9,533.76,533.82,109381.0,533.82,724
2025-06-10 15:52:00-04:00,533.81,533.83,533.49,533.56,79527.0,533.627,448
2025-06-10 15:53:00-04:00,533.55,533.57,532.94,533.15,207931.0,533.243,1190
2025-06-10 15:54:00-04:00,533.15,533.86,532.99,533.72,305978.0,533.506,1668
2025-06-10 15:55:00-04:00,533.73,534.07,533.62,534.0,208514.0,533.859,1170
2025-06-10 15:56:00-04:00,533.98,534.1,533.96,534.06,118440.0,534.024,649
2025-06-10 15:57:00-04:00,534.07,534.16,533.92,534.13,134056.0,534.069,754
2025-06-10 15:58:00-04:00,534.13,534.22,534.04,534.14,200435.0,534.147,1109
2025-06-10 15:59:00-04:00,534.13,534.42,533.98,534.27,820173.0,534.196,4391
2025-06-11 09:30:00-04:00,535.63,535.81,535.2,535.61,398111.0,535.534,1480
2025-06-11 09:31:00-04:00,535.57,535.75,534.58,534.64,228087.0,535.186,1390
2025-06-11 09:32:00-04:00,534.62,534.97,534.41,534.94,147664.0,534.626,859
2025-06-11 09:33:00-04:00,534.94,534.95,534.33,534.72,206634.0,534.537,1096
2025-06-11 09:34:00-04:00,534.71,534.74,534.4,534.56,106269.0,534.597,661
2025-06-11 09:35:00-04:00,534.55,534.81,534.28,534.4,254995.0,534.458,1411
2025-06-11 09:36:00-04:00,534.4,534.98,534.27,534.86,154519.0,534.625,930
2025-06-11 09:37:00-04:00,534.89,535.0,534.68,534.88,114906.0,534.83,698
2025-06-11 09:38:00-04:00,534.91,535.15,534.77,534.99,266829.0,534.96,1394
2025-06-11 09:39:00-04:00,534.99,535.28,534.9,535.14,106553.0,535.157,558
2025-06-11 09:40:00-04:00,535.11,535.14,534.6,534.74,106198.0,534.894,649
2025-06-11 09:41:00-04:00,534.76,535.17,534.55,534.76,82209.0,534.874,509
2025-06-11 09:42:00-04:00,534.72,535.0,534.5,534.77,91400.0,534.782,549
2025-06-11 09:43:00-04:00,534.7,534.8,534.52,534.75,92041.0,534.679,557
2025-06-11 09:44:00-04:00,534.75,534.83,534.5,534.55,86917.0,534.643,489
2025-06-11 09:45:00-04:00,534.55,534.62,534.28,534.28,132606.0,534.434,787
2025-06-11 09:46:00-04:00,534.3,534.3,533.33,533.37,335695.0,533.848,1636
2025-06-11 09:47:00-04:00,533.39,533.64,533.19,533.43,157770.0,533.402,973
2025-06-11 09:48:00-04:00,533.42,533.61,533.27,533.55,102761.0,533.43,628
2025-06-11 09:49:00-04:00,533.59,534.14,533.51,534.09,130848.0,533.787,749
2025-06-11 09:50:00-04:00,534.1,534.4,534.07,534.3,137780.0,534.224,843
2025-06-11 09:51:00-04:00,534.3,534.74,534.29,534.71,140613.0,534.592,887
2025-06-11 09:52:00-04:00,534.72,535.04,534.62,535.0,120441.0,534.854,644
2025-06-11 09:53:00-04:00,535.0,535.16,534.94,535.13,119712.0,535.083,669
2025-06-11 09:54:00-04:00,535.12,535.15,534.74,534.78,153065.0,534.934,804
2025-06-11 09:55:00-04:00,534.79,535.06,534.44,535.05,129775.0,534.716,731
2025-06-11 09:56:00-04:00,535.07,535.1,534.79,534.95,73025.0,534.924,401
2025-06-11 09:57:00-04:00,534.93,534.93,534.58,534.7,83722.0,534.741,507
2025-06-11 09:58:00-04:00,534.71,534.91,534.61,534.61,39622.0,534.77,278
2025-06-11 09:59:00-04:00,534.62,534.76,534.48,534.76,58064.0,534.614,361
2025-06-11 10:00:00-04:00,534.78,535.11,534.66,535.09,102217.0,534.929,642
2025-06-11 10:01:00-04:00,535.09,535.2,534.87,535.09,170802.0,535.099,785
2025-06-11 10:02:00-04:00,535.1,535.17,534.83,534.93,56300.0,534.988,321
2025-06-11 10:03:00-04:00,534.92,534.99,534.71,534.85,30968.0,534.845,209
2025-06-11 10:04:00-04:00,534.81,535.01,534.77,534.98,48408.0,534.889,290
2025-06-11 10:05:00-04:00,534.98,535.11,534.84,534.93,98790.0,534.988,575
2025-06-11 10:06:00-04:00,534.95,535.06,534.9,535.01,135179.0,535.025,708
2025-06-11 10:07:00-04:00,535.0,535.2,534.73,534.83,109825.0,534.919,757
2025-06-11 10:08:00-04:00,534.82,534.96,534.58,534.89,73081.0,534.756,461
2025-06-11 10:09:00-04:00,534.92,535.31,534.88,535.2,132186.0,535.121,726
2025-06-11 10:10:00-04:00,535.2,535.32,534.99,535.26,99724.0,535.193,580
2025-06-11 10:11:00-04:00,535.26,535.37,535.19,535.34,128985.0,535.289,696
2025-06-11 10:12:00-04:00,535.35,535.52,535.23,535.48,138087.0,535.407,737
2025-06-11 10:13:00-04:00,535.48,535.54,535.34,535.54,74547.0,535.414,365
2025-06-11 10:14:00-04:00,535.55,535.6,535.44,535.55,63419.0,535.519,446
2025-06-11 10:15:00-04:00,535.54,535.57,535.34,535.45,80520.0,535.455,538
2025-06-11 10:16:00-04:00,535.46,535.66,535.41,535.56,112569.0,535.529,639
2025-06-11 10:17:00-04:00,535.57,535.62,535.27,535.41,66410.0,535.48,433
2025-06-11 10:18:00-04:00,535.41,535.66,535.41,535.58,67284.0,535.566,429
2025-06-11 10:19:00-04:00,535.57,535.77,535.56,535.67,77267.0,535.673,476
2025-06-11 10:20:00-04:00,535.63,535.65,535.45,535.54,62207.0,535.574,410
2025-06-11 10:21:00-04:00,535.52,535.69,535.43,535.61,41692.0,535.559,230
2025-06-11 10:22:00-04:00,535.63,535.87,535.6,535.76,91555.0,535.761,516
2025-06-11 10:23:00-04:00,535.78,535.94,535.78,535.82,105610.0,535.868,542
2025-06-11 10:24:00-04:00,535.87,535.98,535.85,535.97,56199.0,535.925,342
2025-06-11 10:25:00-04:00,535.95,536.02,535.87,535.99,145903.0,535.973,667
2025-06-11 10:26:00-04:00,535.99,536.12,535.99,536.07,60765.0,536.059,350
2025-06-11 10:27:00-04:00,536.09,536.22,536.08,536.19,60548.0,536.168,410
2025-06-11 10:28:00-04:00,536.2,536.26,536.0,536.05,132237.0,536.164,729
2025-06-11 10:29:00-04:00,536.04,536.24,536.02,536.13,42390.0,536.137,277
2025-06-11 10:30:00-04:00,536.14,536.17,536.0,536.1,44616.0,536.091,286
2025-06-11 10:31:00-04:00,536.12,536.17,535.92,535.92,62710.0,536.053,431
2025-06-11 10:32:00-04:00,535.93,536.02,535.84,535.99,76678.0,535.942,529
2025-06-11 10:33:00-04:00,536.0,536.21,535.98,536.08,69189.0,536.085,281
2025-06-11 10:34:00-04:00,536.08,536.32,535.99,536.26,101528.0,536.225,562
2025-06-11 10:35:00-04:00,536.28,536.34,536.08,536.13,65769.0,536.244,377
2025-06-11 10:36:00-04:00,536.16,536.42,536.15,536.31,66173.0,536.331,374
2025-06-11 10:37:00-04:00,536.31,536.31,536.05,536.09,68478.0,536.169,465
2025-06-11 10:38:00-04:00,536.09,536.3,536.08,536.29,39173.0,536.194,258
2025-06-11 10:39:00-04:00,536.29,536.39,536.15,536.17,43575.0,536.299,260
2025-06-11 10:40:00-04:00,536.18,536.28,536.16,536.23,54454.0,536.203,336
2025-06-11 10:41:00-04:00,536.21,536.32,536.17,536.29,32997.0,536.243,211
2025-06-11 10:42:00-04:00,536.3,536.35,535.92,536.06,150380.0,536.109,773
2025-06-11 10:43:00-04:00,536.07,536.19,536.04,536.13,35957.0,536.128,244
2025-06-11 10:44:00-04:00,536.17,536.32,536.1,536.32,68245.0,536.194,353
2025-06-11 10:45:00-04:00,536.33,536.37,536.19,536.34,50768.0,536.289,314
2025-06-11 10:46:00-04:00,536.34,536.35,536.21,536.34,68600.0,536.305,394
2025-06-11 10:47:00-04:00,536.32,536.34,536.17,536.28,38308.0,536.243,248
2025-06-11 10:48:00-04:00,536.27,536.48,536.25,536.4,72514.0,536.401,433
2025-06-11 10:49:00-04:00,536.41,536.42,536.05,536.09,102548.0,536.226,592
2025-06-11 10:50:00-04:00,536.06,536.28,536.05,536.16,33866.0,536.181,231
2025-06-11 10:51:00-04:00,536.17,536.44,536.14,536.44,47960.0,536.295,284
2025-06-11 10:52:00-04:00,536.44,536.55,536.44,536.53,87937.0,536.494,482
2025-06-11 10:53:00-04:00,536.52,536.55,536.42,536.45,46250.0,536.47,248
2025-06-11 10:54:00-04:00,536.44,536.53,536.41,536.53,55855.0,536.455,340
2025-06-11 10:55:00-04:00,536.5,536.64,536.46,536.59,75796.0,536.568,361
2025-06-11 10:56:00-04:00,536.6,536.6,536.42,536.55,110284.0,536.536,583
2025-06-11 10:57:00-04:00,536.55,536.67,536.53,536.66,60254.0,536.597,342
2025-06-11 10:58:00-04:00,536.65,536.69,536.49,536.5,73260.0,536.589,361
2025-06-11 10:59:00-04:00,536.49,536.6,536.48,536.56,33919.0,536.555,244
2025-06-11 11:00:00-04:00,536.55,536.7,536.53,536.69,75661.0,536.645,417
2025-06-11 11:01:00-04:00,536.7,536.73,536.57,536.67,64301.0,536.67,331
2025-06-11 11:02:00-04:00,536.66,536.7,536.54,536.65,39943.0,536.619,218
2025-06-11 11:03:00-04:00,536.62,536.73,536.62,536.7,37056.0,536.676,192
2025-06-11 11:04:00-04:00,536.71,536.78,536.68,536.77,48245.0,536.735,264
2025-06-11 11:05:00-04:00,536.75,536.75,536.5,536.51,90545.0,536.651,463
2025-06-11 11:06:00-04:00,536.52,536.62,536.42,536.59,56681.0,536.527,322
2025-06-11 11:07:00-04:00,536.58,536.62,536.46,536.46,62605.0,536.555,339
2025-06-11 11:08:00-04:00,536.45,536.45,535.84,536.06,306009.0,536.125,1828
2025-06-11 11:09:00-04:00,536.02,536.05,535.15,535.17,220288.0,535.528,1261
2025-06-11 11:10:00-04:00,535.16,535.78,534.84,535.73,213629.0,535.309,1318
2025-06-11 11:11:00-04:00,535.7,535.86,535.52,535.8,77137.0,535.719,447
2025-06-11 11:12:00-04:00,535.78,535.99,535.67,535.97,95701.0,535.818,608
2025-06-11 11:13:00-04:00,535.97,536.03,535.68,535.87,133266.0,535.848,782
2025-06-11 11:14:00-04:00,535.86,535.87,535.6,535.75,58117.0,535.733,373
2025-06-11 11:15:00-04:00,535.8,536.04,535.72,536.04,95781.0,535.918,492
2025-06-11 11:16:00-04:00,536.03,536.22,536.0,536.12,92696.0,536.101,425
2025-06-11 11:17:00-04:00,536.1,536.31,536.08,536.19,79208.0,536.205,467
2025-06-11 11:18:00-04:00,536.21,536.3,536.13,536.16,50216.0,536.233,282
2025-06-11 11:19:00-04:00,536.17,536.23,536.13,536.14,55123.0,536.171,270
2025-06-11 11:20:00-04:00,536.13,536.15,535.99,536.11,92031.0,536.068,460
2025-06-11 11:21:00-04:00,536.08,536.18,535.93,536.1,68088.0,536.042,363
2025-06-11 11:22:00-04:00,536.12,536.24,536.08,536.19,29339.0,536.17,177
2025-06-11 11:23:00-04:00,536.2,536.27,536.14,536.26,34904.0,536.225,190
2025-06-11 11:24:00-04:00,536.27,536.32,536.2,536.23,108983.0,536.285,401
2025-06-11 11:25:00-04:00,536.21,536.22,535.69,535.69,109710.0,535.918,593
2025-06-11 11:26:00-04:00,535.68,535.75,535.53,535.68,99113.0,535.61,348
2025-06-11 11:27:00-04:00,535.67,535.8,535.56,535.78,62191.0,535.687,378
2025-06-11 11:28:00-04:00,535.77,535.85,535.67,535.78,41388.0,535.758,258
2025-06-11 11:29:00-04:00,535.77,535.81,535.56,535.64,45501.0,535.659,245
2025-06-11 11:30:00-04:00,535.66,535.75,535.54,535.63,51273.0,535.642,291
2025-06-11 11:31:00-04:00,535.6,535.64,535.44,535.64,51043.0,535.525,313
2025-06-11 11:32:00-04:00,535.65,535.76,535.6,535.65,43851.0,535.7,281
2025-06-11 11:33:00-04:00,535.64,535.73,535.53,535.64,24742.0,535.632,171
2025-06-11 11:34:00-04:00,535.63,535.7,535.52,535.58,61361.0,535.59,405
2025-06-11 11:35:00-04:00,535.55,535.69,535.48,535.66,40782.0,535.609,259
2025-06-11 11:36:00-04:00,535.66,535.8,535.47,535.64,52676.0,535.633,325
2025-06-11 11:37:00-04:00,535.63,535.76,535.55,535.73,28815.0,535.671,186
2025-06-11 11:38:00-04:00,535.71,535.84,535.66,535.66,50415.0,535.764,346
2025-06-11 11:39:00-04:00,535.65,535.68,535.38,535.45,48974.0,535.518,249
2025-06-11 11:40:00-04:00,535.44,535.56,535.35,535.54,38755.0,535.455,263
2025-06-11 11:41:00-04:00,535.53,535.55,535.3,535.34,36194.0,535.472,186
2025-06-11 11:42:00-04:00,535.35,535.36,535.16,535.31,67770.0,535.255,318
2025-06-11 11:43:00-04:00,535.3,535.46,535.26,535.29,67635.0,535.387,390
2025-06-11 11:44:00-04:00,535.28,535.28,535.02,535.13,88351.0,535.114,474
2025-06-11 11:45:00-04:00,535.13,535.29,535.13,535.27,82547.0,535.199,461
2025-06-11 11:46:00-04:00,535.28,535.52,535.15,535.52,92426.0,535.354,625
2025-06-11 11:47:00-04:00,535.53,535.54,535.37,535.4,62997.0,535.455,441
2025-06-11 11:48:00-04:00,535.4,535.4,534.77,534.85,126688.0,535.017,737
2025-06-11 11:49:00-04:00,534.81,535.14,534.64,535.12,126976.0,534.892,707
2025-06-11 11:50:00-04:00,535.13,535.2,535.0,535.06,64424.0,535.109,391
2025-06-11 11:51:00-04:00,535.05,535.32,535.05,535.29,73309.0,535.223,429
2025-06-11 11:52:00-04:00,535.29,535.38,535.27,535.32,63286.0,535.325,381
2025-06-11 11:53:00-04:00,535.3,535.48,535.29,535.46,29092.0,535.404,227
2025-06-11 11:54:00-04:00,535.47,535.71,535.47,535.63,89642.0,535.601,414
2025-06-11 11:55:00-04:00,535.64,535.64,535.27,535.29,61473.0,535.431,345
2025-06-11 11:56:00-04:00,535.3,535.37,535.12,535.29,46303.0,535.222,232
2025-06-11 11:57:00-04:00,535.27,535.3,535.07,535.15,31389.0,535.181,192
2025-06-11 11:58:00-04:00,535.13,535.15,534.92,535.02,73460.0,535.019,486
2025-06-11 11:59:00-04:00,535.0,535.19,534.88,535.03,50297.0,535.064,315
2025-06-11 12:00:00-04:00,535.07,535.27,535.04,535.26,154930.0,535.126,713
2025-06-11 12:01:00-04:00,535.24,535.34,535.03,535.1,65462.0,535.196,413
2025-06-11 12:02:00-04:00,535.09,535.2,535.03,535.08,118116.0,535.095,660
2025-06-11 12:03:00-04:00,535.09,535.24,534.96,535.23,145206.0,535.083,896
2025-06-11 12:04:00-04:00,535.22,535.26,534.9,535.04,56203.0,535.079,392
2025-06-11 12:05:00-04:00,535.03,535.07,534.64,534.78,115718.0,534.787,623
2025-06-11 12:06:00-04:00,534.77,534.86,534.41,534.41,139378.0,534.547,784
2025-06-11 12:07:00-04:00,534.39,534.57,534.05,534.53,189005.0,534.328,1120
2025-06-11 12:08:00-04:00,534.52,534.67,534.47,534.48,118521.0,534.557,680
2025-06-11 12:09:00-04:00,534.5,534.72,534.41,534.56,81482.0,534.582,478
2025-06-11 12:10:00-04:00,534.56,534.58,533.77,533.81,178804.0,534.072,963
2025-06-11 12:11:00-04:00,533.8,533.89,533.56,533.83,140416.0,533.717,830
2025-06-11 12:12:00-04:00,533.84,534.2,533.79,534.13,100631.0,534.004,610
2025-06-11 12:13:00-04:00,534.16,534.37,534.13,534.36,54460.0,534.272,332
2025-06-11 12:14:00-04:00,534.36,534.42,534.06,534.1,77004.0,534.219,437
2025-06-11 12:15:00-04:00,534.1,534.34,534.07,534.23,73156.0,534.218,453
2025-06-11 12:16:00-04:00,534.21,534.29,533.99,534.28,47800.0,534.143,279
2025-06-11 12:17:00-04:00,534.27,534.31,533.81,533.84,45538.0,534.086,256
2025-06-11 12:18:00-04:00,533.83,533.92,533.59,533.8,75771.0,533.742,436
2025-06-11 12:19:00-04:00,533.76,533.86,533.38,533.58,144598.0,533.601,784
2025-06-11 12:20:00-04:00,533.58,533.63,533.33,533.47,83694.0,533.48,550
2025-06-11 12:21:00-04:00,533.44,533.51,532.97,533.46,215423.0,533.227,1021
2025-06-11 12:22:00-04:00,533.48,533.65,533.4,533.65,76176.0,533.53,487
2025-06-11 12:23:00-04:00,533.65,533.92,533.63,533.92,87364.0,533.794,548
2025-06-11 12:24:00-04:00,533.92,533.92,533.67,533.82,56650.0,533.779,349
2025-06-11 12:25:00-04:00,533.81,534.05,533.75,534.05,52971.0,533.932,365
2025-06-11 12:26:00-04:00,534.05,534.24,533.91,534.21,86991.0,534.093,412
2025-06-11 12:27:00-04:00,534.23,534.49,534.23,534.46,67139.0,534.363,335
2025-06-11 12:28:00-04:00,534.46,534.6,534.43,534.5,78444.0,534.536,420
2025-06-11 12:29:00-04:00,534.52,534.68,534.46,534.64,85062.0,534.591,306
2025-06-11 12:30:00-04:00,534.63,534.84,534.61,534.74,72072.0,534.732,422
2025-06-11 12:31:00-04:00,534.75,534.91,534.73,534.9,44136.0,534.82,223
2025-06-11 12:32:00-04:00,534.9,534.93,534.53,534.7,97642.0,534.62,402
2025-06-11 12:33:00-04:00,534.69,534.8,534.64,534.65,50123.0,534.732,297
2025-06-11 12:34:00-04:00,534.67,534.78,534.66,534.75,27143.0,534.731,148
2025-06-11 12:35:00-04:00,534.73,534.8,534.47,534.49,66109.0,534.629,400
2025-06-11 12:36:00-04:00,534.5,534.66,534.32,534.57,65214.0,534.463,419
2025-06-11 12:37:00-04:00,534.55,534.6,534.44,534.48,32984.0,534.521,211
2025-06-11 12:38:00-04:00,534.49,534.69,534.38,534.68,48093.0,534.551,297
2025-06-11 12:39:00-04:00,534.67,534.68,534.39,534.39,39824.0,534.516,233
2025-06-11 12:40:00-04:00,534.4,534.48,534.3,534.42,57314.0,534.394,341
2025-06-11 12:41:00-04:00,534.43,534.45,534.25,534.25,30245.0,534.339,219
2025-06-11 12:42:00-04:00,534.23,534.39,534.15,534.25,33847.0,534.264,220
2025-06-11 12:43:00-04:00,534.22,534.55,534.21,534.55,77772.0,534.388,482
2025-06-11 12:44:00-04:00,534.49,534.52,534.29,534.32,51587.0,534.409,308
2025-06-11 12:45:00-04:00,534.34,534.38,534.16,534.32,48613.0,534.26,307
2025-06-11 12:46:00-04:00,534.32,534.56,534.25,534.52,46489.0,534.419,316
2025-06-11 12:47:00-04:00,534.5,534.71,534.5,534.69,43737.0,534.618,249
2025-06-11 12:48:00-04:00,534.68,534.85,534.68,534.7,57324.0,534.757,320
2025-06-11 12:49:00-04:00,534.71,534.77,534.67,534.7,23866.0,534.713,131
2025-06-11 12:50:00-04:00,534.69,534.9,534.68,534.8,88787.0,534.843,394
2025-06-11 12:51:00-04:00,534.79,534.9,534.74,534.88,30042.0,534.826,208
2025-06-11 12:52:00-04:00,534.87,534.88,534.54,534.54,49906.0,534.712,261
2025-06-11 12:53:00-04:00,534.53,534.6,534.34,534.6,61865.0,534.454,384
2025-06-11 12:54:00-04:00,534.57,534.64,534.42,534.51,27685.0,534.492,160
2025-06-11 12:55:00-04:00,534.51,534.57,534.44,534.45,27222.0,534.498,182
2025-06-11 12:56:00-04:00,534.46,534.57,534.46,534.47,18543.0,534.522,126
2025-06-11 12:57:00-04:00,534.47,534.54,534.39,534.54,16438.0,534.463,108
2025-06-11 12:58:00-04:00,534.49,534.63,534.47,534.58,19343.0,534.581,109
2025-06-11 12:59:00-04:00,534.61,534.69,534.58,534.64,23290.0,534.649,156
2025-06-11 13:00:00-04:00,534.64,534.76,534.49,534.54,60597.0,534.603,307
2025-06-11 13:01:00-04:00,534.57,534.67,534.44,534.67,31655.0,534.512,179
2025-06-11 13:02:00-04:00,534.7,535.06,534.66,535.02,87265.0,534.928,435
2025-06-11 13:03:00-04:00,535.01,535.14,534.89,535.09,59888.0,535.044,294
2025-06-11 13:04:00-04:00,535.1,535.34,535.09,535.29,94484.0,535.26,557
2025-06-11 13:05:00-04:00,535.31,535.34,535.13,535.23,70906.0,535.268,345
2025-06-11 13:06:00-04:00,535.25,535.39,535.19,535.24,59228.0,535.274,278
2025-06-11 13:07:00-04:00,535.26,535.48,535.26,535.48,53151.0,535.391,300
2025-06-11 13:08:00-04:00,535.47,535.55,535.43,535.52,50839.0,535.505,294
2025-06-11 13:09:00-04:00,535.53,535.61,535.45,535.55,81460.0,535.524,447
2025-06-11 13:10:00-04:00,535.54,535.61,535.39,535.39,72319.0,535.524,390
2025-06-11 13:11:00-04:00,535.4,535.59,535.39,535.53,49201.0,535.514,275
2025-06-11 13:12:00-04:00,535.53,535.56,535.41,535.46,36960.0,535.5,219
2025-06-11 13:13:00-04:00,535.43,535.43,535.16,535.21,41681.0,535.278,271
2025-06-11 13:14:00-04:00,535.22,535.28,535.15,535.19,30344.0,535.196,154
2025-06-11 13:15:00-04:00,535.19,535.27,534.97,535.12,58537.0,535.107,387
2025-06-11 13:16:00-04:00,535.12,535.23,535.02,535.22,21333.0,535.155,147
2025-06-11 13:17:00-04:00,535.22,535.33,535.21,535.28,28803.0,535.267,187
2025-06-11 13:18:00-04:00,535.3,535.36,535.2,535.33,70579.0,535.274,334
2025-06-11 13:19:00-04:00,535.33,535.4,535.15,535.15,23479.0,535.3,165
2025-06-11 13:20:00-04:00,535.17,535.27,535.13,535.27,19376.0,535.206,144
2025-06-11 13:21:00-04:00,535.26,535.32,535.23,535.3,17553.0,535.269,144
2025-06-11 13:22:00-04:00,535.31,535.32,535.21,535.29,14795.0,535.256,108
2025-06-11 13:23:00-04:00,535.29,535.39,535.27,535.36,21559.0,535.342,146
2025-06-11 13:24:00-04:00,535.36,535.4,535.24,535.34,15333.0,535.323,100
2025-06-11 13:25:00-04:00,535.34,535.48,535.34,535.43,29607.0,535.416,213
2025-06-11 13:26:00-04:00,535.43,535.44,535.2,535.27,22038.0,535.304,127
2025-06-11 13:27:00-04:00,535.27,535.39,535.22,535.38,44201.0,535.334,264
2025-06-11 13:28:00-04:00,535.37,535.4,535.28,535.31,19919.0,535.315,116
2025-06-11 13:29:00-04:00,535.32,535.37,535.29,535.37,20589.0,535.322,142
2025-06-11 13:30:00-04:00,535.38,535.41,535.21,535.4,54779.0,535.313,249
2025-06-11 13:31:00-04:00,535.41,535.44,535.28,535.3,37318.0,535.374,229
2025-06-11 13:32:00-04:00,535.29,535.36,535.16,535.16,50994.0,535.236,308
2025-06-11 13:33:00-04:00,535.16,535.24,535.02,535.05,37288.0,535.117,312
2025-06-11 13:34:00-04:00,535.04,535.15,535.01,535.07,24560.0,535.079,179
2025-06-11 13:35:00-04:00,535.06,535.12,534.99,535.11,35362.0,535.077,251
2025-06-11 13:36:00-04:00,535.12,535.18,534.75,534.83,90263.0,534.907,505
2025-06-11 13:37:00-04:00,534.83,535.05,534.8,535.02,52134.0,534.914,330
2025-06-11 13:38:00-04:00,535.03,535.08,534.88,534.91,39491.0,534.957,215
2025-06-11 13:39:00-04:00,534.92,534.98,534.91,534.95,16317.0,534.951,114
2025-06-11 13:40:00-04:00,534.96,535.17,534.91,535.12,30380.0,535.053,237
2025-06-11 13:41:00-04:00,535.12,535.14,534.87,534.87,21943.0,535.004,172
2025-06-11 13:42:00-04:00,534.88,535.03,534.85,535.01,13641.0,534.927,119
2025-06-11 13:43:00-04:00,534.99,534.99,534.24,534.24,92494.0,534.532,497
2025-06-11 13:44:00-04:00,534.24,534.71,534.15,534.69,113028.0,534.467,670
2025-06-11 13:45:00-04:00,534.69,534.74,534.43,534.59,69050.0,534.615,431
2025-06-11 13:46:00-04:00,534.6,534.64,534.43,534.43,35354.0,534.556,240
2025-06-11 13:47:00-04:00,534.43,534.49,534.06,534.23,79315.0,534.269,436
2025-06-11 13:48:00-04:00,534.22,534.35,533.99,534.16,60233.0,534.18,344
2025-06-11 13:49:00-04:00,534.17,534.2,533.89,533.93,52140.0,534.01,346
2025-06-11 13:50:00-04:00,533.94,534.08,533.62,534.02,102390.0,533.855,687
2025-06-11 13:51:00-04:00,534.04,534.04,533.8,533.98,86079.0,533.951,592
2025-06-11 13:52:00-04:00,533.97,533.97,533.72,533.83,62649.0,533.848,447
2025-06-11 13:53:00-04:00,533.83,533.92,533.81,533.88,75529.0,533.871,349
2025-06-11 13:54:00-04:00,533.84,533.87,533.71,533.74,50752.0,533.805,344
2025-06-11 13:55:00-04:00,533.75,533.98,533.51,533.59,121658.0,533.762,759
2025-06-11 13:56:00-04:00,533.6,533.66,533.38,533.59,67547.0,533.503,407
2025-06-11 13:57:00-04:00,533.57,533.59,533.43,533.45,39522.0,533.513,293
2025-06-11 13:58:00-04:00,533.45,533.62,533.2,533.29,108078.0,533.387,658
2025-06-11 13:59:00-04:00,533.28,533.29,533.02,533.17,79363.0,533.137,484
2025-06-11 14:00:00-04:00,533.14,533.48,532.98,533.32,214963.0,533.272,1126
2025-06-11 14:01:00-04:00,533.33,533.35,532.56,532.68,212929.0,532.814,1120
2025-06-11 14:02:00-04:00,532.67,532.7,532.0,532.44,295488.0,532.238,1632
2025-06-11 14:03:00-04:00,532.39,532.44,531.7,531.83,218071.0,532.057,1306
2025-06-11 14:04:00-04:00,531.78,531.79,531.09,531.74,246758.0,531.456,1531
2025-06-11 14:05:00-04:00,531.72,532.07,531.59,532.07,221460.0,531.859,1209
2025-06-11 14:06:00-04:00,532.07,532.5,531.96,532.33,155581.0,532.215,1022
2025-06-11 14:07:00-04:00,532.34,532.46,531.86,532.21,138687.0,532.138,911
2025-06-11 14:08:00-04:00,532.21,532.59,532.15,532.46,136574.0,532.421,729
2025-06-11 14:09:00-04:00,532.46,532.7,532.33,532.47,108184.0,532.531,665
2025-06-11 14:10:00-04:00,532.49,532.54,531.97,532.36,204564.0,532.225,1256
2025-06-11 14:11:00-04:00,532.34,532.47,531.97,531.98,102899.0,532.278,720
2025-06-11 14:12:00-04:00,531.99,532.14,531.76,531.8,110597.0,531.964,688
2025-06-11 14:13:00-04:00,531.78,531.94,531.53,531.64,104256.0,531.708,606
2025-06-11 14:14:00-04:00,531.64,531.73,531.17,531.19,139092.0,531.454,893
2025-06-11 14:15:00-04:00,531.19,531.2,530.6,531.02,322616.0,530.904,2013
2025-06-11 14:16:00-04:00,531.04,531.04,530.53,530.53,155406.0,530.767,996
2025-06-11 14:17:00-04:00,530.53,530.95,530.11,530.81,339620.0,530.486,2093
2025-06-11 14:18:00-04:00,530.84,531.34,530.62,530.76,204057.0,531.008,1275
2025-06-11 14:19:00-04:00,530.75,531.14,530.66,531.11,131475.0,530.888,843
2025-06-11 14:20:00-04:00,531.11,531.51,531.04,531.42,157066.0,531.336,1028
2025-06-11 14:21:00-04:00,531.43,531.68,531.11,531.23,171896.0,531.41,1210
2025-06-11 14:22:00-04:00,531.23,531.38,531.0,531.09,108731.0,531.194,705
2025-06-11 14:23:00-04:00,531.07,531.56,530.99,531.56,83931.0,531.313,574
2025-06-11 14:24:00-04:00,531.57,531.93,531.52,531.75,116578.0,531.745,747
2025-06-11 14:25:00-04:00,531.76,532.03,531.73,531.98,84418.0,531.943,587
2025-06-11 14:26:00-04:00,531.98,532.23,531.58,531.63,127718.0,531.967,808
2025-06-11 14:27:00-04:00,531.66,531.83,531.31,531.63,116943.0,531.591,705
2025-06-11 14:28:00-04:00,531.61,531.74,531.37,531.61,133374.0,531.551,808
2025-06-11 14:29:00-04:00,531.62,531.75,531.46,531.54,96176.0,531.639,640
2025-06-11 14:30:00-04:00,531.59,531.63,530.86,530.91,258276.0,531.244,1639
2025-06-11 14:31:00-04:00,530.9,531.99,530.68,531.98,362905.0,531.245,2369
2025-06-11 14:32:00-04:00,532.0,532.29,531.7,532.2,218104.0,532.037,1310
2025-06-11 14:33:00-04:00,532.19,532.47,532.08,532.26,167426.0,532.259,1060
2025-06-11 14:34:00-04:00,532.22,532.43,532.15,532.15,123385.0,532.281,705
2025-06-11 14:35:00-04:00,532.13,532.17,531.85,532.01,95044.0,531.993,589
2025-06-11 14:36:00-04:00,532.04,532.54,531.98,532.5,98996.0,532.195,703
2025-06-11 14:37:00-04:00,532.5,532.71,532.43,532.52,144317.0,532.565,903
2025-06-11 14:38:00-04:00,532.53,532.81,532.46,532.73,95586.0,532.633,653
2025-06-11 14:39:00-04:00,532.72,532.82,532.59,532.62,73455.0,532.718,464
2025-06-11 14:40:00-04:00,532.61,532.79,532.56,532.73,67656.0,532.66,458
2025-06-11 14:41:00-04:00,532.73,532.77,532.33,532.52,100115.0,532.543,615
2025-06-11 14:42:00-04:00,532.51,532.61,532.33,532.4,84948.0,532.479,583
2025-06-11 14:43:00-04:00,532.4,532.86,532.38,532.81,93689.0,532.639,669
2025-06-11 14:44:00-04:00,532.81,532.97,532.77,532.92,94773.0,532.893,594
2025-06-11 14:45:00-04:00,532.9,533.07,532.82,532.94,91201.0,532.958,573
2025-06-11 14:46:00-04:00,532.98,533.06,532.82,532.85,64549.0,532.965,421
2025-06-11 14:47:00-04:00,532.84,533.02,532.84,532.99,65849.0,532.921,376
2025-06-11 14:48:00-04:00,532.98,533.06,532.8,533.0,42607.0,532.97,231
2025-06-11 14:49:00-04:00,533.0,533.05,532.92,532.98,24135.0,532.975,160
2025-06-11 14:50:00-04:00,532.95,532.96,532.66,532.75,99004.0,532.772,597
2025-06-11 14:51:00-04:00,532.76,532.95,532.68,532.68,51930.0,532.799,361
2025-06-11 14:52:00-04:00,532.69,532.85,532.69,532.78,38495.0,532.757,273
2025-06-11 14:53:00-04:00,532.77,532.83,532.35,532.43,105672.0,532.563,713
2025-06-11 14:54:00-04:00,532.42,532.53,532.18,532.3,128703.0,532.38,793
2025-06-11 14:55:00-04:00,532.34,532.34,531.68,532.0,149428.0,531.983,856
2025-06-11 14:56:00-04:00,532.0,532.0,531.58,531.67,139240.0,531.793,905
2025-06-11 14:57:00-04:00,531.66,532.15,531.54,532.08,123282.0,531.908,817
2025-06-11 14:58:00-04:00,532.08,532.1,531.84,531.92,65104.0,531.972,466
2025-06-11 14:59:00-04:00,531.88,531.92,531.67,531.8,61257.0,531.798,395
2025-06-11 15:00:00-04:00,531.81,531.98,531.34,531.47,208706.0,531.649,1520
2025-06-11 15:01:00-04:00,531.42,531.77,531.22,531.65,140620.0,531.473,897
2025-06-11 15:02:00-04:00,531.64,531.92,531.48,531.87,80575.0,531.674,572
2025-06-11 15:03:00-04:00,531.87,531.87,531.65,531.72,66558.0,531.754,479
2025-06-11 15:04:00-04:00,531.7,531.74,531.5,531.6,73940.0,531.599,490
2025-06-11 15:05:00-04:00,531.59,531.66,531.23,531.3,112985.0,531.419,749
2025-06-11 15:06:00-04:00,531.27,531.33,531.15,531.17,109570.0,531.234,689
2025-06-11 15:07:00-04:00,531.19,531.61,530.97,531.57,219226.0,531.265,1372
2025-06-11 15:08:00-04:00,531.57,531.67,531.37,531.57,66131.0,531.527,452
2025-06-11 15:09:00-04:00,531.58,531.94,531.47,531.81,88249.0,531.769,606
2025-06-11 15:10:00-04:00,531.8,532.0,531.44,531.5,102451.0,531.77,739
2025-06-11 15:11:00-04:00,531.5,531.95,531.48,531.81,67152.0,531.793,463
2025-06-11 15:12:00-04:00,531.83,531.98,531.73,531.76,61674.0,531.827,453
2025-06-11 15:13:00-04:00,531.75,531.94,531.72,531.9,53024.0,531.843,393
2025-06-11 15:14:00-04:00,531.88,531.98,531.85,531.88,32377.0,531.909,234
2025-06-11 15:15:00-04:00,531.87,531.99,531.65,531.83,55760.0,531.849,410
2025-06-11 15:16:00-04:00,531.82,531.94,531.29,531.35,70873.0,531.666,453
2025-06-11 15:17:00-04:00,531.32,531.68,531.25,531.51,75569.0,531.498,520
2025-06-11 15:18:00-04:00,531.48,531.6,531.3,531.42,58606.0,531.431,345
2025-06-11 15:19:00-04:00,531.38,531.46,531.14,531.18,65927.0,531.311,452
2025-06-11 15:20:00-04:00,531.18,531.31,531.09,531.24,83479.0,531.225,552
2025-06-11 15:21:00-04:00,531.24,531.62,531.21,531.35,87629.0,531.44,567
2025-06-11 15:22:00-04:00,531.36,531.71,531.35,531.65,70385.0,531.586,434
2025-06-11 15:23:00-04:00,531.66,531.89,531.65,531.73,82519.0,531.781,491
2025-06-11 15:24:00-04:00,531.71,532.0,531.66,531.86,64122.0,531.852,409
2025-06-11 15:25:00-04:00,531.87,532.11,531.87,532.03,60522.0,532.03,366
2025-06-11 15:26:00-04:00,532.03,532.1,531.25,531.95,199260.0,531.771,1275
2025-06-11 15:27:00-04:00,531.93,532.12,531.65,531.8,154842.0,531.886,977
2025-06-11 15:28:00-04:00,531.8,531.99,531.61,531.82,53598.0,531.821,404
2025-06-11 15:29:00-04:00,531.81,531.84,531.46,531.54,38985.0,531.662,288
2025-06-11 15:30:00-04:00,531.55,531.8,531.38,531.65,74557.0,531.565,505
2025-06-11 15:31:00-04:00,531.65,532.07,531.63,531.78,77357.0,531.816,525
2025-06-11 15:32:00-04:00,531.79,531.87,531.33,531.4,55630.0,531.515,393
2025-06-11 15:33:00-04:00,531.38,531.38,531.14,531.2,69952.0,531.249,443
2025-06-11 15:34:00-04:00,531.2,531.21,530.99,531.01,97319.0,531.073,563
2025-06-11 15:35:00-04:00,531.0,531.24,530.92,531.15,199787.0,531.119,1272
2025-06-11 15:36:00-04:00,531.11,531.38,531.02,531.33,121401.0,531.229,717
2025-06-11 15:37:00-04:00,531.34,531.62,531.24,531.49,111371.0,531.434,724
2025-06-11 15:38:00-04:00,531.48,531.81,531.4,531.71,98361.0,531.608,610
2025-06-11 15:39:00-04:00,531.7,531.89,531.56,531.7,84400.0,531.728,550
2025-06-11 15:40:00-04:00,531.69,531.89,531.61,531.85,116173.0,531.764,742
2025-06-11 15:41:00-04:00,531.82,531.97,531.72,531.84,87260.0,531.859,509
2025-06-11 15:42:00-04:00,531.8,531.83,531.36,531.41,64923.0,531.514,438
2025-06-11 15:43:00-04:00,531.39,531.95,531.39,531.94,119272.0,531.745,759
2025-06-11 15:44:00-04:00,531.96,532.0,531.78,531.84,92592.0,531.908,498
2025-06-11 15:45:00-04:00,531.85,532.1,531.84,531.93,104996.0,531.962,700
2025-06-11 15:46:00-04:00,531.93,531.97,531.74,531.96,84336.0,531.868,628
2025-06-11 15:47:00-04:00,531.98,532.26,531.81,532.0,134807.0,532.063,833
2025-06-11 15:48:00-04:00,531.99,532.04,531.78,531.82,128545.0,531.882,753
2025-06-11 15:49:00-04:00,531.82,531.85,531.44,531.49,166774.0,531.636,1025
2025-06-11 15:50:00-04:00,531.55,532.16,531.42,532.03,210017.0,531.85,1269
2025-06-11 15:51:00-04:00,532.04,532.04,531.54,531.73,165119.0,531.743,917
2025-06-11 15:52:00-04:00,531.73,532.12,531.7,532.05,147971.0,531.925,971
2025-06-11 15:53:00-04:00,532.04,532.22,531.86,532.1,172472.0,532.018,1125
2025-06-11 15:54:00-04:00,532.12,532.21,531.76,532.05,240499.0,532.062,1455
2025-06-11 15:55:00-04:00,532.05,532.48,531.99,532.28,282644.0,532.274,1671
2025-06-11 15:56:00-04:00,532.29,532.41,532.22,532.33,132782.0,532.322,1019
2025-06-11 15:57:00-04:00,532.33,532.51,532.18,532.26,218390.0,532.349,1542
2025-06-11 15:58:00-04:00,532.27,532.27,532.06,532.2,313008.0,532.156,2284
2025-06-11 15:59:00-04:00,532.2,532.55,532.17,532.44,707290.0,532.39,4219
2025-06-12 09:30:00-04:00,531.07,531.9,530.84,531.83,227921.0,531.267,886
2025-06-12 09:31:00-04:00,531.81,532.11,531.52,531.82,106115.0,531.828,758
2025-06-12 09:32:00-04:00,531.84,531.89,531.38,531.44,108606.0,531.646,753
2025-06-12 09:33:00-04:00,531.41,531.88,531.39,531.71,87642.0,531.581,554
2025-06-12 09:34:00-04:00,531.72,532.01,531.46,531.52,51830.0,531.756,371
2025-06-12 09:35:00-04:00,531.47,531.76,531.38,531.52,42868.0,531.535,354
2025-06-12 09:36:00-04:00,531.5,531.51,531.1,531.35,102123.0,531.316,668
2025-06-12 09:37:00-04:00,531.38,531.49,531.06,531.33,68015.0,531.288,488
2025-06-12 09:38:00-04:00,531.3,532.17,531.19,531.99,79854.0,531.745,633
2025-06-12 09:39:00-04:00,532.04,532.29,531.91,532.01,71887.0,532.074,496
2025-06-12 09:40:00-04:00,532.01,532.27,531.97,532.12,36130.0,532.076,292
2025-06-12 09:41:00-04:00,532.14,532.23,531.83,532.08,110279.0,531.977,599
2025-06-12 09:42:00-04:00,532.06,532.15,531.92,532.08,47586.0,532.029,299
2025-06-12 09:43:00-04:00,532.05,532.37,531.99,532.22,110529.0,532.206,697
2025-06-12 09:44:00-04:00,532.24,532.4,532.07,532.31,49968.0,532.224,356
2025-06-12 09:45:00-04:00,532.29,532.38,531.94,531.98,85707.0,532.198,559
2025-06-12 09:46:00-04:00,531.97,532.23,531.95,532.17,48292.0,532.102,349
2025-06-12 09:47:00-04:00,532.18,532.33,532.07,532.29,46200.0,532.218,327
2025-06-12 09:48:00-04:00,532.27,532.52,532.17,532.36,77404.0,532.388,537
2025-06-12 09:49:00-04:00,532.39,532.53,532.26,532.45,54177.0,532.423,353
2025-06-12 09:50:00-04:00,532.47,532.59,532.15,532.25,77835.0,532.371,555
2025-06-12 09:51:00-04:00,532.28,532.37,532.07,532.19,100448.0,532.169,565
2025-06-12 09:52:00-04:00,532.2,532.44,532.11,532.43,97944.0,532.34,446
2025-06-12 09:53:00-04:00,532.43,532.47,532.25,532.34,43564.0,532.341,312
2025-06-12 09:54:00-04:00,532.34,532.47,532.18,532.23,43414.0,532.324,293
2025-06-12 09:55:00-04:00,532.22,532.23,531.43,531.6,146962.0,531.892,932
2025-06-12 09:56:00-04:00,531.58,532.02,531.55,531.88,60721.0,531.802,409
2025-06-12 09:57:00-04:00,531.88,531.98,531.79,531.85,68841.0,531.88,408
2025-06-12 09:58:00-04:00,531.82,531.86,531.5,531.72,70363.0,531.69,434
2025-06-12 09:59:00-04:00,531.71,531.9,531.63,531.75,39370.0,531.773,295
2025-06-12 10:00:00-04:00,531.75,532.04,531.73,531.98,53163.0,531.904,396
2025-06-12 10:01:00-04:00,531.97,532.1,531.86,531.96,122162.0,532.016,689
2025-06-12 10:02:00-04:00,531.94,532.08,531.84,531.86,45118.0,531.969,315
2025-06-12 10:03:00-04:00,531.84,531.93,531.38,531.47,49523.0,531.655,321
2025-06-12 10:04:00-04:00,531.46,531.73,531.34,531.68,50795.0,531.575,361
2025-06-12 10:05:00-04:00,531.71,531.98,531.49,531.62,63355.0,531.732,402
2025-06-12 10:06:00-04:00,531.61,531.88,531.58,531.88,46263.0,531.703,316
2025-06-12 10:07:00-04:00,531.9,532.83,531.9,532.61,241502.0,532.538,1401
2025-06-12 10:08:00-04:00,532.62,532.76,532.41,532.72,140358.0,532.63,700
2025-06-12 10:09:00-04:00,532.7,532.8,532.48,532.54,82182.0,532.642,512
2025-06-12 10:10:00-04:00,532.55,532.75,532.46,532.7,57943.0,532.647,389
2025-06-12 10:11:00-04:00,532.7,532.74,532.52,532.61,65681.0,532.629,428
2025-06-12 10:12:00-04:00,532.61,532.93,532.61,532.86,64724.0,532.83,416
2025-06-12 10:13:00-04:00,532.88,532.99,532.83,532.91,64313.0,532.911,361
2025-06-12 10:14:00-04:00,532.91,533.16,532.9,533.13,93313.0,533.044,550
2025-06-12 10:15:00-04:00,533.14,533.39,533.12,533.28,84023.0,533.269,514
2025-06-12 10:16:00-04:00,533.28,533.29,533.01,533.16,90318.0,533.156,509
2025-06-12 10:17:00-04:00,533.16,533.37,533.05,533.29,102518.0,533.167,501
2025-06-12 10:18:00-04:00,533.31,533.36,532.97,533.06,109308.0,533.155,529
2025-06-12 10:19:00-04:00,533.08,533.27,533.07,533.23,62903.0,533.202,409
2025-06-12 10:20:00-04:00,533.22,533.3,533.13,533.15,67001.0,533.203,427
2025-06-12 10:21:00-04:00,533.16,533.33,532.99,533.23,95695.0,533.167,483
2025-06-12 10:22:00-04:00,533.25,533.31,533.16,533.3,56337.0,533.244,325
2025-06-12 10:23:00-04:00,533.29,533.51,533.28,533.36,108643.0,533.401,559
2025-06-12 10:24:00-04:00,533.35,533.35,533.17,533.22,62012.0,533.23,296
2025-06-12 10:25:00-04:00,533.23,533.25,532.84,532.99,73600.0,533.012,476
2025-06-12 10:26:00-04:00,532.98,533.21,532.95,533.21,61739.0,533.066,374
2025-06-12 10:27:00-04:00,533.19,533.34,533.17,533.31,52539.0,533.237,336
2025-06-12 10:28:00-04:00,533.3,533.47,533.23,533.39,68090.0,533.358,401
2025-06-12 10:29:00-04:00,533.38,533.42,533.17,533.26,44526.0,533.269,296
2025-06-12 10:30:00-04:00,533.28,533.38,533.17,533.25,37218.0,533.29,280
2025-06-12 10:31:00-04:00,533.26,533.36,533.22,533.35,42693.0,533.294,282
2025-06-12 10:32:00-04:00,533.34,533.39,533.03,533.08,52275.0,533.221,407
2025-06-12 10:33:00-04:00,533.1,533.31,533.05,533.27,50587.0,533.173,344
2025-06-12 10:34:00-04:00,533.25,533.43,533.25,533.28,42967.0,533.366,273
2025-06-12 10:35:00-04:00,533.28,533.35,533.13,533.17,48736.0,533.263,325
2025-06-12 10:36:00-04:00,533.16,533.32,533.09,533.3,22868.0,533.186,172
2025-06-12 10:37:00-04:00,533.31,533.81,533.3,533.75,108656.0,533.566,633
2025-06-12 10:38:00-04:00,533.76,533.82,533.59,533.65,95776.0,533.7,432
2025-06-12 10:39:00-04:00,533.66,533.69,533.55,533.6,48211.0,533.623,296
2025-06-12 10:40:00-04:00,533.62,533.88,533.62,533.85,110455.0,533.807,610
2025-06-12 10:41:00-04:00,533.85,533.91,533.75,533.76,36112.0,533.809,249
2025-06-12 10:42:00-04:00,533.74,533.81,533.65,533.67,33605.0,533.722,246
2025-06-12 10:43:00-04:00,533.68,533.9,533.67,533.81,34629.0,533.771,256
2025-06-12 10:44:00-04:00,533.81,533.82,533.7,533.8,43597.0,533.763,215
2025-06-12 10:45:00-04:00,533.8,533.85,533.72,533.76,39348.0,533.773,314
2025-06-12 10:46:00-04:00,533.77,533.94,533.7,533.74,58914.0,533.802,399
2025-06-12 10:47:00-04:00,533.72,533.86,533.71,533.86,38203.0,533.768,226
2025-06-12 10:48:00-04:00,533.87,533.93,533.82,533.85,36577.0,533.882,288
2025-06-12 10:49:00-04:00,533.83,533.95,533.82,533.9,30127.0,533.902,177
2025-06-12 10:50:00-04:00,533.9,533.91,533.68,533.83,55628.0,533.795,421
2025-06-12 10:51:00-04:00,533.84,533.85,533.57,533.58,57344.0,533.661,343
2025-06-12 10:52:00-04:00,533.61,533.7,533.55,533.64,54336.0,533.625,350
2025-06-12 10:53:00-04:00,533.63,533.7,533.57,533.67,48554.0,533.631,379
2025-06-12 10:54:00-04:00,533.69,533.75,533.62,533.73,31021.0,533.702,235
2025-06-12 10:55:00-04:00,533.73,533.84,533.7,533.84,37533.0,533.775,257
2025-06-12 10:56:00-04:00,533.83,533.83,533.67,533.7,30242.0,533.748,213
2025-06-12 10:57:00-04:00,533.74,533.8,533.52,533.56,33102.0,533.683,267
2025-06-12 10:58:00-04:00,533.55,533.7,533.51,533.51,46665.0,533.583,301
2025-06-12 10:59:00-04:00,533.53,533.64,533.46,533.59,61798.0,533.531,375
2025-06-12 11:00:00-04:00,533.6,533.88,533.6,533.82,87989.0,533.802,632
2025-06-12 11:01:00-04:00,533.82,534.34,533.76,534.25,120559.0,534.079,750
2025-06-12 11:02:00-04:00,534.23,534.59,534.16,534.5,158191.0,534.391,935
2025-06-12 11:03:00-04:00,534.55,534.65,534.38,534.43,71688.0,534.504,442
2025-06-12 11:04:00-04:00,534.43,534.49,534.39,534.47,35327.0,534.436,198
2025-06-12 11:05:00-04:00,534.44,534.49,534.27,534.4,34046.0,534.359,246
2025-06-12 11:06:00-04:00,534.39,534.46,534.26,534.33,36817.0,534.345,282
2025-06-12 11:07:00-04:00,534.31,534.32,534.0,534.09,48808.0,534.153,313
2025-06-12 11:08:00-04:00,534.11,534.2,534.08,534.14,26156.0,534.147,182
2025-06-12 11:09:00-04:00,534.14,534.18,533.98,534.04,48621.0,534.062,340
2025-06-12 11:10:00-04:00,534.05,534.06,533.76,534.01,104317.0,533.929,553
2025-06-12 11:11:00-04:00,533.99,534.12,533.92,534.1,46193.0,534.042,308
2025-06-12 11:12:00-04:00,534.08,534.18,534.0,534.02,47554.0,534.101,292
2025-06-12 11:13:00-04:00,534.01,534.04,533.84,533.93,25868.0,533.924,175
2025-06-12 11:14:00-04:00,533.93,534.04,533.83,533.93,18833.0,533.951,148
2025-06-12 11:15:00-04:00,533.93,534.09,533.88,534.04,40857.0,533.993,274
2025-06-12 11:16:00-04:00,534.05,534.1,533.77,533.81,39027.0,533.89,280
2025-06-12 11:17:00-04:00,533.84,533.85,533.31,533.45,102734.0,533.491,625
2025-06-12 11:18:00-04:00,533.44,533.59,533.13,533.26,119604.0,533.343,704
2025-06-12 11:19:00-04:00,533.25,533.56,533.19,533.39,85758.0,533.406,636
2025-06-12 11:20:00-04:00,533.36,533.53,533.22,533.48,49365.0,533.367,335
2025-06-12 11:21:00-04:00,533.46,533.46,533.32,533.41,29881.0,533.387,205
2025-06-12 11:22:00-04:00,533.39,533.41,532.85,533.05,96267.0,533.103,640
2025-06-12 11:23:00-04:00,533.06,533.27,532.35,533.24,289630.0,532.799,2091
2025-06-12 11:24:00-04:00,533.24,533.25,532.73,532.8,71707.0,532.997,556
2025-06-12 11:25:00-04:00,532.8,532.88,532.55,532.88,133545.0,532.722,820
2025-06-12 11:26:00-04:00,532.86,532.99,532.71,532.93,89352.0,532.883,594
2025-06-12 11:27:00-04:00,532.95,533.01,532.55,532.66,89552.0,532.679,543
2025-06-12 11:28:00-04:00,532.65,532.97,532.53,532.95,83349.0,532.806,570
2025-06-12 11:29:00-04:00,532.96,533.28,532.89,533.21,111089.0,533.133,606
2025-06-12 11:30:00-04:00,533.22,533.38,533.06,533.33,112051.0,533.215,653
2025-06-12 11:31:00-04:00,533.34,533.37,533.0,533.02,84033.0,533.168,511
2025-06-12 11:32:00-04:00,533.04,533.18,532.65,532.66,81209.0,532.951,486
2025-06-12 11:33:00-04:00,532.66,532.96,532.64,532.92,44871.0,532.825,307
2025-06-12 11:34:00-04:00,532.9,533.1,532.79,533.05,75493.0,532.981,357
2025-06-12 11:35:00-04:00,533.05,533.3,533.05,533.17,54122.0,533.182,314
2025-06-12 11:36:00-04:00,533.17,533.34,533.11,533.17,44419.0,533.259,247
2025-06-12 11:37:00-04:00,533.15,533.15,532.98,533.06,40224.0,533.054,251
2025-06-12 11:38:00-04:00,533.05,533.21,532.96,533.15,22589.0,533.065,176
2025-06-12 11:39:00-04:00,533.15,533.26,533.06,533.16,39321.0,533.162,322
2025-06-12 11:40:00-04:00,533.16,533.28,533.06,533.2,20445.0,533.171,180
2025-06-12 11:41:00-04:00,533.19,533.51,533.15,533.49,96486.0,533.403,420
2025-06-12 11:42:00-04:00,533.49,533.5,533.23,533.27,38912.0,533.395,259
2025-06-12 11:43:00-04:00,533.28,533.44,533.26,533.39,17912.0,533.354,148
2025-06-12 11:44:00-04:00,533.37,533.38,533.25,533.31,24189.0,533.324,163
2025-06-12 11:45:00-04:00,533.3,533.32,532.88,532.9,45070.0,533.11,269
2025-06-12 11:46:00-04:00,532.9,533.12,532.9,532.95,28617.0,533.011,215
2025-06-12 11:47:00-04:00,532.95,533.03,532.81,533.02,25622.0,532.945,193
2025-06-12 11:48:00-04:00,532.99,533.0,532.79,532.88,53217.0,532.895,316
2025-06-12 11:49:00-04:00,532.87,533.0,532.84,532.87,32288.0,532.937,189
2025-06-12 11:50:00-04:00,532.88,532.97,532.64,532.64,89290.0,532.815,427
2025-06-12 11:51:00-04:00,532.65,532.89,532.63,532.8,37137.0,532.776,307
2025-06-12 11:52:00-04:00,532.81,533.08,532.8,533.01,50754.0,532.959,379
2025-06-12 11:53:00-04:00,533.0,533.11,532.85,533.0,52451.0,533.03,375
2025-06-12 11:54:00-04:00,532.98,533.15,532.91,533.13,22118.0,533.001,192
2025-06-12 11:55:00-04:00,533.12,533.22,533.1,533.17,87115.0,533.162,346
2025-06-12 11:56:00-04:00,533.17,533.34,533.17,533.27,50741.0,533.279,345
2025-06-12 11:57:00-04:00,533.24,533.26,533.0,533.1,23708.0,533.106,143
2025-06-12 11:58:00-04:00,533.11,533.38,533.07,533.36,39692.0,533.27,269
2025-06-12 11:59:00-04:00,533.36,533.43,533.28,533.32,31679.0,533.359,222
2025-06-12 12:00:00-04:00,533.32,533.65,533.22,533.6,107385.0,533.521,671
2025-06-12 12:01:00-04:00,533.62,533.81,533.61,533.78,102952.0,533.724,540
2025-06-12 12:02:00-04:00,533.77,533.83,533.63,533.68,39575.0,533.745,289
2025-06-12 12:03:00-04:00,533.68,533.73,533.34,533.42,42338.0,533.556,327
2025-06-12 12:04:00-04:00,533.4,533.45,532.83,533.05,59411.0,533.142,431
2025-06-12 12:05:00-04:00,533.04,533.31,533.0,533.21,41194.0,533.181,343
2025-06-12 12:06:00-04:00,533.21,533.54,533.15,533.37,50318.0,533.352,340
2025-06-12 12:07:00-04:00,533.4,533.51,532.97,533.37,142735.0,533.222,1017
2025-06-12 12:08:00-04:00,533.36,533.45,533.28,533.4,41407.0,533.377,285
2025-06-12 12:09:00-04:00,533.41,533.71,533.41,533.58,67998.0,533.577,526
2025-06-12 12:10:00-04:00,533.6,533.76,533.5,533.53,41849.0,533.639,322
2025-06-12 12:11:00-04:00,533.55,533.79,533.5,533.71,44902.0,533.688,309
2025-06-12 12:12:00-04:00,533.72,533.89,533.69,533.76,76401.0,533.812,433
2025-06-12 12:13:00-04:00,533.77,534.05,533.61,533.75,142827.0,533.865,981
2025-06-12 12:14:00-04:00,533.76,533.77,533.61,533.73,28555.0,533.688,213
2025-06-12 12:15:00-04:00,533.72,533.94,533.72,533.84,47686.0,533.828,351
2025-06-12 12:16:00-04:00,533.84,534.0,533.81,533.94,32368.0,533.918,219
2025-06-12 12:17:00-04:00,533.94,533.95,533.79,533.87,35057.0,533.856,278
2025-06-12 12:18:00-04:00,533.87,533.91,533.62,533.64,43874.0,533.779,292
2025-06-12 12:19:00-04:00,533.64,533.86,533.64,533.75,31113.0,533.781,217
2025-06-12 12:20:00-04:00,533.75,533.88,533.71,533.8,25770.0,533.805,200
2025-06-12 12:21:00-04:00,533.83,533.89,533.73,533.85,35161.0,533.808,172
2025-06-12 12:22:00-04:00,533.85,533.88,533.64,533.64,51579.0,533.754,302
2025-06-12 12:23:00-04:00,533.68,533.71,533.39,533.39,47359.0,533.498,303
2025-06-12 12:24:00-04:00,533.41,533.48,533.26,533.42,39577.0,533.348,279
2025-06-12 12:25:00-04:00,533.44,533.58,533.44,533.54,61997.0,533.518,340
2025-06-12 12:26:00-04:00,533.54,533.63,533.41,533.62,45686.0,533.478,233
2025-06-12 12:27:00-04:00,533.62,534.0,533.51,533.85,145140.0,533.771,877
2025-06-12 12:28:00-04:00,533.86,534.16,533.82,534.11,133794.0,534.026,971
2025-06-12 12:29:00-04:00,534.11,534.32,534.11,534.12,103457.0,534.211,663
2025-06-12 12:30:00-04:00,534.12,534.12,533.77,533.98,67585.0,533.963,509
2025-06-12 12:31:00-04:00,533.96,534.11,533.14,533.33,228656.0,533.599,1694
2025-06-12 12:32:00-04:00,533.35,533.73,533.21,533.68,97159.0,533.485,725
2025-06-12 12:33:00-04:00,533.71,533.86,533.65,533.86,61649.0,533.743,396
2025-06-12 12:34:00-04:00,533.87,533.96,533.71,533.8,50378.0,533.862,317
2025-06-12 12:35:00-04:00,533.79,533.97,533.75,533.95,28212.0,533.879,211
2025-06-12 12:36:00-04:00,533.98,534.0,533.83,533.97,39270.0,533.925,314
2025-06-12 12:37:00-04:00,533.97,534.07,533.79,533.81,34562.0,533.921,292
2025-06-12 12:38:00-04:00,533.8,533.98,533.72,533.92,35553.0,533.852,265
2025-06-12 12:39:00-04:00,533.91,534.4,533.89,534.26,76382.0,534.158,596
2025-06-12 12:40:00-04:00,534.28,534.36,534.1,534.32,64125.0,534.24,474
2025-06-12 12:41:00-04:00,534.32,534.39,534.25,534.32,49294.0,534.324,378
2025-06-12 12:42:00-04:00,534.33,534.42,534.28,534.29,73489.0,534.349,479
2025-06-12 12:43:00-04:00,534.3,534.3,534.07,534.17,55258.0,534.163,410
2025-06-12 12:44:00-04:00,534.19,534.22,534.1,534.18,48410.0,534.164,351
2025-06-12 12:45:00-04:00,534.19,534.27,534.11,534.11,45475.0,534.208,318
2025-06-12 12:46:00-04:00,534.12,534.17,534.01,534.07,38196.0,534.097,299
2025-06-12 12:47:00-04:00,534.06,534.07,533.9,533.94,53717.0,533.997,389
2025-06-12 12:48:00-04:00,533.94,534.06,533.84,534.0,79667.0,533.928,484
2025-06-12 12:49:00-04:00,534.0,534.0,533.79,533.8,63311.0,533.868,374
2025-06-12 12:50:00-04:00,533.79,533.79,533.48,533.72,85991.0,533.663,561
2025-06-12 12:51:00-04:00,533.71,533.74,533.54,533.66,35337.0,533.638,276
2025-06-12 12:52:00-04:00,533.66,533.72,533.53,533.72,39523.0,533.631,304
2025-06-12 12:53:00-04:00,533.73,533.85,533.62,533.71,37620.0,533.732,252
2025-06-12 12:54:00-04:00,533.7,533.72,533.41,533.46,46158.0,533.536,292
2025-06-12 12:55:00-04:00,533.46,533.59,533.36,533.59,30269.0,533.485,253
2025-06-12 12:56:00-04:00,533.59,533.61,533.48,533.48,23888.0,533.536,196
2025-06-12 12:57:00-04:00,533.46,533.51,533.35,533.49,51181.0,533.42,314
2025-06-12 12:58:00-04:00,533.5,533.56,533.36,533.5,73779.0,533.436,331
2025-06-12 12:59:00-04:00,533.49,533.53,533.28,533.33,71467.0,533.402,371
2025-06-12 13:00:00-04:00,533.36,533.38,533.22,533.31,31561.0,533.308,220
2025-06-12 13:01:00-04:00,533.3,533.57,533.26,533.49,18859.0,533.446,142
2025-06-12 13:02:00-04:00,533.54,534.12,533.48,533.76,130776.0,533.81,813
2025-06-12 13:03:00-04:00,533.77,533.96,533.7,533.75,30730.0,533.821,178
2025-06-12 13:04:00-04:00,533.76,533.84,533.6,533.76,41202.0,533.709,190
2025-06-12 13:05:00-04:00,533.75,533.84,533.55,533.7,15722.0,533.632,139
2025-06-12 13:06:00-04:00,533.68,533.79,533.62,533.75,9209.0,533.719,78
2025-06-12 13:07:00-04:00,533.78,533.93,533.78,533.83,54578.0,533.844,344
2025-06-12 13:08:00-04:00,533.84,534.04,533.84,533.96,66727.0,533.967,256
2025-06-12 13:09:00-04:00,533.94,533.99,533.88,533.99,14564.0,533.936,95
2025-06-12 13:10:00-04:00,533.98,534.27,533.95,534.26,121198.0,534.119,555
2025-06-12 13:11:00-04:00,534.25,534.27,534.0,534.02,45548.0,534.128,264
2025-06-12 13:12:00-04:00,534.04,534.05,533.85,533.9,30251.0,533.992,163
2025-06-12 13:13:00-04:00,533.9,534.05,533.9,533.94,17237.0,533.961,140
2025-06-12 13:14:00-04:00,533.94,534.04,533.86,534.03,13764.0,533.986,107
2025-06-12 13:15:00-04:00,534.01,534.07,533.97,534.03,68140.0,534.04,455
2025-06-12 13:16:00-04:00,534.06,534.07,533.85,533.96,31469.0,533.936,214
2025-06-12 13:17:00-04:00,533.97,534.09,533.87,533.92,27471.0,533.97,217
2025-06-12 13:18:00-04:00,533.92,534.07,533.8,534.07,47943.0,533.923,343
2025-06-12 13:19:00-04:00,534.06,534.09,533.97,534.01,29260.0,534.024,220
2025-06-12 13:20:00-04:00,534.02,534.11,533.92,533.99,33428.0,534.015,236
2025-06-12 13:21:00-04:00,534.02,534.09,533.99,534.02,17410.0,534.04,150
2025-06-12 13:22:00-04:00,534.02,534.15,533.95,533.96,53965.0,534.081,333
2025-06-12 13:23:00-04:00,533.96,533.98,533.81,533.85,31550.0,533.878,169
2025-06-12 13:24:00-04:00,533.83,533.92,533.77,533.81,36396.0,533.842,238
2025-06-12 13:25:00-04:00,533.79,533.9,533.76,533.88,41340.0,533.854,277
2025-06-12 13:26:00-04:00,533.86,533.95,533.78,533.79,30641.0,533.865,225
2025-06-12 13:27:00-04:00,533.8,533.88,533.77,533.87,25814.0,533.827,163
2025-06-12 13:28:00-04:00,533.88,533.89,533.61,533.68,45723.0,533.696,255
2025-06-12 13:29:00-04:00,533.67,533.8,533.63,533.76,23374.0,533.711,114
2025-06-12 13:30:00-04:00,533.73,534.08,533.73,534.08,55331.0,533.928,338
2025-06-12 13:31:00-04:00,534.09,534.29,534.02,534.25,87044.0,534.157,554
2025-06-12 13:32:00-04:00,534.24,534.35,534.16,534.2,62027.0,534.269,436
2025-06-12 13:33:00-04:00,534.19,534.25,534.16,534.23,24428.0,534.199,163
2025-06-12 13:34:00-04:00,534.23,534.36,534.22,534.35,52859.0,534.295,393
2025-06-12 13:35:00-04:00,534.34,534.41,534.24,534.24,58371.0,534.341,398
2025-06-12 13:36:00-04:00,534.23,534.34,534.15,534.27,38907.0,534.235,241
2025-06-12 13:37:00-04:00,534.27,534.41,534.22,534.37,20628.0,534.305,157
2025-06-12 13:38:00-04:00,534.36,534.38,534.29,534.33,24838.0,534.322,123
2025-06-12 13:39:00-04:00,534.33,534.34,534.25,534.26,14963.0,534.287,100
2025-06-12 13:40:00-04:00,534.27,534.27,534.15,534.22,25567.0,534.196,196
2025-06-12 13:41:00-04:00,534.21,534.25,534.12,534.21,21297.0,534.172,154
2025-06-12 13:42:00-04:00,534.19,534.2,533.99,534.07,32444.0,534.063,169
2025-06-12 13:43:00-04:00,534.08,534.2,534.06,534.17,24418.0,534.116,152
2025-06-12 13:44:00-04:00,534.16,534.16,534.02,534.07,16247.0,534.084,127
2025-06-12 13:45:00-04:00,534.08,534.13,533.88,533.94,49260.0,533.992,254
2025-06-12 13:46:00-04:00,533.95,534.01,533.87,533.97,25006.0,533.944,154
2025-06-12 13:47:00-04:00,533.99,534.05,533.92,533.98,18702.0,533.977,123
2025-06-12 13:48:00-04:00,533.97,533.97,533.76,533.83,38307.0,533.82,183
2025-06-12 13:49:00-04:00,533.8,533.83,533.75,533.78,30856.0,533.785,148
2025-06-12 13:50:00-04:00,533.78,533.98,533.78,533.92,44875.0,533.888,267
2025-06-12 13:51:00-04:00,533.91,533.99,533.86,533.91,26959.0,533.927,138
2025-06-12 13:52:00-04:00,533.92,533.95,533.89,533.92,9782.0,533.923,66
2025-06-12 13:53:00-04:00,533.92,533.92,533.82,533.88,14482.0,533.877,103
2025-06-12 13:54:00-04:00,533.86,533.92,533.76,533.89,20426.0,533.846,140
2025-06-12 13:55:00-04:00,533.9,533.9,533.74,533.79,16982.0,533.797,88
2025-06-12 13:56:00-04:00,533.78,533.79,533.63,533.7,41272.0,533.698,237
2025-06-12 13:57:00-04:00,533.7,533.7,533.52,533.6,54424.0,533.589,350
2025-06-12 13:58:00-04:00,533.6,533.79,533.59,533.77,93906.0,533.706,568
2025-06-12 13:59:00-04:00,533.75,533.75,533.64,533.66,33027.0,533.688,191
2025-06-12 14:00:00-04:00,533.66,533.77,533.6,533.71,31865.0,533.703,226
2025-06-12 14:01:00-04:00,533.74,533.78,533.64,533.67,24360.0,533.678,128
2025-06-12 14:02:00-04:00,533.7,533.74,533.58,533.64,29354.0,533.657,183
2025-06-12 14:03:00-04:00,533.64,533.65,533.44,533.5,37991.0,533.54,224
2025-06-12 14:04:00-04:00,533.54,533.77,533.51,533.7,30864.0,533.664,167
2025-06-12 14:05:00-04:00,533.69,533.82,533.69,533.82,26477.0,533.775,142
2025-06-12 14:06:00-04:00,533.81,533.92,533.73,533.88,43686.0,533.847,272
2025-06-12 14:07:00-04:00,533.87,533.91,533.83,533.83,13711.0,533.88,98
2025-06-12 14:08:00-04:00,533.83,533.9,533.8,533.89,14492.0,533.85,83
2025-06-12 14:09:00-04:00,533.89,533.95,533.87,533.89,29774.0,533.906,159
2025-06-12 14:10:00-04:00,533.87,533.91,533.83,533.9,22620.0,533.88,126
2025-06-12 14:11:00-04:00,533.89,533.93,533.83,533.88,13777.0,533.875,97
2025-06-12 14:12:00-04:00,533.87,533.98,533.85,533.89,21011.0,533.939,132
2025-06-12 14:13:00-04:00,533.88,533.9,533.73,533.76,21691.0,533.806,129
2025-06-12 14:14:00-04:00,533.75,533.76,533.67,533.68,16795.0,533.734,78
2025-06-12 14:15:00-04:00,533.67,533.83,533.67,533.8,12063.0,533.782,98
2025-06-12 14:16:00-04:00,533.8,533.89,533.71,533.73,47868.0,533.804,325
2025-06-12 14:17:00-04:00,533.74,533.74,533.62,533.68,28513.0,533.668,225
2025-06-12 14:18:00-04:00,533.67,533.76,533.58,533.6,64329.0,533.684,328
2025-06-12 14:19:00-04:00,533.6,533.72,533.55,533.71,23309.0,533.608,138
2025-06-12 14:20:00-04:00,533.71,533.76,533.67,533.69,20491.0,533.714,158
2025-06-12 14:21:00-04:00,533.69,533.72,533.63,533.67,19142.0,533.674,156
2025-06-12 14:22:00-04:00,533.66,533.66,533.5,533.52,33936.0,533.573,249
2025-06-12 14:23:00-04:00,533.52,533.56,533.3,533.33,47168.0,533.408,381
2025-06-12 14:24:00-04:00,533.31,533.45,533.21,533.35,106879.0,533.33,675
2025-06-12 14:25:00-04:00,533.35,533.49,533.31,533.4,105446.0,533.379,772
2025-06-12 14:26:00-04:00,533.39,533.52,533.26,533.47,78094.0,533.412,595
2025-06-12 14:27:00-04:00,533.47,533.47,532.82,533.06,199238.0,533.185,1530
2025-06-12 14:28:00-04:00,533.05,533.36,533.04,533.27,117112.0,533.273,872
2025-06-12 14:29:00-04:00,533.27,533.33,533.19,533.26,49851.0,533.258,423
2025-06-12 14:30:00-04:00,533.26,533.35,533.14,533.23,101627.0,533.26,719
2025-06-12 14:31:00-04:00,533.25,533.37,533.13,533.15,48595.0,533.253,402
2025-06-12 14:32:00-04:00,533.13,533.23,532.91,533.18,66692.0,533.102,534
2025-06-12 14:33:00-04:00,533.2,533.38,533.2,533.33,64224.0,533.326,519
2025-06-12 14:34:00-04:00,533.32,533.4,533.01,533.31,58974.0,533.276,446
2025-06-12 14:35:00-04:00,533.32,533.56,533.29,533.55,46074.0,533.446,348
2025-06-12 14:36:00-04:00,533.53,533.61,533.5,533.56,38638.0,533.547,270
2025-06-12 14:37:00-04:00,533.56,533.59,533.18,533.24,55587.0,533.361,357
2025-06-12 14:38:00-04:00,533.23,533.32,533.1,533.32,55549.0,533.176,313
2025-06-12 14:39:00-04:00,533.3,533.4,533.25,533.4,27661.0,533.307,199
2025-06-12 14:40:00-04:00,533.39,533.46,533.33,533.38,25783.0,533.401,232
2025-06-12 14:41:00-04:00,533.39,533.42,533.24,533.32,25375.0,533.321,219
2025-06-12 14:42:00-04:00,533.32,533.33,533.21,533.22,14439.0,533.273,109
2025-06-12 14:43:00-04:00,533.21,533.23,533.04,533.04,44138.0,533.114,338
2025-06-12 14:44:00-04:00,533.05,533.12,532.97,533.02,32406.0,533.03,242
2025-06-12 14:45:00-04:00,533.02,533.11,532.97,532.99,31519.0,533.035,228
2025-06-12 14:46:00-04:00,532.97,533.01,532.88,532.89,24730.0,532.955,175
2025-06-12 14:47:00-04:00,532.87,533.21,532.87,533.2,84271.0,533.047,669
2025-06-12 14:48:00-04:00,533.21,533.35,533.2,533.31,69288.0,533.29,599
2025-06-12 14:49:00-04:00,533.31,533.32,533.24,533.27,35225.0,533.281,327
2025-06-12 14:50:00-04:00,533.26,533.28,533.17,533.25,41091.0,533.229,357
2025-06-12 14:51:00-04:00,533.24,533.42,533.21,533.41,66179.0,533.317,572
2025-06-12 14:52:00-04:00,533.41,533.49,533.38,533.45,55401.0,533.44,477
2025-06-12 14:53:00-04:00,533.46,533.52,533.44,533.47,29558.0,533.48,247
2025-06-12 14:54:00-04:00,533.49,533.53,533.4,533.4,45768.0,533.468,329
2025-06-12 14:55:00-04:00,533.4,533.43,533.25,533.38,44746.0,533.32,299
2025-06-12 14:56:00-04:00,533.38,533.38,533.22,533.34,30764.0,533.312,272
2025-06-12 14:57:00-04:00,533.35,533.54,533.33,533.54,56833.0,533.441,488
2025-06-12 14:58:00-04:00,533.55,533.6,533.49,533.56,46928.0,533.548,325
2025-06-12 14:59:00-04:00,533.56,533.71,533.56,533.66,33552.0,533.647,209
2025-06-12 15:00:00-04:00,533.66,533.77,533.58,533.65,69470.0,533.692,462
2025-06-12 15:01:00-04:00,533.65,533.68,533.51,533.62,43499.0,533.608,243
2025-06-12 15:02:00-04:00,533.63,533.7,533.61,533.68,22398.0,533.65,166
2025-06-12 15:03:00-04:00,533.68,533.85,533.65,533.83,46758.0,533.764,309
2025-06-12 15:04:00-04:00,533.83,533.84,533.72,533.73,19546.0,533.758,143
2025-06-12 15:05:00-04:00,533.72,533.9,533.68,533.8,50278.0,533.804,225
2025-06-12 15:06:00-04:00,533.78,533.88,533.78,533.84,21294.0,533.83,167
2025-06-12 15:07:00-04:00,533.85,533.88,533.76,533.8,26745.0,533.817,170
2025-06-12 15:08:00-04:00,533.81,533.84,533.7,533.74,33625.0,533.77,180
2025-06-12 15:09:00-04:00,533.74,533.84,533.74,533.84,9334.0,533.793,88
2025-06-12 15:10:00-04:00,533.84,533.84,533.72,533.78,21922.0,533.794,160
2025-06-12 15:11:00-04:00,533.78,533.79,533.59,533.71,22539.0,533.665,163
2025-06-12 15:12:00-04:00,533.72,533.75,533.65,533.67,35851.0,533.703,283
2025-06-12 15:13:00-04:00,533.67,533.7,533.58,533.69,26590.0,533.637,202
2025-06-12 15:14:00-04:00,533.68,533.71,533.62,533.65,19645.0,533.661,146
2025-06-12 15:15:00-04:00,533.66,533.77,533.62,533.76,30463.0,533.692,224
2025-06-12 15:16:00-04:00,533.75,533.9,533.75,533.85,44809.0,533.831,323
2025-06-12 15:17:00-04:00,533.83,533.99,533.8,533.96,102140.0,533.93,398
2025-06-12 15:18:00-04:00,533.96,533.97,533.8,533.81,26823.0,533.862,173
2025-06-12 15:19:00-04:00,533.81,534.0,533.8,533.97,31717.0,533.899,182
2025-06-12 15:20:00-04:00,533.96,534.05,533.87,533.98,39363.0,533.968,240
2025-06-12 15:21:00-04:00,533.97,534.03,533.93,533.98,22905.0,533.985,148
2025-06-12 15:22:00-04:00,533.97,533.98,533.71,533.72,44383.0,533.863,261
2025-06-12 15:23:00-04:00,533.74,533.81,533.71,533.75,34114.0,533.768,219
2025-06-12 15:24:00-04:00,533.75,533.78,533.73,533.73,33084.0,533.748,215
2025-06-12 15:25:00-04:00,533.71,533.74,533.5,533.51,62337.0,533.598,394
2025-06-12 15:26:00-04:00,533.51,533.66,533.48,533.65,61660.0,533.57,379
2025-06-12 15:27:00-04:00,533.65,533.67,533.51,533.52,46192.0,533.605,283
2025-06-12 15:28:00-04:00,533.51,533.64,533.51,533.62,23879.0,533.592,163
2025-06-12 15:29:00-04:00,533.62,533.68,533.6,533.63,28922.0,533.647,191
2025-06-12 15:30:00-04:00,533.63,533.63,533.41,533.45,77023.0,533.541,453
2025-06-12 15:31:00-04:00,533.43,533.51,533.3,533.35,57434.0,533.401,401
2025-06-12 15:32:00-04:00,533.36,533.4,533.24,533.34,45356.0,533.333,304
2025-06-12 15:33:00-04:00,533.37,533.5,533.2,533.48,51737.0,533.296,309
2025-06-12 15:34:00-04:00,533.48,533.56,533.43,533.47,31900.0,533.491,214
2025-06-12 15:35:00-04:00,533.44,533.44,533.29,533.36,35735.0,533.358,225
2025-06-12 15:36:00-04:00,533.35,533.4,533.33,533.35,28697.0,533.365,185
2025-06-12 15:37:00-04:00,533.35,533.36,533.24,533.27,40096.0,533.287,279
2025-06-12 15:38:00-04:00,533.27,533.49,533.26,533.44,59280.0,533.366,369
2025-06-12 15:39:00-04:00,533.43,533.49,533.38,533.44,35769.0,533.441,202
2025-06-12 15:40:00-04:00,533.42,533.44,533.23,533.29,33684.0,533.357,222
2025-06-12 15:41:00-04:00,533.3,533.3,533.2,533.27,63430.0,533.254,442
2025-06-12 15:42:00-04:00,533.27,533.3,533.19,533.22,34667.0,533.241,239
2025-06-12 15:43:00-04:00,533.22,533.25,533.05,533.17,53127.0,533.157,346
2025-06-12 15:44:00-04:00,533.16,533.21,533.02,533.06,61659.0,533.111,385
2025-06-12 15:45:00-04:00,533.03,533.04,532.82,532.98,92943.0,532.932,588
2025-06-12 15:46:00-04:00,532.97,533.08,532.76,532.84,53980.0,532.974,380
2025-06-12 15:47:00-04:00,532.83,533.01,532.79,532.96,45601.0,532.914,327
2025-06-12 15:48:00-04:00,532.96,533.04,532.88,532.9,32432.0,532.958,252
2025-06-12 15:49:00-04:00,532.89,532.91,532.83,532.86,58331.0,532.868,358
2025-06-12 15:50:00-04:00,532.87,533.08,532.64,532.96,128918.0,532.875,1038
2025-06-12 15:51:00-04:00,532.97,533.05,532.74,532.83,130580.0,532.873,845
2025-06-12 15:52:00-04:00,532.83,532.97,532.83,532.96,62304.0,532.89,419
2025-06-12 15:53:00-04:00,532.95,533.08,532.8,532.81,76244.0,532.944,545
2025-06-12 15:54:00-04:00,532.8,533.03,532.6,532.94,171703.0,532.814,1109
2025-06-12 15:55:00-04:00,532.96,533.42,532.96,533.13,204130.0,533.223,1111
2025-06-12 15:56:00-04:00,533.13,533.14,532.99,533.1,72225.0,533.063,496
2025-06-12 15:57:00-04:00,533.1,533.35,533.08,533.35,94167.0,533.216,569
2025-06-12 15:58:00-04:00,533.34,533.48,533.31,533.33,173981.0,533.404,1047
2025-06-12 15:59:00-04:00,533.32,533.7,533.18,533.66,412593.0,533.465,2470
2025-06-13 09:30:00-04:00,527.67,528.67,527.25,528.67,441688.0,527.858,1749
2025-06-13 09:31:00-04:00,528.65,529.66,528.65,529.65,317682.0,529.121,1886
2025-06-13 09:32:00-04:00,529.65,530.01,529.3,529.63,323640.0,529.69,2028
2025-06-13 09:33:00-04:00,529.62,529.99,529.43,529.52,304049.0,529.731,1349
2025-06-13 09:34:00-04:00,529.5,529.71,529.34,529.68,133004.0,529.525,800
2025-06-13 09:35:00-04:00,529.63,529.75,529.32,529.44,142126.0,529.524,959
2025-06-13 09:36:00-04:00,529.4,529.41,529.06,529.16,148692.0,529.228,1024
2025-06-13 09:37:00-04:00,529.14,529.55,528.85,529.47,176040.0,529.266,1179
2025-06-13 09:38:00-04:00,529.47,529.94,529.33,529.93,125169.0,529.645,783
2025-06-13 09:39:00-04:00,529.95,530.26,529.94,530.11,192669.0,530.147,1296
2025-06-13 09:40:00-04:00,530.13,530.15,529.31,529.62,145188.0,529.703,962
2025-06-13 09:41:00-04:00,529.62,529.92,529.51,529.74,121794.0,529.724,893
2025-06-13 09:42:00-04:00,529.75,530.06,529.71,529.92,111745.0,529.917,853
2025-06-13 09:43:00-04:00,529.91,530.1,529.6,529.66,120879.0,529.889,842
2025-06-13 09:44:00-04:00,529.66,529.89,529.52,529.82,85964.0,529.697,616
2025-06-13 09:45:00-04:00,529.83,529.83,529.06,529.23,148011.0,529.399,1120
2025-06-13 09:46:00-04:00,529.18,529.57,529.07,529.38,95070.0,529.332,713
2025-06-13 09:47:00-04:00,529.38,529.7,529.32,529.48,87161.0,529.506,627
2025-06-13 09:48:00-04:00,529.47,529.62,529.28,529.49,62042.0,529.414,442
2025-06-13 09:49:00-04:00,529.48,529.53,529.18,529.47,68000.0,529.328,510
2025-06-13 09:50:00-04:00,529.47,530.05,529.28,529.8,178010.0,529.662,1430
2025-06-13 09:51:00-04:00,529.83,530.4,529.5,529.5,147708.0,529.96,1012
2025-06-13 09:52:00-04:00,529.5,529.8,529.4,529.65,86179.0,529.605,661
2025-06-13 09:53:00-04:00,529.63,529.8,529.38,529.39,71396.0,529.629,513
2025-06-13 09:54:00-04:00,529.38,529.42,528.93,528.96,110249.0,529.136,719
2025-06-13 09:55:00-04:00,528.96,529.34,528.74,529.32,169987.0,528.995,895
2025-06-13 09:56:00-04:00,529.31,529.32,528.88,528.99,92663.0,529.091,476
2025-06-13 09:57:00-04:00,528.97,529.04,528.64,528.72,69409.0,528.879,440
2025-06-13 09:58:00-04:00,528.72,528.78,528.44,528.75,102210.0,528.627,644
2025-06-13 09:59:00-04:00,528.72,528.83,528.51,528.67,70931.0,528.641,536
2025-06-13 10:00:00-04:00,528.88,529.81,528.83,529.1,189270.0,529.382,1210
2025-06-13 10:01:00-04:00,529.13,529.28,528.87,529.11,98724.0,529.061,740
2025-06-13 10:02:00-04:00,529.11,529.16,528.62,528.89,126872.0,528.832,908
2025-06-13 10:03:00-04:00,528.89,529.38,528.87,529.18,92360.0,529.143,725
2025-06-13 10:04:00-04:00,529.18,529.23,528.77,528.88,71977.0,528.979,546
2025-06-13 10:05:00-04:00,528.89,529.01,528.67,528.76,84934.0,528.834,708
2025-06-13 10:06:00-04:00,528.72,529.33,528.66,529.17,76739.0,529.086,633
2025-06-13 10:07:00-04:00,529.15,529.15,528.66,528.89,59527.0,528.932,393
2025-06-13 10:08:00-04:00,528.84,529.04,528.73,528.73,31317.0,528.861,256
2025-06-13 10:09:00-04:00,528.73,528.84,528.69,528.71,38060.0,528.775,312
2025-06-13 10:10:00-04:00,528.72,528.76,527.87,527.87,149048.0,528.314,903
2025-06-13 10:11:00-04:00,527.89,528.04,527.71,527.95,117795.0,527.88,638
2025-06-13 10:12:00-04:00,527.93,527.99,527.6,527.74,89785.0,527.753,541
2025-06-13 10:13:00-04:00,527.74,528.08,527.73,527.98,96235.0,527.926,537
2025-06-13 10:14:00-04:00,527.92,528.36,527.88,528.06,87510.0,528.135,635
2025-06-13 10:15:00-04:00,528.06,528.09,527.74,527.96,102569.0,527.903,636
2025-06-13 10:16:00-04:00,527.92,527.97,527.7,527.75,81049.0,527.868,363
2025-06-13 10:17:00-04:00,527.73,527.89,527.6,527.7,94801.0,527.756,487
2025-06-13 10:18:00-04:00,527.68,528.1,527.67,528.08,104267.0,527.984,587
2025-06-13 10:19:00-04:00,528.08,528.08,527.74,527.78,71212.0,527.855,514
2025-06-13 10:20:00-04:00,527.77,527.77,526.99,527.05,179612.0,527.275,1152
2025-06-13 10:21:00-04:00,527.03,527.29,526.74,527.2,167141.0,526.939,1031
2025-06-13 10:22:00-04:00,527.2,527.23,526.91,527.06,78996.0,527.057,557
2025-06-13 10:23:00-04:00,527.06,527.68,526.97,527.6,120305.0,527.343,717
2025-06-13 10:24:00-04:00,527.62,527.8,527.22,527.27,81193.0,527.485,516
2025-06-13 10:25:00-04:00,527.27,527.34,526.92,527.23,76059.0,527.12,538
2025-06-13 10:26:00-04:00,527.22,527.38,527.06,527.08,74827.0,527.191,629
2025-06-13 10:27:00-04:00,527.08,527.25,526.75,526.95,74121.0,526.953,601
2025-06-13 10:28:00-04:00,526.93,526.94,526.15,526.33,222113.0,526.529,1663
2025-06-13 10:29:00-04:00,526.28,526.51,526.14,526.37,92407.0,526.329,687
2025-06-13 10:30:00-04:00,526.36,526.59,526.24,526.38,116307.0,526.445,801
2025-06-13 10:31:00-04:00,526.38,526.69,526.23,526.64,145673.0,526.493,1054
2025-06-13 10:32:00-04:00,526.65,527.11,526.55,527.07,117956.0,526.879,745
2025-06-13 10:33:00-04:00,527.09,527.48,527.08,527.31,220051.0,527.255,1311
2025-06-13 10:34:00-04:00,527.31,527.45,527.23,527.26,71664.0,527.354,551
2025-06-13 10:35:00-04:00,527.29,527.61,527.15,527.54,147592.0,527.445,945
2025-06-13 10:36:00-04:00,527.53,527.69,527.27,527.68,70701.0,527.492,561
2025-06-13 10:37:00-04:00,527.63,528.23,527.59,528.2,129101.0,527.954,893
2025-06-13 10:38:00-04:00,528.24,528.32,528.04,528.22,98680.0,528.226,699
2025-06-13 10:39:00-04:00,528.2,528.59,528.2,528.48,79221.0,528.479,584
2025-06-13 10:40:00-04:00,528.49,528.77,528.36,528.62,96256.0,528.574,746
2025-06-13 10:41:00-04:00,528.63,528.9,528.52,528.81,84732.0,528.703,503
2025-06-13 10:42:00-04:00,528.8,529.26,528.65,528.67,167395.0,528.96,1079
2025-06-13 10:43:00-04:00,528.67,528.72,528.4,528.56,77096.0,528.564,532
2025-06-13 10:44:00-04:00,528.54,528.57,528.27,528.3,56851.0,528.423,449
2025-06-13 10:45:00-04:00,528.31,528.43,528.16,528.35,90972.0,528.321,683
2025-06-13 10:46:00-04:00,528.33,528.75,528.28,528.43,112852.0,528.545,669
2025-06-13 10:47:00-04:00,528.42,528.55,528.22,528.27,67111.0,528.386,461
2025-06-13 10:48:00-04:00,528.29,528.3,527.92,527.97,70785.0,528.077,447
2025-06-13 10:49:00-04:00,527.95,528.07,527.75,528.0,65772.0,527.885,491
2025-06-13 10:50:00-04:00,527.95,528.13,527.82,527.98,32695.0,527.953,266
2025-06-13 10:51:00-04:00,528.0,528.23,527.96,528.2,47807.0,528.131,374
2025-06-13 10:52:00-04:00,528.2,528.65,528.18,528.63,56708.0,528.442,392
2025-06-13 10:53:00-04:00,528.63,529.16,528.58,529.16,134800.0,528.879,701
2025-06-13 10:54:00-04:00,529.16,529.43,528.99,529.24,181036.0,529.244,1235
2025-06-13 10:55:00-04:00,529.22,529.79,529.18,529.59,212641.0,529.529,1239
2025-06-13 10:56:00-04:00,529.59,529.68,529.24,529.32,162518.0,529.388,935
2025-06-13 10:57:00-04:00,529.33,529.42,529.06,529.13,111167.0,529.23,796
2025-06-13 10:58:00-04:00,529.11,529.2,528.94,529.0,160395.0,529.094,860
2025-06-13 10:59:00-04:00,528.99,529.29,528.98,529.17,43040.0,529.168,330
2025-06-13 11:00:00-04:00,529.17,529.3,529.0,529.05,63608.0,529.156,492
2025-06-13 11:01:00-04:00,529.05,529.16,529.02,529.09,28669.0,529.092,242
2025-06-13 11:02:00-04:00,529.11,529.46,529.11,529.46,46580.0,529.294,380
2025-06-13 11:03:00-04:00,529.41,529.42,529.26,529.34,43989.0,529.354,311
2025-06-13 11:04:00-04:00,529.36,529.4,529.15,529.32,53707.0,529.276,355
2025-06-13 11:05:00-04:00,529.32,529.7,529.26,529.7,56295.0,529.512,390
2025-06-13 11:06:00-04:00,529.7,529.72,529.28,529.37,64933.0,529.536,506
2025-06-13 11:07:00-04:00,529.35,529.65,529.35,529.59,43202.0,529.545,332
2025-06-13 11:08:00-04:00,529.6,529.67,529.52,529.52,35640.0,529.594,247
2025-06-13 11:09:00-04:00,529.52,529.65,529.46,529.49,33001.0,529.546,267
2025-06-13 11:10:00-04:00,529.47,529.53,529.01,529.03,110914.0,529.269,520
2025-06-13 11:11:00-04:00,529.05,529.3,529.05,529.18,30822.0,529.185,215
2025-06-13 11:12:00-04:00,529.23,529.43,529.16,529.38,68532.0,529.327,544
2025-06-13 11:13:00-04:00,529.37,529.71,529.32,529.71,84689.0,529.535,668
2025-06-13 11:14:00-04:00,529.71,529.79,529.58,529.65,55556.0,529.689,407
2025-06-13 11:15:00-04:00,529.68,529.92,529.56,529.69,67622.0,529.778,522
2025-06-13 11:16:00-04:00,529.68,529.79,529.56,529.72,55157.0,529.682,390
2025-06-13 11:17:00-04:00,529.73,529.74,529.43,529.47,57014.0,529.58,424
2025-06-13 11:18:00-04:00,529.46,529.6,529.28,529.56,70530.0,529.445,405
2025-06-13 11:19:00-04:00,529.57,529.76,529.51,529.75,37176.0,529.616,292
2025-06-13 11:20:00-04:00,529.76,529.89,529.63,529.73,66472.0,529.785,444
2025-06-13 11:21:00-04:00,529.72,529.9,529.63,529.9,33602.0,529.782,269
2025-06-13 11:22:00-04:00,529.86,530.67,529.82,530.64,204480.0,530.259,1434
2025-06-13 11:23:00-04:00,530.64,530.74,530.25,530.34,169952.0,530.439,1037
2025-06-13 11:24:00-04:00,530.35,530.43,530.06,530.09,90797.0,530.266,629
2025-06-13 11:25:00-04:00,530.09,530.12,529.88,530.04,64727.0,529.986,419
2025-06-13 11:26:00-04:00,530.06,530.14,529.93,530.14,41762.0,530.049,278
2025-06-13 11:27:00-04:00,530.12,530.45,530.07,530.36,71792.0,530.285,433
2025-06-13 11:28:00-04:00,530.36,530.45,530.24,530.26,37933.0,530.348,309
2025-06-13 11:29:00-04:00,530.28,530.52,530.23,530.51,58541.0,530.378,346
2025-06-13 11:30:00-04:00,530.5,530.67,530.46,530.48,87853.0,530.574,603
2025-06-13 11:31:00-04:00,530.47,530.69,530.41,530.62,60848.0,530.525,450
2025-06-13 11:32:00-04:00,530.63,530.83,530.51,530.51,104143.0,530.67,635
2025-06-13 11:33:00-04:00,530.52,530.62,530.52,530.58,40133.0,530.568,261
2025-06-13 11:34:00-04:00,530.58,530.64,530.36,530.56,74914.0,530.478,545
2025-06-13 11:35:00-04:00,530.58,530.63,530.18,530.25,79267.0,530.297,532
2025-06-13 11:36:00-04:00,530.26,530.48,530.23,530.42,68751.0,530.333,427
2025-06-13 11:37:00-04:00,530.41,530.49,530.26,530.36,49300.0,530.376,355
2025-06-13 11:38:00-04:00,530.37,530.58,530.37,530.48,32288.0,530.502,195
2025-06-13 11:39:00-04:00,530.49,530.6,530.38,530.48,26696.0,530.488,196
2025-06-13 11:40:00-04:00,530.49,530.52,530.24,530.37,54633.0,530.397,396
2025-06-13 11:41:00-04:00,530.37,530.69,530.36,530.67,38772.0,530.509,212
2025-06-13 11:42:00-04:00,530.68,530.88,530.67,530.83,51200.0,530.785,320
2025-06-13 11:43:00-04:00,530.84,530.87,530.79,530.85,34118.0,530.841,185
2025-06-13 11:44:00-04:00,530.86,530.92,530.75,530.77,47153.0,530.849,280
2025-06-13 11:45:00-04:00,530.77,530.98,530.71,530.96,47769.0,530.808,335
2025-06-13 11:46:00-04:00,530.96,531.09,530.87,531.06,66226.0,531.0,434
2025-06-13 11:47:00-04:00,531.07,531.28,530.96,531.26,96749.0,531.123,628
2025-06-13 11:48:00-04:00,531.25,531.28,531.14,531.17,71423.0,531.223,384
2025-06-13 11:49:00-04:00,531.18,531.23,531.04,531.16,50991.0,531.15,347
2025-06-13 11:50:00-04:00,531.18,531.33,531.17,531.32,79175.0,531.269,477
2025-06-13 11:51:00-04:00,531.33,531.53,531.21,531.51,58364.0,531.371,362
2025-06-13 11:52:00-04:00,531.5,531.55,531.35,531.43,101314.0,531.448,728
2025-06-13 11:53:00-04:00,531.45,531.53,531.38,531.43,38583.0,531.439,234
2025-06-13 11:54:00-04:00,531.43,531.59,531.42,531.52,32475.0,531.516,220
2025-06-13 11:55:00-04:00,531.52,531.52,531.1,531.12,83348.0,531.315,560
2025-06-13 11:56:00-04:00,531.12,531.2,530.88,531.02,101702.0,531.069,656
2025-06-13 11:57:00-04:00,531.03,531.4,531.0,531.37,91730.0,531.204,712
2025-06-13 11:58:00-04:00,531.39,531.41,531.19,531.29,129387.0,531.326,720
2025-06-13 11:59:00-04:00,531.28,531.46,531.27,531.37,36019.0,531.38,276
2025-06-13 12:00:00-04:00,531.36,531.44,531.18,531.18,78836.0,531.346,442
2025-06-13 12:01:00-04:00,531.19,531.2,530.97,531.05,55296.0,531.077,331
2025-06-13 12:02:00-04:00,531.09,531.38,531.04,531.24,68610.0,531.206,407
2025-06-13 12:03:00-04:00,531.23,531.32,531.21,531.22,50736.0,531.272,279
2025-06-13 12:04:00-04:00,531.22,531.28,531.05,531.06,50685.0,531.183,308
2025-06-13 12:05:00-04:00,531.08,531.15,530.96,531.1,69355.0,531.083,308
2025-06-13 12:06:00-04:00,531.09,531.31,531.06,531.29,37028.0,531.227,212
2025-06-13 12:07:00-04:00,531.31,531.39,531.22,531.39,59492.0,531.275,318
2025-06-13 12:08:00-04:00,531.38,531.49,531.25,531.36,32817.0,531.361,221
2025-06-13 12:09:00-04:00,531.35,531.43,531.31,531.39,25249.0,531.366,202
2025-06-13 12:10:00-04:00,531.39,531.52,531.39,531.45,36947.0,531.451,231
2025-06-13 12:11:00-04:00,531.45,531.66,531.44,531.5,58897.0,531.548,443
2025-06-13 12:12:00-04:00,531.52,531.66,531.51,531.55,48409.0,531.587,335
2025-06-13 12:13:00-04:00,531.59,531.72,531.59,531.72,30238.0,531.663,198
2025-06-13 12:14:00-04:00,531.72,531.85,531.63,531.64,46310.0,531.746,291
2025-06-13 12:15:00-04:00,531.65,531.66,531.36,531.45,65718.0,531.496,421
2025-06-13 12:16:00-04:00,531.44,531.8,531.44,531.79,35504.0,531.632,233
2025-06-13 12:17:00-04:00,531.8,531.82,531.68,531.71,28921.0,531.742,208
2025-06-13 12:18:00-04:00,531.72,531.87,531.71,531.77,35618.0,531.794,255
2025-06-13 12:19:00-04:00,531.8,531.81,531.63,531.64,34801.0,531.709,221
2025-06-13 12:20:00-04:00,531.65,531.65,531.33,531.33,64549.0,531.504,401
2025-06-13 12:21:00-04:00,531.34,531.64,531.26,531.52,62092.0,531.428,367
2025-06-13 12:22:00-04:00,531.56,531.69,531.52,531.57,54796.0,531.617,368
2025-06-13 12:23:00-04:00,531.57,531.65,531.53,531.64,18295.0,531.579,131
2025-06-13 12:24:00-04:00,531.65,531.78,531.54,531.55,48800.0,531.642,280
2025-06-13 12:25:00-04:00,531.58,531.7,531.54,531.62,32462.0,531.63,236
2025-06-13 12:26:00-04:00,531.61,531.65,531.29,531.35,32327.0,531.446,228
2025-06-13 12:27:00-04:00,531.35,531.36,531.21,531.29,43573.0,531.285,280
2025-06-13 12:28:00-04:00,531.31,531.31,530.98,531.09,115019.0,531.118,605
2025-06-13 12:29:00-04:00,531.09,531.13,530.91,531.02,37566.0,531.018,249
2025-06-13 12:30:00-04:00,531.04,531.17,530.95,531.16,73274.0,531.08,446
2025-06-13 12:31:00-04:00,531.17,531.29,531.1,531.16,50480.0,531.202,363
2025-06-13 12:32:00-04:00,531.23,531.31,531.1,531.24,26084.0,531.224,183
2025-06-13 12:33:00-04:00,531.24,531.29,531.2,531.24,20287.0,531.248,134
2025-06-13 12:34:00-04:00,531.25,531.35,531.22,531.28,58773.0,531.283,261
2025-06-13 12:35:00-04:00,531.28,531.39,531.28,531.33,55107.0,531.35,347
2025-06-13 12:36:00-04:00,531.32,531.33,531.04,531.07,42516.0,531.202,276
2025-06-13 12:37:00-04:00,531.09,531.16,530.95,530.96,38129.0,531.06,223
2025-06-13 12:38:00-04:00,530.97,531.01,530.84,530.95,52244.0,530.926,332
2025-06-13 12:39:00-04:00,530.95,530.97,530.74,530.74,118354.0,530.814,596
2025-06-13 12:40:00-04:00,530.72,530.83,530.63,530.82,99273.0,530.73,540
2025-06-13 12:41:00-04:00,530.8,531.05,530.76,530.99,47868.0,530.897,264
2025-06-13 12:42:00-04:00,531.01,531.07,530.89,530.9,32051.0,531.007,162
2025-06-13 12:43:00-04:00,530.9,530.99,530.76,530.79,25972.0,530.869,223
2025-06-13 12:44:00-04:00,530.78,530.85,530.72,530.82,39948.0,530.776,249
2025-06-13 12:45:00-04:00,530.81,530.81,530.65,530.78,21947.0,530.714,147
2025-06-13 12:46:00-04:00,530.76,530.83,530.69,530.71,31942.0,530.761,226
2025-06-13 12:47:00-04:00,530.69,530.69,530.52,530.55,44398.0,530.587,279
2025-06-13 12:48:00-04:00,530.55,530.7,530.53,530.61,26455.0,530.63,198
2025-06-13 12:49:00-04:00,530.6,530.66,530.57,530.59,24760.0,530.616,167
2025-06-13 12:50:00-04:00,530.6,530.72,530.54,530.69,23706.0,530.642,171
2025-06-13 12:51:00-04:00,530.68,530.82,530.65,530.8,25612.0,530.74,192
2025-06-13 12:52:00-04:00,530.81,531.12,530.81,531.08,84550.0,531.008,447
2025-06-13 12:53:00-04:00,531.05,531.4,530.96,531.25,71996.0,531.187,522
2025-06-13 12:54:00-04:00,531.26,531.28,531.16,531.21,25605.0,531.214,182
2025-06-13 12:55:00-04:00,531.19,531.36,531.11,531.33,41663.0,531.231,276
2025-06-13 12:56:00-04:00,531.32,531.6,531.28,531.57,65578.0,531.429,332
2025-06-13 12:57:00-04:00,531.57,531.61,531.49,531.61,60540.0,531.547,311
2025-06-13 12:58:00-04:00,531.6,531.6,531.28,531.28,58316.0,531.429,420
2025-06-13 12:59:00-04:00,531.27,531.43,531.23,531.25,78581.0,531.309,364
2025-06-13 13:00:00-04:00,531.23,531.35,531.08,531.21,87581.0,531.19,479
2025-06-13 13:01:00-04:00,531.22,531.33,531.14,531.31,42238.0,531.208,286
2025-06-13 13:02:00-04:00,531.28,531.36,531.17,531.27,28276.0,531.277,146
2025-06-13 13:03:00-04:00,531.26,531.4,531.17,531.23,50590.0,531.282,403
2025-06-13 13:04:00-04:00,531.23,531.36,531.09,531.09,34012.0,531.234,243
2025-06-13 13:05:00-04:00,531.11,531.16,530.95,530.99,63669.0,531.056,310
2025-06-13 13:06:00-04:00,530.99,531.1,530.95,530.97,58255.0,531.02,301
2025-06-13 13:07:00-04:00,530.98,530.98,530.66,530.69,54961.0,530.786,322
2025-06-13 13:08:00-04:00,530.68,530.85,530.66,530.77,40870.0,530.737,194
2025-06-13 13:09:00-04:00,530.76,530.87,530.67,530.68,24528.0,530.773,182
2025-06-13 13:10:00-04:00,530.69,530.7,530.29,530.41,91182.0,530.456,658
2025-06-13 13:11:00-04:00,530.41,530.43,530.19,530.24,68537.0,530.309,370
2025-06-13 13:12:00-04:00,530.24,530.35,530.05,530.34,126434.0,530.128,738
2025-06-13 13:13:00-04:00,530.36,530.66,530.35,530.58,69052.0,530.522,452
2025-06-13 13:14:00-04:00,530.57,530.59,530.3,530.32,24728.0,530.406,203
2025-06-13 13:15:00-04:00,530.3,530.33,529.97,529.97,93561.0,530.11,699
2025-06-13 13:16:00-04:00,529.99,530.04,529.52,529.56,132735.0,529.694,846
2025-06-13 13:17:00-04:00,529.54,530.01,529.45,529.94,147609.0,529.734,1020
2025-06-13 13:18:00-04:00,529.92,530.19,529.88,529.96,51384.0,530.024,381
2025-06-13 13:19:00-04:00,530.0,530.01,529.81,529.97,48154.0,529.909,259
2025-06-13 13:20:00-04:00,529.95,530.42,529.92,530.42,89422.0,530.226,439
2025-06-13 13:21:00-04:00,530.43,531.11,530.43,530.64,244173.0,530.764,1613
2025-06-13 13:22:00-04:00,530.65,530.71,530.31,530.31,51422.0,530.477,439
2025-06-13 13:23:00-04:00,530.3,530.48,530.14,530.26,52835.0,530.308,352
2025-06-13 13:24:00-04:00,530.26,530.6,530.26,530.5,43059.0,530.484,263
2025-06-13 13:25:00-04:00,530.56,530.59,530.42,530.5,55910.0,530.503,304
2025-06-13 13:26:00-04:00,530.42,530.44,530.26,530.36,16750.0,530.328,147
2025-06-13 13:27:00-04:00,530.33,530.41,530.18,530.23,29251.0,530.29,210
2025-06-13 13:28:00-04:00,530.23,530.26,530.0,530.05,74218.0,530.067,478
2025-06-13 13:29:00-04:00,530.0,530.08,529.86,529.86,31377.0,529.967,242
2025-06-13 13:30:00-04:00,529.87,530.07,529.81,530.01,48595.0,529.918,315
2025-06-13 13:31:00-04:00,530.0,530.31,530.0,530.31,49086.0,530.164,299
2025-06-13 13:32:00-04:00,530.27,530.3,530.11,530.12,34783.0,530.198,262
2025-06-13 13:33:00-04:00,530.1,530.41,530.09,530.33,26713.0,530.303,224
2025-06-13 13:34:00-04:00,530.32,530.35,529.89,529.92,89367.0,530.05,674
2025-06-13 13:35:00-04:00,529.9,530.05,529.79,530.0,43357.0,529.921,376
2025-06-13 13:36:00-04:00,529.96,530.06,529.9,530.02,19955.0,529.998,156
2025-06-13 13:37:00-04:00,530.0,530.03,529.73,529.86,41337.0,529.832,240
2025-06-13 13:38:00-04:00,529.86,529.99,529.68,529.68,46988.0,529.792,326
2025-06-13 13:39:00-04:00,529.7,529.86,529.69,529.79,17733.0,529.77,124
2025-06-13 13:40:00-04:00,529.78,529.97,529.58,529.91,36334.0,529.748,284
2025-06-13 13:41:00-04:00,529.89,529.94,529.79,529.87,19832.0,529.872,166
2025-06-13 13:42:00-04:00,529.89,530.1,529.81,529.84,50569.0,529.963,424
2025-06-13 13:43:00-04:00,529.81,530.03,529.61,529.64,68359.0,529.837,581
2025-06-13 13:44:00-04:00,529.64,529.83,529.35,529.81,128116.0,529.551,746
2025-06-13 13:45:00-04:00,529.85,530.07,529.75,529.96,127207.0,529.962,769
2025-06-13 13:46:00-04:00,529.96,530.07,529.76,529.86,78698.0,529.905,319
2025-06-13 13:47:00-04:00,529.88,529.94,529.66,529.78,33844.0,529.801,197
2025-06-13 13:48:00-04:00,529.81,529.83,529.65,529.65,31450.0,529.737,253
2025-06-13 13:49:00-04:00,529.64,529.76,529.58,529.72,37964.0,529.672,219
2025-06-13 13:50:00-04:00,529.73,530.12,529.69,530.12,32737.0,529.944,270
2025-06-13 13:51:00-04:00,530.13,530.44,530.09,530.39,83647.0,530.341,454
2025-06-13 13:52:00-04:00,530.4,530.54,530.32,530.42,36442.0,530.445,274
2025-06-13 13:53:00-04:00,530.43,530.48,530.33,530.42,23675.0,530.408,169
2025-06-13 13:54:00-04:00,530.4,530.42,530.2,530.32,17931.0,530.312,158
2025-06-13 13:55:00-04:00,530.37,530.39,530.09,530.2,41256.0,530.212,336
2025-06-13 13:56:00-04:00,530.21,530.34,530.19,530.22,29168.0,530.269,157
2025-06-13 13:57:00-04:00,530.24,530.34,530.11,530.22,35705.0,530.24,236
2025-06-13 13:58:00-04:00,530.21,530.34,530.04,530.31,36173.0,530.198,204
2025-06-13 13:59:00-04:00,530.29,530.32,530.19,530.22,12172.0,530.251,94
2025-06-13 14:00:00-04:00,530.26,530.61,530.08,530.58,116186.0,530.4,667
2025-06-13 14:01:00-04:00,530.56,530.66,530.46,530.55,30244.0,530.554,261
2025-06-13 14:02:00-04:00,530.56,530.59,530.39,530.48,22115.0,530.502,185
2025-06-13 14:03:00-04:00,530.48,530.52,529.76,529.79,107223.0,530.075,735
2025-06-13 14:04:00-04:00,529.75,529.79,529.18,529.56,218473.0,529.517,1554
2025-06-13 14:05:00-04:00,529.6,530.07,529.55,529.61,109218.0,529.874,875
2025-06-13 14:06:00-04:00,529.64,529.67,529.3,529.36,59619.0,529.439,432
2025-06-13 14:07:00-04:00,529.37,529.43,529.12,529.16,95212.0,529.255,620
2025-06-13 14:08:00-04:00,529.17,529.41,529.0,529.09,164940.0,529.185,818
2025-06-13 14:09:00-04:00,529.08,529.3,528.96,529.22,63137.0,529.119,439
2025-06-13 14:10:00-04:00,529.21,529.3,529.02,529.08,93550.0,529.131,482
2025-06-13 14:11:00-04:00,529.06,529.24,528.95,529.22,85796.0,529.13,380
2025-06-13 14:12:00-04:00,529.19,529.45,529.15,529.34,114901.0,529.295,802
2025-06-13 14:13:00-04:00,529.37,529.41,529.2,529.32,57891.0,529.289,318
2025-06-13 14:14:00-04:00,529.28,529.32,528.95,528.95,41552.0,529.17,322
2025-06-13 14:15:00-04:00,528.97,528.98,528.1,528.71,355035.0,528.532,2798
2025-06-13 14:16:00-04:00,528.68,528.75,528.35,528.45,240679.0,528.515,1462
2025-06-13 14:17:00-04:00,528.44,528.71,528.34,528.45,113427.0,528.559,878
2025-06-13 14:18:00-04:00,528.45,528.61,528.23,528.61,72936.0,528.426,536
2025-06-13 14:19:00-04:00,528.63,528.94,528.59,528.87,81441.0,528.802,594
2025-06-13 14:20:00-04:00,528.88,528.99,528.68,528.71,79273.0,528.854,506
2025-06-13 14:21:00-04:00,528.73,528.79,528.43,528.5,71692.0,528.568,557
2025-06-13 14:22:00-04:00,528.46,528.49,528.29,528.35,56736.0,528.377,333
2025-06-13 14:23:00-04:00,528.35,528.76,528.32,528.67,71900.0,528.593,529
2025-06-13 14:24:00-04:00,528.67,528.69,528.5,528.54,33129.0,528.585,255
2025-06-13 14:25:00-04:00,528.53,528.66,528.43,528.57,48858.0,528.553,371
2025-06-13 14:26:00-04:00,528.57,528.58,528.04,528.06,98272.0,528.193,741
2025-06-13 14:27:00-04:00,528.06,528.1,527.41,527.59,172932.0,527.754,1231
2025-06-13 14:28:00-04:00,527.61,527.73,527.45,527.65,85473.0,527.6,628
2025-06-13 14:29:00-04:00,527.63,527.66,527.37,527.49,85853.0,527.543,621
2025-06-13 14:30:00-04:00,527.5,527.65,527.26,527.41,167714.0,527.464,1223
2025-06-13 14:31:00-04:00,527.41,527.48,527.06,527.21,161142.0,527.259,1269
2025-06-13 14:32:00-04:00,527.19,527.26,526.48,526.62,296689.0,526.821,2048
2025-06-13 14:33:00-04:00,526.59,526.94,526.46,526.5,232177.0,526.645,1529
2025-06-13 14:34:00-04:00,526.49,526.99,526.37,526.9,217030.0,526.699,1823
2025-06-13 14:35:00-04:00,526.9,527.08,526.68,526.77,179938.0,526.894,1256
2025-06-13 14:36:00-04:00,526.76,526.76,526.23,526.27,114338.0,526.457,827
2025-06-13 14:37:00-04:00,526.25,526.64,526.25,526.36,148764.0,526.479,1013
2025-06-13 14:38:00-04:00,526.35,526.35,525.87,526.25,215463.0,526.048,1599
2025-06-13 14:39:00-04:00,526.24,526.32,526.06,526.2,95469.0,526.194,760
2025-06-13 14:40:00-04:00,526.2,526.55,525.77,526.51,179113.0,526.239,1389
2025-06-13 14:41:00-04:00,526.51,526.77,526.14,526.15,125740.0,526.488,966
2025-06-13 14:42:00-04:00,526.14,526.57,526.07,526.36,96365.0,526.326,707
2025-06-13 14:43:00-04:00,526.33,526.46,526.14,526.32,62680.0,526.321,448
2025-06-13 14:44:00-04:00,526.31,526.49,526.15,526.37,91760.0,526.348,566
2025-06-13 14:45:00-04:00,526.39,527.05,526.3,526.88,183063.0,526.746,1387
2025-06-13 14:46:00-04:00,526.88,527.04,526.78,526.8,143917.0,526.902,751
2025-06-13 14:47:00-04:00,526.8,527.07,526.44,526.58,122984.0,526.746,895
2025-06-13 14:48:00-04:00,526.55,526.71,526.3,526.33,136161.0,526.487,869
2025-06-13 14:49:00-04:00,526.29,526.42,526.17,526.33,94430.0,526.271,642
2025-06-13 14:50:00-04:00,526.3,526.6,526.19,526.3,96976.0,526.366,755
2025-06-13 14:51:00-04:00,526.32,526.88,526.19,526.64,145851.0,526.51,1034
2025-06-13 14:52:00-04:00,526.63,526.87,526.58,526.7,52290.0,526.713,433
2025-06-13 14:53:00-04:00,526.7,526.97,526.57,526.94,89203.0,526.802,599
2025-06-13 14:54:00-04:00,526.91,527.33,526.79,527.25,224294.0,527.117,1536
2025-06-13 14:55:00-04:00,527.25,527.6,527.02,527.19,178366.0,527.395,1097
2025-06-13 14:56:00-04:00,527.18,527.33,526.96,527.24,84239.0,527.138,588
2025-06-13 14:57:00-04:00,527.24,527.27,526.72,526.79,104590.0,526.94,815
2025-06-13 14:58:00-04:00,526.77,527.01,526.77,526.88,75604.0,526.882,548
2025-06-13 14:59:00-04:00,526.91,527.41,526.83,527.36,54215.0,527.064,450
2025-06-13 15:00:00-04:00,527.35,527.69,527.12,527.2,152794.0,527.371,995
2025-06-13 15:01:00-04:00,527.16,527.31,526.77,526.77,179819.0,527.053,1139
2025-06-13 15:02:00-04:00,526.78,526.8,526.49,526.6,163233.0,526.628,914
2025-06-13 15:03:00-04:00,526.63,527.27,526.56,527.06,185761.0,526.952,917
2025-06-13 15:04:00-04:00,527.06,527.23,526.92,526.93,83005.0,527.054,635
2025-06-13 15:05:00-04:00,526.93,527.1,526.76,527.02,136761.0,526.925,882
2025-06-13 15:06:00-04:00,527.02,527.1,526.87,527.04,77260.0,526.958,576
2025-06-13 15:07:00-04:00,527.04,527.44,526.98,527.37,98695.0,527.281,680
2025-06-13 15:08:00-04:00,527.4,527.47,527.27,527.41,86188.0,527.37,491
2025-06-13 15:09:00-04:00,527.39,527.75,527.33,527.64,108739.0,527.496,613
2025-06-13 15:10:00-04:00,527.62,527.69,527.4,527.57,66415.0,527.511,443
2025-06-13 15:11:00-04:00,527.56,527.59,527.16,527.28,58290.0,527.353,478
2025-06-13 15:12:00-04:00,527.3,527.36,527.1,527.34,49592.0,527.202,287
2025-06-13 15:13:00-04:00,527.33,527.65,527.21,527.49,63318.0,527.455,520
2025-06-13 15:14:00-04:00,527.52,527.93,527.44,527.67,76561.0,527.664,692
2025-06-13 15:15:00-04:00,527.72,527.88,527.42,527.68,100866.0,527.659,825
2025-06-13 15:16:00-04:00,527.7,527.73,527.5,527.6,45114.0,527.607,295
2025-06-13 15:17:00-04:00,527.59,527.71,527.28,527.38,103291.0,527.45,728
2025-06-13 15:18:00-04:00,527.38,527.63,527.32,527.33,46911.0,527.452,346
2025-06-13 15:19:00-04:00,527.31,527.36,527.05,527.22,103734.0,527.178,819
2025-06-13 15:20:00-04:00,527.18,527.67,527.18,527.45,184388.0,527.389,1299
2025-06-13 15:21:00-04:00,527.47,527.68,527.13,527.13,180481.0,527.401,915
2025-06-13 15:22:00-04:00,527.13,527.22,526.75,526.86,159574.0,526.924,762
2025-06-13 15:23:00-04:00,526.86,526.87,526.69,526.74,91930.0,526.768,576
2025-06-13 15:24:00-04:00,526.75,526.97,526.56,526.6,112473.0,526.723,730
2025-06-13 15:25:00-04:00,526.58,526.68,526.31,526.4,103222.0,526.41,531
2025-06-13 15:26:00-04:00,526.39,526.53,526.33,526.4,99254.0,526.386,528
2025-06-13 15:27:00-04:00,526.4,526.45,526.22,526.34,83278.0,526.32,582
2025-06-13 15:28:00-04:00,526.35,526.71,526.34,526.56,66228.0,526.533,510
2025-06-13 15:29:00-04:00,526.58,526.67,526.48,526.5,48490.0,526.567,374
2025-06-13 15:30:00-04:00,526.5,526.92,526.49,526.8,76620.0,526.698,620
2025-06-13 15:31:00-04:00,526.81,527.03,526.73,526.85,63423.0,526.881,483
2025-06-13 15:32:00-04:00,526.85,526.92,526.54,526.63,92287.0,526.702,696
2025-06-13 15:33:00-04:00,526.59,526.65,526.06,526.11,93065.0,526.309,742
2025-06-13 15:34:00-04:00,526.12,526.38,526.03,526.25,123268.0,526.243,797
2025-06-13 15:35:00-04:00,526.23,526.64,526.11,526.52,104837.0,526.384,769
2025-06-13 15:36:00-04:00,526.51,527.14,526.44,527.09,126121.0,526.924,908
2025-06-13 15:37:00-04:00,527.13,527.5,527.13,527.38,160745.0,527.297,990
2025-06-13 15:38:00-04:00,527.4,527.49,527.27,527.28,202531.0,527.393,1019
2025-06-13 15:39:00-04:00,527.27,527.3,527.02,527.19,70549.0,527.154,522
2025-06-13 15:40:00-04:00,527.18,527.36,526.93,527.33,80409.0,527.108,615
2025-06-13 15:41:00-04:00,527.35,527.47,527.08,527.12,81111.0,527.318,654
2025-06-13 15:42:00-04:00,527.14,527.21,526.61,526.62,122516.0,526.794,801
2025-06-13 15:43:00-04:00,526.6,526.69,526.4,526.46,108973.0,526.529,736
2025-06-13 15:44:00-04:00,526.45,526.5,526.32,526.41,71212.0,526.408,535
2025-06-13 15:45:00-04:00,526.37,526.43,525.92,525.98,190703.0,526.135,1230
2025-06-13 15:46:00-04:00,525.98,526.18,525.73,526.14,191171.0,525.988,1547
2025-06-13 15:47:00-04:00,526.13,526.46,525.87,526.15,277966.0,526.18,2090
2025-06-13 15:48:00-04:00,526.16,526.84,526.12,526.84,255897.0,526.451,1746
2025-06-13 15:49:00-04:00,526.84,527.12,526.57,526.57,152211.0,526.888,987
2025-06-13 15:50:00-04:00,526.59,527.04,526.54,526.63,192410.0,526.778,1327
2025-06-13 15:51:00-04:00,526.61,526.82,526.33,526.53,247698.0,526.616,1710
2025-06-13 15:52:00-04:00,526.53,526.63,526.12,526.25,119445.0,526.371,935
2025-06-13 15:53:00-04:00,526.23,526.37,526.04,526.08,157927.0,526.175,1068
2025-06-13 15:54:00-04:00,526.08,526.38,526.04,526.29,225887.0,526.196,1791
2025-06-13 15:55:00-04:00,526.26,526.52,525.99,526.11,223695.0,526.21,1831
2025-06-13 15:56:00-04:00,526.11,526.53,526.07,526.27,210373.0,526.355,1608
2025-06-13 15:57:00-04:00,526.26,526.5,526.1,526.22,213658.0,526.247,1584
2025-06-13 15:58:00-04:00,526.22,526.46,526.13,526.37,278106.0,526.303,2307
2025-06-13 15:59:00-04:00,526.35,527.06,526.22,526.93,966948.0,526.677,5866
2025-06-16 09:30:00-04:00,530.51,531.61,530.45,531.61,443798.0,530.837,1614
2025-06-16 09:31:00-04:00,531.61,532.04,531.57,532.0,212193.0,531.853,1329
2025-06-16 09:32:00-04:00,532.02,532.48,531.66,531.69,163150.0,532.082,1138
2025-06-16 09:33:00-04:00,531.76,531.98,531.56,531.91,243664.0,531.712,1156
2025-06-16 09:34:00-04:00,531.93,532.07,531.66,531.83,105999.0,531.826,597
2025-06-16 09:35:00-04:00,531.78,531.92,531.32,531.73,117112.0,531.692,749
2025-06-16 09:36:00-04:00,531.71,531.82,531.5,531.78,85890.0,531.655,688
2025-06-16 09:37:00-04:00,531.77,532.06,531.68,531.86,103649.0,531.887,696
2025-06-16 09:38:00-04:00,531.87,532.02,531.71,531.93,82546.0,531.853,595
2025-06-16 09:39:00-04:00,531.98,532.37,531.78,532.22,80722.0,532.135,538
2025-06-16 09:40:00-04:00,532.23,532.38,531.96,532.06,101297.0,532.221,683
2025-06-16 09:41:00-04:00,532.03,532.29,531.85,532.13,96017.0,532.056,577
2025-06-16 09:42:00-04:00,532.12,532.19,531.87,531.99,54773.0,532.043,406
2025-06-16 09:43:00-04:00,531.98,532.18,531.79,532.17,68455.0,531.945,468
2025-06-16 09:44:00-04:00,532.18,532.36,532.0,532.1,90814.0,532.197,603
2025-06-16 09:45:00-04:00,532.11,532.68,532.11,532.49,142247.0,532.43,1061
2025-06-16 09:46:00-04:00,532.51,532.53,532.12,532.21,98845.0,532.298,609
2025-06-16 09:47:00-04:00,532.19,532.3,531.58,531.68,161566.0,531.974,1095
2025-06-16 09:48:00-04:00,531.7,531.92,531.62,531.83,83596.0,531.802,538
2025-06-16 09:49:00-04:00,531.84,532.76,531.81,532.62,174410.0,532.443,1197
2025-06-16 09:50:00-04:00,532.65,532.74,532.42,532.74,93718.0,532.604,676
2025-06-16 09:51:00-04:00,532.75,532.79,532.46,532.5,80964.0,532.634,524
2025-06-16 09:52:00-04:00,532.49,532.77,532.43,532.69,72438.0,532.606,446
2025-06-16 09:53:00-04:00,532.73,533.42,532.62,533.29,225163.0,533.072,1271
2025-06-16 09:54:00-04:00,533.3,533.69,533.05,533.19,230218.0,533.332,1269
2025-06-16 09:55:00-04:00,533.2,533.79,533.15,533.68,148485.0,533.558,1055
2025-06-16 09:56:00-04:00,533.71,534.06,533.68,533.98,209381.0,533.851,1384
2025-06-16 09:57:00-04:00,533.99,534.12,533.82,533.86,132736.0,534.003,980
2025-06-16 09:58:00-04:00,533.88,533.96,533.52,533.65,172735.0,533.704,824
2025-06-16 09:59:00-04:00,533.64,533.79,533.63,533.73,67123.0,533.725,523
2025-06-16 10:00:00-04:00,533.74,534.39,533.71,534.05,229507.0,534.167,1288
2025-06-16 10:01:00-04:00,534.08,534.29,533.96,534.22,90129.0,534.116,586
2025-06-16 10:02:00-04:00,534.23,534.3,534.08,534.24,118653.0,534.196,728
2025-06-16 10:03:00-04:00,534.22,534.26,533.98,534.05,86256.0,534.076,503
2025-06-16 10:04:00-04:00,534.05,534.18,533.85,534.16,144157.0,534.037,888
2025-06-16 10:05:00-04:00,534.19,534.31,534.08,534.2,157553.0,534.221,742
2025-06-16 10:06:00-04:00,534.22,534.33,533.75,534.1,126458.0,534.0,760
2025-06-16 10:07:00-04:00,534.1,534.17,533.9,533.9,82488.0,534.07,515
2025-06-16 10:08:00-04:00,533.91,533.98,533.68,533.76,114022.0,533.864,597
2025-06-16 10:09:00-04:00,533.75,533.95,533.55,533.62,118057.0,533.777,922
2025-06-16 10:10:00-04:00,533.6,533.92,533.57,533.88,55841.0,533.784,430
2025-06-16 10:11:00-04:00,533.89,534.1,533.81,534.1,41012.0,533.934,308
2025-06-16 10:12:00-04:00,534.09,534.47,534.07,534.45,78311.0,534.355,522
2025-06-16 10:13:00-04:00,534.46,534.55,534.31,534.33,49952.0,534.405,319
2025-06-16 10:14:00-04:00,534.34,534.56,534.34,534.46,73121.0,534.464,506
2025-06-16 10:15:00-04:00,534.45,534.5,534.23,534.41,55844.0,534.374,303
2025-06-16 10:16:00-04:00,534.4,534.48,534.24,534.32,84456.0,534.383,501
2025-06-16 10:17:00-04:00,534.38,534.5,534.38,534.44,109362.0,534.429,528
2025-06-16 10:18:00-04:00,534.47,534.64,534.4,534.59,39014.0,534.508,314
2025-06-16 10:19:00-04:00,534.63,534.69,534.51,534.61,155462.0,534.596,721
2025-06-16 10:20:00-04:00,534.63,534.66,534.5,534.6,54035.0,534.602,395
2025-06-16 10:21:00-04:00,534.6,534.71,534.54,534.64,63245.0,534.649,266
2025-06-16 10:22:00-04:00,534.66,534.67,534.35,534.39,37651.0,534.501,294
2025-06-16 10:23:00-04:00,534.38,534.45,534.28,534.36,42177.0,534.384,254
2025-06-16 10:24:00-04:00,534.38,534.66,534.38,534.51,63984.0,534.516,409
2025-06-16 10:25:00-04:00,534.53,534.6,534.34,534.48,42813.0,534.463,320
2025-06-16 10:26:00-04:00,534.47,534.57,534.36,534.54,40811.0,534.477,284
2025-06-16 10:27:00-04:00,534.55,534.62,534.42,534.62,35350.0,534.51,264
2025-06-16 10:28:00-04:00,534.62,534.84,534.62,534.81,124709.0,534.75,839
2025-06-16 10:29:00-04:00,534.83,534.88,534.75,534.81,61982.0,534.824,368
2025-06-16 10:30:00-04:00,534.81,534.93,534.76,534.86,76788.0,534.859,472
2025-06-16 10:31:00-04:00,534.86,534.9,534.74,534.8,48873.0,534.799,370
2025-06-16 10:32:00-04:00,534.83,534.99,534.78,534.98,86137.0,534.903,525
2025-06-16 10:33:00-04:00,534.96,535.06,534.84,534.97,78385.0,534.934,507
2025-06-16 10:34:00-04:00,534.97,534.99,534.86,534.95,41764.0,534.929,279
2025-06-16 10:35:00-04:00,534.96,535.03,534.84,534.91,115476.0,534.97,700
2025-06-16 10:36:00-04:00,534.9,534.98,534.61,534.71,141402.0,534.78,808
2025-06-16 10:37:00-04:00,534.7,534.84,534.47,534.56,87101.0,534.616,529
2025-06-16 10:38:00-04:00,534.57,534.68,534.46,534.59,94646.0,534.549,478
2025-06-16 10:39:00-04:00,534.6,534.75,534.6,534.74,44536.0,534.684,320
2025-06-16 10:40:00-04:00,534.75,534.86,534.46,534.47,46411.0,534.635,340
2025-06-16 10:41:00-04:00,534.48,534.58,534.39,534.51,50393.0,534.486,304
2025-06-16 10:42:00-04:00,534.52,534.53,534.34,534.44,84019.0,534.45,472
2025-06-16 10:43:00-04:00,534.44,534.72,534.42,534.72,51501.0,534.556,326
2025-06-16 10:44:00-04:00,534.74,534.87,534.68,534.81,48717.0,534.776,302
2025-06-16 10:45:00-04:00,534.83,534.93,534.76,534.89,58521.0,534.858,331
2025-06-16 10:46:00-04:00,534.88,534.99,534.69,534.81,151416.0,534.864,775
2025-06-16 10:47:00-04:00,534.79,534.79,534.61,534.67,74686.0,534.676,466
2025-06-16 10:48:00-04:00,534.66,534.75,534.55,534.64,40374.0,534.664,245
2025-06-16 10:49:00-04:00,534.63,534.69,534.53,534.57,38182.0,534.596,229
2025-06-16 10:50:00-04:00,534.58,534.58,534.44,534.44,38762.0,534.524,220
2025-06-16 10:51:00-04:00,534.44,534.58,534.38,534.57,50521.0,534.463,293
2025-06-16 10:52:00-04:00,534.59,534.63,534.47,534.63,49506.0,534.536,234
2025-06-16 10:53:00-04:00,534.63,534.74,534.62,534.65,47662.0,534.677,322
2025-06-16 10:54:00-04:00,534.65,534.68,534.39,534.46,59176.0,534.499,424
2025-06-16 10:55:00-04:00,534.45,534.61,534.41,534.42,36156.0,534.5,229
2025-06-16 10:56:00-04:00,534.41,534.48,534.28,534.42,41016.0,534.371,235
2025-06-16 10:57:00-04:00,534.43,534.46,534.28,534.46,34377.0,534.372,188
2025-06-16 10:58:00-04:00,534.44,534.44,534.2,534.37,64311.0,534.297,374
2025-06-16 10:59:00-04:00,534.36,534.47,534.24,534.47,29463.0,534.343,199
2025-06-16 11:00:00-04:00,534.48,534.58,534.43,534.51,53070.0,534.492,307
2025-06-16 11:01:00-04:00,534.51,534.76,534.49,534.73,49906.0,534.631,304
2025-06-16 11:02:00-04:00,534.73,534.84,534.56,534.78,36850.0,534.693,278
2025-06-16 11:03:00-04:00,534.78,534.8,534.35,534.35,32453.0,534.613,217
2025-06-16 11:04:00-04:00,534.34,534.64,534.34,534.63,44783.0,534.495,309
2025-06-16 11:05:00-04:00,534.63,534.77,534.36,534.44,83244.0,534.535,559
2025-06-16 11:06:00-04:00,534.44,534.77,534.43,534.65,49036.0,534.642,367
2025-06-16 11:07:00-04:00,534.64,534.71,534.55,534.66,28456.0,534.641,197
2025-06-16 11:08:00-04:00,534.66,534.73,534.59,534.65,73104.0,534.65,510
2025-06-16 11:09:00-04:00,534.63,534.78,534.63,534.72,29792.0,534.717,224
2025-06-16 11:10:00-04:00,534.73,534.9,534.69,534.88,54353.0,534.815,316
2025-06-16 11:11:00-04:00,534.89,534.93,534.73,534.8,53677.0,534.838,327
2025-06-16 11:12:00-04:00,534.8,534.8,534.63,534.75,32058.0,534.716,256
2025-06-16 11:13:00-04:00,534.78,534.84,534.69,534.82,17948.0,534.762,122
2025-06-16 11:14:00-04:00,534.82,534.89,534.71,534.88,22737.0,534.789,153
2025-06-16 11:15:00-04:00,534.89,535.14,534.89,534.96,123281.0,535.028,729
2025-06-16 11:16:00-04:00,534.96,534.97,534.82,534.92,42583.0,534.9,281
2025-06-16 11:17:00-04:00,534.9,535.18,534.86,535.15,67816.0,535.06,359
2025-06-16 11:18:00-04:00,535.14,535.31,535.11,535.25,80012.0,535.232,516
2025-06-16 11:19:00-04:00,535.26,535.29,535.17,535.19,47935.0,535.221,259
2025-06-16 11:20:00-04:00,535.19,535.2,535.03,535.13,44817.0,535.115,297
2025-06-16 11:21:00-04:00,535.12,535.32,535.09,535.3,58560.0,535.25,297
2025-06-16 11:22:00-04:00,535.29,535.35,535.11,535.12,33328.0,535.216,252
2025-06-16 11:23:00-04:00,535.14,535.16,535.02,535.06,49484.0,535.109,278
2025-06-16 11:24:00-04:00,535.09,535.34,535.06,535.33,32508.0,535.227,216
2025-06-16 11:25:00-04:00,535.33,535.37,535.03,535.14,94060.0,535.26,550
2025-06-16 11:26:00-04:00,535.15,535.18,534.59,534.64,113046.0,534.837,641
2025-06-16 11:27:00-04:00,534.65,534.71,534.44,534.49,65649.0,534.561,440
2025-06-16 11:28:00-04:00,534.49,534.63,534.48,534.61,39847.0,534.566,230
2025-06-16 11:29:00-04:00,534.57,534.64,534.48,534.58,28669.0,534.558,215
2025-06-16 11:30:00-04:00,534.56,534.79,534.5,534.78,55633.0,534.619,372
2025-06-16 11:31:00-04:00,534.79,534.93,534.61,534.72,86569.0,534.72,575
2025-06-16 11:32:00-04:00,534.72,534.72,534.48,534.55,53718.0,534.637,308
2025-06-16 11:33:00-04:00,534.55,534.65,534.49,534.65,49972.0,534.591,325
2025-06-16 11:34:00-04:00,534.63,534.75,534.61,534.69,24441.0,534.7,182
2025-06-16 11:35:00-04:00,534.72,534.72,534.5,534.54,20909.0,534.613,158
2025-06-16 11:36:00-04:00,534.54,534.79,534.49,534.72,40378.0,534.619,269
2025-06-16 11:37:00-04:00,534.77,534.89,534.55,534.79,70343.0,534.743,524
2025-06-16 11:38:00-04:00,534.79,534.94,534.63,534.86,55748.0,534.784,450
2025-06-16 11:39:00-04:00,534.88,534.89,534.63,534.68,16500.0,534.734,124
2025-06-16 11:40:00-04:00,534.7,534.8,534.61,534.74,16111.0,534.679,133
2025-06-16 11:41:00-04:00,534.76,534.85,534.73,534.79,34088.0,534.785,193
2025-06-16 11:42:00-04:00,534.77,534.77,534.61,534.76,19882.0,534.672,117
2025-06-16 11:43:00-04:00,534.74,534.81,534.67,534.75,40003.0,534.76,161
2025-06-16 11:44:00-04:00,534.74,534.79,534.63,534.67,19992.0,534.699,163
2025-06-16 11:45:00-04:00,534.67,534.78,534.63,534.71,23446.0,534.705,164
2025-06-16 11:46:00-04:00,534.71,534.96,534.71,534.92,42878.0,534.867,236
2025-06-16 11:47:00-04:00,534.92,534.93,534.8,534.92,21269.0,534.879,149
2025-06-16 11:48:00-04:00,534.91,534.91,534.8,534.83,15531.0,534.853,127
2025-06-16 11:49:00-04:00,534.83,534.86,534.76,534.85,17659.0,534.818,110
2025-06-16 11:50:00-04:00,534.83,534.86,534.68,534.78,20543.0,534.765,136
2025-06-16 11:51:00-04:00,534.77,534.77,534.54,534.54,27748.0,534.633,195
2025-06-16 11:52:00-04:00,534.55,534.6,534.39,534.46,40921.0,534.475,273
2025-06-16 11:53:00-04:00,534.48,534.49,534.32,534.39,43929.0,534.373,304
2025-06-16 11:54:00-04:00,534.38,534.46,534.24,534.26,44675.0,534.326,265
2025-06-16 11:55:00-04:00,534.26,534.38,534.21,534.24,56435.0,534.292,395
2025-06-16 11:56:00-04:00,534.23,534.35,533.81,534.04,174778.0,534.038,1280
2025-06-16 11:57:00-04:00,534.04,534.17,533.96,534.08,71450.0,534.07,383
2025-06-16 11:58:00-04:00,534.08,534.21,534.05,534.19,24324.0,534.148,150
2025-06-16 11:59:00-04:00,534.2,534.32,534.13,534.16,52991.0,534.243,345
2025-06-16 12:00:00-04:00,534.18,534.48,534.15,534.46,42921.0,534.359,308
2025-06-16 12:01:00-04:00,534.46,534.48,534.09,534.11,44230.0,534.285,283
2025-06-16 12:02:00-04:00,534.12,534.14,533.99,534.1,46618.0,534.074,250
2025-06-16 12:03:00-04:00,534.07,534.09,533.93,533.95,34350.0,534.006,208
2025-06-16 12:04:00-04:00,533.96,534.16,533.9,534.16,37852.0,534.008,249
2025-06-16 12:05:00-04:00,534.14,534.18,533.96,534.04,35851.0,534.077,227
2025-06-16 12:06:00-04:00,534.05,534.17,534.02,534.08,14842.0,534.078,121
2025-06-16 12:07:00-04:00,534.09,534.21,533.86,534.21,47329.0,534.012,383
2025-06-16 12:08:00-04:00,534.2,534.24,534.14,534.18,17007.0,534.195,136
2025-06-16 12:09:00-04:00,534.21,534.22,534.05,534.19,17706.0,534.145,141
2025-06-16 12:10:00-04:00,534.2,534.23,534.09,534.23,19392.0,534.181,160
2025-06-16 12:11:00-04:00,534.24,534.31,534.21,534.29,14719.0,534.266,103
2025-06-16 12:12:00-04:00,534.29,534.42,534.29,534.42,24586.0,534.343,125
2025-06-16 12:13:00-04:00,534.43,534.56,534.42,534.49,35943.0,534.501,242
2025-06-16 12:14:00-04:00,534.48,534.49,534.42,534.46,15423.0,534.464,85
2025-06-16 12:15:00-04:00,534.47,534.49,534.36,534.43,33036.0,534.41,183
2025-06-16 12:16:00-04:00,534.43,534.6,534.43,534.54,29578.0,534.506,163
2025-06-16 12:17:00-04:00,534.54,534.72,534.5,534.66,73545.0,534.671,399
2025-06-16 12:18:00-04:00,534.66,534.74,534.64,534.65,30757.0,534.694,173
2025-06-16 12:19:00-04:00,534.65,534.66,534.49,534.5,23698.0,534.572,144
2025-06-16 12:20:00-04:00,534.49,534.58,534.43,534.55,22773.0,534.52,143
2025-06-16 12:21:00-04:00,534.55,534.58,534.51,534.57,23514.0,534.542,90
2025-06-16 12:22:00-04:00,534.57,534.67,534.48,534.48,34520.0,534.565,161
2025-06-16 12:23:00-04:00,534.47,534.62,534.42,534.42,35745.0,534.512,261
2025-06-16 12:24:00-04:00,534.43,534.44,534.16,534.25,69117.0,534.299,432
2025-06-16 12:25:00-04:00,534.24,534.33,534.08,534.14,30806.0,534.19,197
2025-06-16 12:26:00-04:00,534.12,534.14,534.0,534.02,50064.0,534.023,240
2025-06-16 12:27:00-04:00,534.02,534.17,534.0,534.06,29996.0,534.049,162
2025-06-16 12:28:00-04:00,534.04,534.23,533.99,534.19,34871.0,534.108,243
2025-06-16 12:29:00-04:00,534.19,534.22,534.07,534.08,13689.0,534.133,97
2025-06-16 12:30:00-04:00,534.08,534.2,534.08,534.15,25259.0,534.151,171
2025-06-16 12:31:00-04:00,534.12,534.15,534.02,534.09,23283.0,534.1,148
2025-06-16 12:32:00-04:00,534.09,534.21,534.04,534.17,15953.0,534.124,131
2025-06-16 12:33:00-04:00,534.18,534.22,534.12,534.18,26479.0,534.162,136
2025-06-16 12:34:00-04:00,534.17,534.21,534.04,534.04,15474.0,534.107,100
2025-06-16 12:35:00-04:00,534.03,534.06,533.83,533.86,33942.0,533.919,244
2025-06-16 12:36:00-04:00,533.85,534.05,533.76,534.03,41594.0,533.867,271
2025-06-16 12:37:00-04:00,534.04,534.21,533.99,534.08,46728.0,534.139,255
2025-06-16 12:38:00-04:00,534.08,534.08,533.95,534.07,24426.0,534.029,143
2025-06-16 12:39:00-04:00,534.03,534.08,533.96,534.01,10729.0,534.014,92
2025-06-16 12:40:00-04:00,534.01,534.01,533.8,533.82,29878.0,533.904,230
2025-06-16 12:41:00-04:00,533.82,533.95,533.74,533.78,23477.0,533.811,137
2025-06-16 12:42:00-04:00,533.76,533.85,533.6,533.84,42550.0,533.695,270
2025-06-16 12:43:00-04:00,533.84,533.88,533.64,533.81,36666.0,533.786,242
2025-06-16 12:44:00-04:00,533.8,533.81,533.56,533.66,42611.0,533.658,333
2025-06-16 12:45:00-04:00,533.66,533.66,533.5,533.66,50255.0,533.585,336
2025-06-16 12:46:00-04:00,533.65,533.78,533.53,533.74,38198.0,533.632,279
2025-06-16 12:47:00-04:00,533.74,533.97,533.72,533.86,36475.0,533.838,254
2025-06-16 12:48:00-04:00,533.86,533.88,533.78,533.85,32800.0,533.834,159
2025-06-16 12:49:00-04:00,533.86,533.87,533.79,533.79,12400.0,533.828,97
2025-06-16 12:50:00-04:00,533.79,533.89,533.74,533.88,22048.0,533.803,164
2025-06-16 12:51:00-04:00,533.9,534.08,533.83,534.07,44502.0,533.962,306
2025-06-16 12:52:00-04:00,534.06,534.24,534.05,534.22,71394.0,534.159,429
2025-06-16 12:53:00-04:00,534.21,534.38,534.21,534.35,58953.0,534.347,338
2025-06-16 12:54:00-04:00,534.33,534.33,534.18,534.29,37610.0,534.244,216
2025-06-16 12:55:00-04:00,534.28,534.3,534.16,534.26,23167.0,534.223,126
2025-06-16 12:56:00-04:00,534.24,534.29,534.15,534.22,25724.0,534.233,197
2025-06-16 12:57:00-04:00,534.23,534.23,534.07,534.1,25035.0,534.139,162
2025-06-16 12:58:00-04:00,534.08,534.17,533.95,533.95,26406.0,534.053,169
2025-06-16 12:59:00-04:00,533.96,533.99,533.76,533.99,50886.0,533.916,199
2025-06-16 13:00:00-04:00,533.97,534.12,533.9,534.08,36023.0,534.03,231
2025-06-16 13:01:00-04:00,534.09,534.11,533.91,534.0,38658.0,534.036,164
2025-06-16 13:02:00-04:00,534.03,534.11,533.81,533.89,35273.0,533.962,223
2025-06-16 13:03:00-04:00,533.91,533.95,533.85,533.88,17010.0,533.9,108
2025-06-16 13:04:00-04:00,533.92,534.02,533.89,534.01,14617.0,533.953,96
2025-06-16 13:05:00-04:00,534.02,534.05,533.74,533.87,33967.0,533.899,213
2025-06-16 13:06:00-04:00,533.89,533.89,533.75,533.8,26150.0,533.792,173
2025-06-16 13:07:00-04:00,533.83,533.92,533.8,533.85,26068.0,533.851,163
2025-06-16 13:08:00-04:00,533.84,533.87,533.72,533.85,15307.0,533.784,116
2025-06-16 13:09:00-04:00,533.85,534.01,533.83,534.0,7826.0,533.936,67
2025-06-16 13:10:00-04:00,534.0,534.05,533.94,533.99,17744.0,533.989,131
2025-06-16 13:11:00-04:00,533.98,534.13,533.87,533.9,28579.0,534.01,170
2025-06-16 13:12:00-04:00,533.9,533.9,533.7,533.74,21699.0,533.778,122
2025-06-16 13:13:00-04:00,533.73,533.87,533.64,533.86,30941.0,533.735,166
2025-06-16 13:14:00-04:00,533.85,533.85,533.76,533.77,16226.0,533.777,104
2025-06-16 13:15:00-04:00,533.77,533.77,533.62,533.67,22097.0,533.684,164
2025-06-16 13:16:00-04:00,533.64,533.89,533.63,533.87,30095.0,533.758,147
2025-06-16 13:17:00-04:00,533.91,533.93,533.82,533.93,24553.0,533.875,139
2025-06-16 13:18:00-04:00,533.93,534.0,533.76,533.97,34899.0,533.914,238
2025-06-16 13:19:00-04:00,533.96,534.13,533.95,534.11,29812.0,534.068,172
2025-06-16 13:20:00-04:00,534.11,534.36,534.09,534.23,53330.0,534.268,277
2025-06-16 13:21:00-04:00,534.24,534.33,534.19,534.28,121911.0,534.25,497
2025-06-16 13:22:00-04:00,534.3,534.33,534.27,534.28,24139.0,534.289,179
2025-06-16 13:23:00-04:00,534.27,534.35,534.23,534.34,30388.0,534.294,202
2025-06-16 13:24:00-04:00,534.35,534.49,534.24,534.35,171809.0,534.415,782
2025-06-16 13:25:00-04:00,534.33,534.67,534.31,534.6,56405.0,534.555,368
2025-06-16 13:26:00-04:00,534.6,534.64,534.46,534.51,62788.0,534.544,326
2025-06-16 13:27:00-04:00,534.49,534.6,534.35,534.59,31178.0,534.447,142
2025-06-16 13:28:00-04:00,534.57,534.97,534.55,534.87,104739.0,534.8,638
2025-06-16 13:29:00-04:00,534.89,534.9,534.71,534.76,59610.0,534.807,385
2025-06-16 13:30:00-04:00,534.75,535.06,534.74,535.0,101298.0,534.911,646
2025-06-16 13:31:00-04:00,534.98,535.0,534.59,534.86,89386.0,534.78,631
2025-06-16 13:32:00-04:00,534.86,534.9,534.67,534.74,34948.0,534.78,268
2025-06-16 13:33:00-04:00,534.73,534.82,534.63,534.66,32672.0,534.716,209
2025-06-16 13:34:00-04:00,534.6,534.78,534.58,534.77,27281.0,534.662,169
2025-06-16 13:35:00-04:00,534.79,534.85,534.51,534.58,46076.0,534.671,250
2025-06-16 13:36:00-04:00,534.59,534.75,534.56,534.63,29034.0,534.668,198
2025-06-16 13:37:00-04:00,534.63,534.72,534.6,534.67,25594.0,534.669,156
2025-06-16 13:38:00-04:00,534.68,534.68,534.5,534.62,37263.0,534.613,215
2025-06-16 13:39:00-04:00,534.62,534.64,534.5,534.5,19698.0,534.567,126
2025-06-16 13:40:00-04:00,534.5,534.6,534.46,534.57,34976.0,534.539,174
2025-06-16 13:41:00-04:00,534.62,534.73,534.6,534.67,38536.0,534.694,262
2025-06-16 13:42:00-04:00,534.7,534.73,534.56,534.56,42231.0,534.651,214
2025-06-16 13:43:00-04:00,534.58,534.64,534.44,534.46,32196.0,534.56,178
2025-06-16 13:44:00-04:00,534.48,534.56,534.4,534.43,24363.0,534.475,138
2025-06-16 13:45:00-04:00,534.42,534.57,534.4,534.51,21375.0,534.479,154
2025-06-16 13:46:00-04:00,534.51,534.51,534.31,534.48,34120.0,534.4,288
2025-06-16 13:47:00-04:00,534.48,534.56,534.37,534.43,31511.0,534.484,206
2025-06-16 13:48:00-04:00,534.42,534.54,534.34,534.54,12057.0,534.429,73
2025-06-16 13:49:00-04:00,534.52,534.63,534.51,534.53,19018.0,534.568,119
2025-06-16 13:50:00-04:00,534.54,534.6,534.48,534.6,12345.0,534.553,98
2025-06-16 13:51:00-04:00,534.59,534.69,534.51,534.65,21353.0,534.617,123
2025-06-16 13:52:00-04:00,534.64,534.64,534.34,534.39,42128.0,534.463,318
2025-06-16 13:53:00-04:00,534.4,534.51,534.4,534.48,12878.0,534.457,108
2025-06-16 13:54:00-04:00,534.48,534.54,534.24,534.29,27330.0,534.368,179
2025-06-16 13:55:00-04:00,534.24,534.26,534.06,534.2,36033.0,534.162,218
2025-06-16 13:56:00-04:00,534.18,534.26,534.13,534.19,43220.0,534.179,142
2025-06-16 13:57:00-04:00,534.14,534.15,533.93,533.94,41847.0,534.03,266
2025-06-16 13:58:00-04:00,533.93,534.01,533.86,533.9,64825.0,533.935,361
2025-06-16 13:59:00-04:00,533.89,534.03,533.81,533.97,26297.0,533.932,190
2025-06-16 14:00:00-04:00,533.98,534.06,533.92,534.01,38339.0,534.005,250
2025-06-16 14:01:00-04:00,534.0,534.24,533.98,534.17,45629.0,534.116,283
2025-06-16 14:02:00-04:00,534.17,534.21,534.09,534.15,23911.0,534.163,152
2025-06-16 14:03:00-04:00,534.16,534.3,534.13,534.25,31868.0,534.206,224
2025-06-16 14:04:00-04:00,534.26,534.3,534.21,534.25,30558.0,534.252,164
2025-06-16 14:05:00-04:00,534.25,534.42,534.24,534.31,39673.0,534.331,218
2025-06-16 14:06:00-04:00,534.33,534.42,534.28,534.32,20312.0,534.347,143
2025-06-16 14:07:00-04:00,534.31,534.31,534.13,534.16,43242.0,534.219,213
2025-06-16 14:08:00-04:00,534.17,534.22,534.14,534.14,10065.0,534.182,66
2025-06-16 14:09:00-04:00,534.13,534.2,534.06,534.16,18480.0,534.124,139
2025-06-16 14:10:00-04:00,534.15,534.24,534.08,534.22,29528.0,534.14,188
2025-06-16 14:11:00-04:00,534.2,534.2,534.02,534.02,15550.0,534.077,97
2025-06-16 14:12:00-04:00,534.05,534.14,533.99,534.03,11852.0,534.06,86
2025-06-16 14:13:00-04:00,534.01,534.16,534.01,534.09,17405.0,534.098,134
2025-06-16 14:14:00-04:00,534.09,534.23,534.06,534.22,14498.0,534.177,94
2025-06-16 14:15:00-04:00,534.2,534.28,534.12,534.28,16546.0,534.208,105
2025-06-16 14:16:00-04:00,534.27,534.29,534.15,534.16,21599.0,534.225,130
2025-06-16 14:17:00-04:00,534.16,534.2,534.12,534.12,9423.0,534.15,83
2025-06-16 14:18:00-04:00,534.12,534.2,534.05,534.06,14750.0,534.12,85
2025-06-16 14:19:00-04:00,534.05,534.13,533.99,534.11,15750.0,534.053,103
2025-06-16 14:20:00-04:00,534.08,534.23,533.88,533.89,59243.0,534.063,398
2025-06-16 14:21:00-04:00,533.87,534.04,533.86,533.99,14257.0,533.943,116
2025-06-16 14:22:00-04:00,534.0,534.12,533.98,534.1,14111.0,534.05,99
2025-06-16 14:23:00-04:00,534.1,534.26,534.03,534.25,27393.0,534.179,155
2025-06-16 14:24:00-04:00,534.24,534.36,534.24,534.36,36876.0,534.288,221
2025-06-16 14:25:00-04:00,534.33,534.39,534.19,534.23,36989.0,534.306,201
2025-06-16 14:26:00-04:00,534.19,534.22,534.11,534.15,34290.0,534.155,176
2025-06-16 14:27:00-04:00,534.14,534.28,534.12,534.19,35608.0,534.181,192
2025-06-16 14:28:00-04:00,534.18,534.29,534.18,534.24,19391.0,534.242,105
2025-06-16 14:29:00-04:00,534.23,534.25,534.11,534.17,14676.0,534.172,116
2025-06-16 14:30:00-04:00,534.18,534.26,533.99,534.0,50436.0,534.104,357
2025-06-16 14:31:00-04:00,534.01,534.07,533.9,533.91,37138.0,533.976,253
2025-06-16 14:32:00-04:00,533.91,533.93,533.85,533.93,22288.0,533.881,119
2025-06-16 14:33:00-04:00,533.91,534.01,533.9,533.96,15429.0,533.952,111
2025-06-16 14:34:00-04:00,533.96,534.03,533.92,533.96,13561.0,533.966,87
2025-06-16 14:35:00-04:00,533.94,533.96,533.75,533.75,45425.0,533.832,324
2025-06-16 14:36:00-04:00,533.75,533.93,533.72,533.89,29156.0,533.826,202
2025-06-16 14:37:00-04:00,533.87,533.9,533.79,533.86,22209.0,533.852,141
2025-06-16 14:38:00-04:00,533.85,533.99,533.84,533.84,23729.0,533.923,146
2025-06-16 14:39:00-04:00,533.86,533.88,533.81,533.87,5929.0,533.855,48
2025-06-16 14:40:00-04:00,533.84,533.9,533.74,533.89,69669.0,533.825,463
2025-06-16 14:41:00-04:00,533.89,533.94,533.84,533.93,31792.0,533.902,177
2025-06-16 14:42:00-04:00,533.94,533.95,533.84,533.88,25243.0,533.906,161
2025-06-16 14:43:00-04:00,533.85,533.9,533.83,533.84,12375.0,533.852,82
2025-06-16 14:44:00-04:00,533.83,533.89,533.81,533.84,8737.0,533.845,64
2025-06-16 14:45:00-04:00,533.85,533.86,533.57,533.69,47770.0,533.681,301
2025-06-16 14:46:00-04:00,533.7,533.76,533.65,533.65,19527.0,533.711,139
2025-06-16 14:47:00-04:00,533.64,533.65,533.59,533.63,23402.0,533.635,130
2025-06-16 14:48:00-04:00,533.62,533.65,533.56,533.59,31810.0,533.605,197
2025-06-16 14:49:00-04:00,533.59,533.61,533.5,533.5,36370.0,533.542,220
2025-06-16 14:50:00-04:00,533.5,533.62,533.44,533.49,68626.0,533.519,366
2025-06-16 14:51:00-04:00,533.46,533.57,533.32,533.56,69940.0,533.411,301
2025-06-16 14:52:00-04:00,533.56,533.75,533.56,533.69,52396.0,533.672,342
2025-06-16 14:53:00-04:00,533.7,533.87,533.68,533.82,76275.0,533.816,486
2025-06-16 14:54:00-04:00,533.84,533.96,533.79,533.95,37142.0,533.887,233
2025-06-16 14:55:00-04:00,533.95,534.11,533.95,534.04,60870.0,534.037,356
2025-06-16 14:56:00-04:00,534.05,534.22,534.04,534.14,30283.0,534.146,204
2025-06-16 14:57:00-04:00,534.16,534.24,534.16,534.21,47820.0,534.204,216
2025-06-16 14:58:00-04:00,534.22,534.28,534.09,534.1,45322.0,534.174,222
2025-06-16 14:59:00-04:00,534.09,534.14,534.05,534.05,33122.0,534.1,166
2025-06-16 15:00:00-04:00,534.05,534.18,534.01,534.12,64205.0,534.09,339
2025-06-16 15:01:00-04:00,534.13,534.14,533.99,534.06,24313.0,534.065,160
2025-06-16 15:02:00-04:00,534.08,534.1,534.02,534.02,18258.0,534.065,108
2025-06-16 15:03:00-04:00,534.02,534.02,533.85,533.86,33565.0,533.939,212
2025-06-16 15:04:00-04:00,533.87,533.99,533.85,533.97,35792.0,533.938,206
2025-06-16 15:05:00-04:00,533.97,533.97,533.85,533.87,13314.0,533.903,109
2025-06-16 15:06:00-04:00,533.87,533.93,533.77,533.88,38503.0,533.859,213
2025-06-16 15:07:00-04:00,533.88,533.88,533.79,533.8,25087.0,533.835,188
2025-06-16 15:08:00-04:00,533.81,533.82,533.73,533.74,31154.0,533.766,231
2025-06-16 15:09:00-04:00,533.74,533.74,533.61,533.66,43950.0,533.654,258
2025-06-16 15:10:00-04:00,533.66,533.66,533.44,533.54,45203.0,533.528,337
2025-06-16 15:11:00-04:00,533.53,533.58,533.44,533.56,38237.0,533.512,300
2025-06-16 15:12:00-04:00,533.56,533.56,533.45,533.54,32810.0,533.497,219
2025-06-16 15:13:00-04:00,533.54,533.91,533.49,533.89,63473.0,533.761,465
2025-06-16 15:14:00-04:00,533.89,533.94,533.66,533.69,69093.0,533.851,380
2025-06-16 15:15:00-04:00,533.69,533.73,533.62,533.71,32459.0,533.668,248
2025-06-16 15:16:00-04:00,533.69,534.01,533.68,533.98,37148.0,533.885,256
2025-06-16 15:17:00-04:00,533.97,533.97,533.69,533.73,51155.0,533.861,287
2025-06-16 15:18:00-04:00,533.72,533.76,533.65,533.67,32114.0,533.699,212
2025-06-16 15:19:00-04:00,533.68,533.73,533.65,533.65,30221.0,533.696,119
2025-06-16 15:20:00-04:00,533.65,533.66,533.54,533.54,45404.0,533.603,270
2025-06-16 15:21:00-04:00,533.55,534.36,533.46,534.23,439559.0,534.107,3546
2025-06-16 15:22:00-04:00,534.22,534.31,534.07,534.27,158616.0,534.214,1139
2025-06-16 15:23:00-04:00,534.28,534.38,534.2,534.3,90512.0,534.295,719
2025-06-16 15:24:00-04:00,534.31,534.31,534.01,534.13,37710.0,534.158,276
2025-06-16 15:25:00-04:00,534.13,534.15,534.04,534.11,22093.0,534.089,165
2025-06-16 15:26:00-04:00,534.13,534.28,534.09,534.21,49438.0,534.188,319
2025-06-16 15:27:00-04:00,534.2,534.6,534.1,534.12,87082.0,534.227,557
2025-06-16 15:28:00-04:00,534.1,534.16,534.03,534.09,57625.0,534.093,331
2025-06-16 15:29:00-04:00,534.09,534.12,533.99,534.02,47247.0,534.047,343
2025-06-16 15:30:00-04:00,534.03,534.16,534.01,534.01,78346.0,534.066,581
2025-06-16 15:31:00-04:00,534.0,534.02,533.86,533.92,50044.0,533.93,334
2025-06-16 15:32:00-04:00,533.93,533.93,533.69,533.76,40723.0,533.794,256
2025-06-16 15:33:00-04:00,533.76,533.86,533.72,533.79,32216.0,533.804,218
2025-06-16 15:34:00-04:00,533.79,533.88,533.76,533.79,28254.0,533.817,186
2025-06-16 15:35:00-04:00,533.79,534.0,533.77,533.88,40162.0,533.9,317
2025-06-16 15:36:00-04:00,533.87,534.03,533.81,533.99,30660.0,533.923,234
2025-06-16 15:37:00-04:00,533.99,534.05,533.85,533.88,33322.0,533.959,261
2025-06-16 15:38:00-04:00,533.88,533.95,533.85,533.89,25486.0,533.891,183
2025-06-16 15:39:00-04:00,533.88,533.95,533.76,533.79,48661.0,533.823,301
2025-06-16 15:40:00-04:00,533.78,533.88,533.77,533.85,25448.0,533.834,209
2025-06-16 15:41:00-04:00,533.84,533.99,533.81,533.98,36579.0,533.9,282
2025-06-16 15:42:00-04:00,533.96,533.99,533.86,533.86,21567.0,533.924,167
2025-06-16 15:43:00-04:00,533.86,533.88,533.76,533.86,34439.0,533.822,239
2025-06-16 15:44:00-04:00,533.87,533.98,533.79,533.97,41581.0,533.891,260
2025-06-16 15:45:00-04:00,533.96,534.23,533.94,534.19,82382.0,534.128,582
2025-06-16 15:46:00-04:00,534.19,534.2,534.05,534.13,47457.0,534.109,306
2025-06-16 15:47:00-04:00,534.13,534.15,534.01,534.12,47128.0,534.067,309
2025-06-16 15:48:00-04:00,534.11,534.24,534.0,534.22,51023.0,534.13,362
2025-06-16 15:49:00-04:00,534.25,534.28,534.15,534.17,106182.0,534.213,634
2025-06-16 15:50:00-04:00,534.16,534.16,533.65,533.76,131107.0,533.861,879
2025-06-16 15:51:00-04:00,533.75,533.85,533.61,533.71,96884.0,533.728,706
2025-06-16 15:52:00-04:00,533.71,533.89,533.65,533.84,103958.0,533.777,727
2025-06-16 15:53:00-04:00,533.83,533.86,533.6,533.66,103550.0,533.729,726
2025-06-16 15:54:00-04:00,533.65,534.25,533.55,534.01,267189.0,533.934,1526
2025-06-16 15:55:00-04:00,534.0,534.5,534.0,534.18,225048.0,534.199,1338
2025-06-16 15:56:00-04:00,534.18,534.24,534.09,534.11,118954.0,534.138,769
2025-06-16 15:57:00-04:00,534.13,534.13,533.66,533.68,261087.0,533.799,1296
2025-06-16 15:58:00-04:00,533.69,533.73,533.54,533.57,493456.0,533.632,2088
2025-06-16 15:59:00-04:00,533.57,534.28,533.44,534.27,913529.0,533.876,5593
2025-06-17 09:30:00-04:00,531.71,532.66,531.49,532.42,344042.0,532.019,1205
2025-06-17 09:31:00-04:00,532.45,532.78,532.21,532.5,146743.0,532.532,939
2025-06-17 09:32:00-04:00,532.5,532.52,531.86,532.15,170871.0,532.123,1135
2025-06-17 09:33:00-04:00,532.11,532.22,531.96,532.2,92953.0,532.075,548
2025-06-17 09:34:00-04:00,532.19,532.28,531.98,532.15,61936.0,532.136,460
2025-06-17 09:35:00-04:00,532.19,532.3,531.93,532.1,66797.0,532.122,514
2025-06-17 09:36:00-04:00,532.1,532.14,531.96,532.03,80734.0,532.041,590
2025-06-17 09:37:00-04:00,532.06,532.07,531.79,531.86,118010.0,531.914,829
2025-06-17 09:38:00-04:00,531.86,532.05,531.77,531.97,68150.0,531.933,580
2025-06-17 09:39:00-04:00,531.97,532.24,531.97,532.19,65821.0,532.13,522
2025-06-17 09:40:00-04:00,532.2,532.33,532.03,532.18,105966.0,532.178,837
2025-06-17 09:41:00-04:00,532.18,532.37,531.87,531.88,141042.0,532.119,1026
2025-06-17 09:42:00-04:00,531.87,531.95,531.15,531.4,225636.0,531.514,1705
2025-06-17 09:43:00-04:00,531.39,531.49,531.08,531.2,67652.0,531.286,500
2025-06-17 09:44:00-04:00,531.18,531.22,530.89,530.99,110943.0,531.008,769
2025-06-17 09:45:00-04:00,531.0,531.35,530.8,531.17,121155.0,531.07,841
2025-06-17 09:46:00-04:00,531.18,531.53,531.11,531.48,101636.0,531.301,572
2025-06-17 09:47:00-04:00,531.49,531.8,531.48,531.59,97559.0,531.651,597
2025-06-17 09:48:00-04:00,531.6,531.85,531.49,531.59,132392.0,531.695,1092
2025-06-17 09:49:00-04:00,531.6,531.77,531.42,531.5,65465.0,531.584,444
2025-06-17 09:50:00-04:00,531.52,531.63,531.3,531.38,49811.0,531.48,376
2025-06-17 09:51:00-04:00,531.37,531.88,531.25,531.85,61910.0,531.653,439
2025-06-17 09:52:00-04:00,531.85,532.44,531.85,532.16,151982.0,532.141,928
2025-06-17 09:53:00-04:00,532.16,532.19,531.87,531.91,78604.0,531.992,482
2025-06-17 09:54:00-04:00,531.92,532.11,531.88,531.99,55461.0,531.977,366
2025-06-17 09:55:00-04:00,531.98,532.0,531.71,531.72,56481.0,531.86,390
2025-06-17 09:56:00-04:00,531.7,532.4,531.64,532.3,167506.0,532.085,1277
2025-06-17 09:57:00-04:00,532.3,532.41,532.23,532.37,78479.0,532.322,586
2025-06-17 09:58:00-04:00,532.39,532.39,532.25,532.27,21299.0,532.297,168
2025-06-17 09:59:00-04:00,532.28,532.41,532.26,532.41,47000.0,532.328,360
2025-06-17 10:00:00-04:00,532.41,532.88,532.3,532.35,177589.0,532.63,1145
2025-06-17 10:01:00-04:00,532.34,532.54,532.04,532.1,93483.0,532.32,592
2025-06-17 10:02:00-04:00,532.08,532.31,531.98,532.18,65013.0,532.129,430
2025-06-17 10:03:00-04:00,532.17,532.25,532.12,532.14,41780.0,532.196,328
2025-06-17 10:04:00-04:00,532.14,532.28,531.84,532.01,45010.0,532.023,340
2025-06-17 10:05:00-04:00,532.01,532.13,531.87,532.05,58261.0,531.995,417
2025-06-17 10:06:00-04:00,532.06,532.29,532.03,532.27,64419.0,532.179,432
2025-06-17 10:07:00-04:00,532.26,532.44,532.26,532.36,89331.0,532.372,511
2025-06-17 10:08:00-04:00,532.36,532.56,532.32,532.51,56794.0,532.472,338
2025-06-17 10:09:00-04:00,532.53,532.71,532.49,532.67,39404.0,532.595,292
2025-06-17 10:10:00-04:00,532.71,532.8,532.59,532.71,57582.0,532.679,358
2025-06-17 10:11:00-04:00,532.7,532.91,532.7,532.87,109302.0,532.834,737
2025-06-17 10:12:00-04:00,532.86,533.07,532.86,533.04,103706.0,532.971,798
2025-06-17 10:13:00-04:00,533.02,533.1,532.93,532.93,85802.0,533.0,558
2025-06-17 10:14:00-04:00,532.93,533.23,532.91,533.06,89177.0,533.078,530
2025-06-17 10:15:00-04:00,533.05,533.18,532.93,533.13,60920.0,533.077,424
2025-06-17 10:16:00-04:00,533.13,533.32,533.1,533.11,66550.0,533.171,404
2025-06-17 10:17:00-04:00,533.12,533.25,533.02,533.02,50536.0,533.118,353
2025-06-17 10:18:00-04:00,533.01,533.08,532.67,532.74,86043.0,532.86,547
2025-06-17 10:19:00-04:00,532.74,532.9,532.63,532.79,52989.0,532.763,359
2025-06-17 10:20:00-04:00,532.79,532.96,532.79,532.93,48760.0,532.889,407
2025-06-17 10:21:00-04:00,532.93,532.95,532.7,532.81,54062.0,532.815,420
2025-06-17 10:22:00-04:00,532.81,532.85,532.69,532.72,43476.0,532.784,294
2025-06-17 10:23:00-04:00,532.71,532.9,532.71,532.84,33899.0,532.816,240
2025-06-17 10:24:00-04:00,532.85,532.85,532.42,532.57,57200.0,532.624,475
2025-06-17 10:25:00-04:00,532.55,532.65,532.45,532.57,59445.0,532.552,377
2025-06-17 10:26:00-04:00,532.55,532.62,532.37,532.48,38253.0,532.523,274
2025-06-17 10:27:00-04:00,532.47,532.67,532.38,532.67,39264.0,532.529,269
2025-06-17 10:28:00-04:00,532.68,532.74,532.55,532.63,48625.0,532.638,343
2025-06-17 10:29:00-04:00,532.64,532.68,532.52,532.58,30720.0,532.618,187
2025-06-17 10:30:00-04:00,532.56,532.71,532.51,532.67,46682.0,532.619,317
2025-06-17 10:31:00-04:00,532.69,532.81,532.58,532.62,94899.0,532.722,378
2025-06-17 10:32:00-04:00,532.62,532.7,532.55,532.66,60483.0,532.645,321
2025-06-17 10:33:00-04:00,532.67,532.78,532.63,532.66,43191.0,532.718,271
2025-06-17 10:34:00-04:00,532.65,532.7,532.55,532.55,37806.0,532.613,306
2025-06-17 10:35:00-04:00,532.56,532.57,532.06,532.18,134998.0,532.278,809
2025-06-17 10:36:00-04:00,532.17,532.38,532.1,532.27,88028.0,532.274,507
2025-06-17 10:37:00-04:00,532.29,532.29,532.02,532.22,39366.0,532.176,337
2025-06-17 10:38:00-04:00,532.21,532.48,532.21,532.44,64276.0,532.333,423
2025-06-17 10:39:00-04:00,532.47,532.5,532.33,532.39,24486.0,532.429,158
2025-06-17 10:40:00-04:00,532.38,532.39,532.14,532.19,49291.0,532.257,350
2025-06-17 10:41:00-04:00,532.16,532.37,532.07,532.14,40088.0,532.227,311
2025-06-17 10:42:00-04:00,532.14,532.2,531.92,532.14,64181.0,532.048,385
2025-06-17 10:43:00-04:00,532.15,532.3,532.13,532.28,50772.0,532.239,390
2025-06-17 10:44:00-04:00,532.27,532.3,532.11,532.15,41044.0,532.209,294
2025-06-17 10:45:00-04:00,532.15,532.54,532.1,532.52,70016.0,532.288,533
2025-06-17 10:46:00-04:00,532.51,532.56,532.42,532.43,63105.0,532.502,380
2025-06-17 10:47:00-04:00,532.46,532.69,532.45,532.62,69223.0,532.614,461
2025-06-17 10:48:00-04:00,532.62,532.7,532.46,532.55,55588.0,532.61,403
2025-06-17 10:49:00-04:00,532.52,532.61,532.4,532.59,33938.0,532.516,251
2025-06-17 10:50:00-04:00,532.58,532.74,532.43,532.71,53611.0,532.611,403
2025-06-17 10:51:00-04:00,532.7,532.72,532.45,532.47,57079.0,532.592,312
2025-06-17 10:52:00-04:00,532.46,532.46,532.27,532.32,31043.0,532.341,217
2025-06-17 10:53:00-04:00,532.29,532.46,532.29,532.3,37432.0,532.397,309
2025-06-17 10:54:00-04:00,532.31,532.45,532.29,532.42,22266.0,532.378,153
2025-06-17 10:55:00-04:00,532.43,532.47,532.3,532.34,17861.0,532.362,137
2025-06-17 10:56:00-04:00,532.34,532.36,532.09,532.09,49640.0,532.177,255
2025-06-17 10:57:00-04:00,532.1,532.15,531.81,531.95,48867.0,531.954,300
2025-06-17 10:58:00-04:00,531.93,532.17,531.93,532.06,24138.0,532.076,172
2025-06-17 10:59:00-04:00,532.05,532.16,531.9,531.95,20267.0,532.004,124
2025-06-17 11:00:00-04:00,531.94,532.33,531.88,532.32,79532.0,532.102,492
2025-06-17 11:01:00-04:00,532.32,532.37,532.08,532.17,64311.0,532.214,414
2025-06-17 11:02:00-04:00,532.19,532.24,532.12,532.13,28547.0,532.179,201
2025-06-17 11:03:00-04:00,532.12,532.53,532.08,532.51,41285.0,532.39,179
2025-06-17 11:04:00-04:00,532.51,532.65,532.5,532.58,43278.0,532.561,302
2025-06-17 11:05:00-04:00,532.6,532.61,532.44,532.46,19954.0,532.502,146
2025-06-17 11:06:00-04:00,532.46,532.58,532.46,532.58,18534.0,532.526,140
2025-06-17 11:07:00-04:00,532.58,532.78,532.57,532.72,71893.0,532.708,461
2025-06-17 11:08:00-04:00,532.73,532.78,532.62,532.7,30963.0,532.686,204
2025-06-17 11:09:00-04:00,532.7,532.81,532.69,532.75,47437.0,532.753,289
2025-06-17 11:10:00-04:00,532.73,532.89,532.7,532.87,67540.0,532.83,314
2025-06-17 11:11:00-04:00,532.87,533.12,532.81,533.08,62961.0,532.977,403
2025-06-17 11:12:00-04:00,533.09,533.16,533.03,533.08,43030.0,533.089,297
2025-06-17 11:13:00-04:00,533.09,533.14,532.97,533.08,34792.0,533.058,205
2025-06-17 11:14:00-04:00,533.08,533.33,533.06,533.23,78419.0,533.195,527
2025-06-17 11:15:00-04:00,533.25,533.27,533.01,533.01,88007.0,533.118,525
2025-06-17 11:16:00-04:00,533.01,533.02,532.36,532.55,264115.0,532.646,1589
2025-06-17 11:17:00-04:00,532.52,532.76,532.51,532.76,44166.0,532.655,233
2025-06-17 11:18:00-04:00,532.75,532.92,532.7,532.87,59491.0,532.816,267
2025-06-17 11:19:00-04:00,532.86,532.94,532.8,532.87,30418.0,532.862,193
2025-06-17 11:20:00-04:00,532.86,532.9,532.66,532.87,60518.0,532.758,330
2025-06-17 11:21:00-04:00,532.87,532.91,532.61,532.72,55843.0,532.801,458
2025-06-17 11:22:00-04:00,532.72,532.73,532.51,532.54,27135.0,532.614,190
2025-06-17 11:23:00-04:00,532.55,532.61,532.45,532.58,46048.0,532.534,275
2025-06-17 11:24:00-04:00,532.58,532.62,532.53,532.57,19667.0,532.573,153
2025-06-17 11:25:00-04:00,532.57,532.57,532.31,532.35,40233.0,532.399,252
2025-06-17 11:26:00-04:00,532.35,532.5,532.33,532.46,30049.0,532.434,207
2025-06-17 11:27:00-04:00,532.45,532.56,532.41,532.5,38097.0,532.491,266
2025-06-17 11:28:00-04:00,532.52,532.52,532.36,532.37,39610.0,532.424,266
2025-06-17 11:29:00-04:00,532.33,532.33,532.18,532.28,53459.0,532.253,314
2025-06-17 11:30:00-04:00,532.29,532.41,532.19,532.23,41440.0,532.287,316
2025-06-17 11:31:00-04:00,532.22,532.22,531.99,532.2,63041.0,532.091,402
2025-06-17 11:32:00-04:00,532.18,532.29,532.14,532.2,27819.0,532.219,209
2025-06-17 11:33:00-04:00,532.2,532.25,532.14,532.23,22967.0,532.203,176
2025-06-17 11:34:00-04:00,532.23,532.3,532.15,532.23,43650.0,532.23,360
2025-06-17 11:35:00-04:00,532.23,532.26,532.01,532.25,45840.0,532.133,346
2025-06-17 11:36:00-04:00,532.24,532.67,532.23,532.61,131225.0,532.465,748
2025-06-17 11:37:00-04:00,532.61,532.66,532.46,532.56,39982.0,532.552,287
2025-06-17 11:38:00-04:00,532.55,532.66,532.48,532.56,53096.0,532.572,341
2025-06-17 11:39:00-04:00,532.56,532.56,532.23,532.35,34753.0,532.359,246
2025-06-17 11:40:00-04:00,532.34,532.68,532.34,532.63,52099.0,532.509,309
2025-06-17 11:41:00-04:00,532.67,532.74,532.62,532.63,28967.0,532.669,202
2025-06-17 11:42:00-04:00,532.64,532.84,532.61,532.8,54097.0,532.724,302
2025-06-17 11:43:00-04:00,532.8,532.84,532.72,532.82,24723.0,532.778,151
2025-06-17 11:44:00-04:00,532.85,532.97,532.79,532.92,23960.0,532.885,180
2025-06-17 11:45:00-04:00,532.95,533.04,532.85,532.87,51594.0,532.972,319
2025-06-17 11:46:00-04:00,532.89,532.98,532.83,532.88,30637.0,532.91,223
2025-06-17 11:47:00-04:00,532.88,532.96,532.75,532.76,29438.0,532.841,199
2025-06-17 11:48:00-04:00,532.74,532.75,532.27,532.29,48097.0,532.485,319
2025-06-17 11:49:00-04:00,532.28,532.52,532.16,532.52,73637.0,532.317,451
2025-06-17 11:50:00-04:00,532.55,532.68,532.52,532.52,34100.0,532.608,225
2025-06-17 11:51:00-04:00,532.55,532.88,532.55,532.85,42723.0,532.756,298
2025-06-17 11:52:00-04:00,532.83,532.98,532.83,532.94,43353.0,532.922,286
2025-06-17 11:53:00-04:00,532.95,532.96,532.85,532.87,27295.0,532.905,202
2025-06-17 11:54:00-04:00,532.86,532.87,532.71,532.75,22292.0,532.802,131
2025-06-17 11:55:00-04:00,532.72,532.73,532.4,532.46,53688.0,532.551,403
2025-06-17 11:56:00-04:00,532.46,532.64,532.39,532.59,25571.0,532.517,202
2025-06-17 11:57:00-04:00,532.6,532.64,532.51,532.59,15077.0,532.563,117
2025-06-17 11:58:00-04:00,532.55,532.62,532.46,532.61,18376.0,532.548,146
2025-06-17 11:59:00-04:00,532.62,532.66,532.42,532.44,35312.0,532.575,230
2025-06-17 12:00:00-04:00,532.43,532.76,532.43,532.72,52785.0,532.588,414
2025-06-17 12:01:00-04:00,532.71,532.82,532.66,532.82,27653.0,532.753,230
2025-06-17 12:02:00-04:00,532.83,532.92,532.79,532.84,43949.0,532.878,319
2025-06-17 12:03:00-04:00,532.84,532.98,532.81,532.96,35504.0,532.898,280
2025-06-17 12:04:00-04:00,532.98,533.12,532.94,532.97,38217.0,533.025,220
2025-06-17 12:05:00-04:00,532.96,533.07,532.82,532.88,43845.0,532.944,325
2025-06-17 12:06:00-04:00,532.88,533.15,532.85,533.11,33688.0,533.014,251
2025-06-17 12:07:00-04:00,533.12,533.2,533.08,533.1,54711.0,533.166,321
2025-06-17 12:08:00-04:00,533.1,533.17,533.07,533.07,29383.0,533.131,199
2025-06-17 12:09:00-04:00,533.08,533.13,532.26,532.72,258480.0,532.594,2015
2025-06-17 12:10:00-04:00,532.71,533.07,532.69,532.98,71982.0,532.94,460
2025-06-17 12:11:00-04:00,532.98,533.19,532.94,533.18,32820.0,533.071,196
2025-06-17 12:12:00-04:00,533.19,533.21,533.05,533.11,27665.0,533.116,179
2025-06-17 12:13:00-04:00,533.14,533.18,533.03,533.05,22680.0,533.118,161
2025-06-17 12:14:00-04:00,533.02,533.16,533.02,533.15,22987.0,533.075,174
2025-06-17 12:15:00-04:00,533.13,533.21,533.04,533.04,20654.0,533.13,134
2025-06-17 12:16:00-04:00,533.05,533.06,532.93,533.05,22397.0,533.008,150
2025-06-17 12:17:00-04:00,533.07,533.23,533.05,533.15,34473.0,533.18,239
2025-06-17 12:18:00-04:00,533.18,533.2,532.98,533.11,26759.0,533.086,213
2025-06-17 12:19:00-04:00,533.13,533.16,533.04,533.09,31117.0,533.093,221
2025-06-17 12:20:00-04:00,533.09,533.24,533.07,533.14,31151.0,533.14,258
2025-06-17 12:21:00-04:00,533.15,533.16,532.87,533.02,38636.0,532.981,240
2025-06-17 12:22:00-04:00,533.04,533.1,532.9,532.9,17782.0,533.026,125
2025-06-17 12:23:00-04:00,532.93,532.95,532.81,532.83,23701.0,532.873,139
2025-06-17 12:24:00-04:00,532.8,532.9,532.75,532.78,29915.0,532.814,195
2025-06-17 12:25:00-04:00,532.77,532.93,532.72,532.93,30325.0,532.83,190
2025-06-17 12:26:00-04:00,532.94,532.94,532.68,532.74,24243.0,532.771,169
2025-06-17 12:27:00-04:00,532.76,532.77,532.64,532.76,15708.0,532.693,100
2025-06-17 12:28:00-04:00,532.75,532.9,532.74,532.9,15684.0,532.83,103
2025-06-17 12:29:00-04:00,532.92,532.95,532.71,532.71,27456.0,532.823,180
2025-06-17 12:30:00-04:00,532.71,532.81,532.63,532.65,37623.0,532.705,257
2025-06-17 12:31:00-04:00,532.64,532.83,532.54,532.78,63035.0,532.709,357
2025-06-17 12:32:00-04:00,532.75,532.91,532.74,532.89,20458.0,532.859,154
2025-06-17 12:33:00-04:00,532.89,533.01,532.81,532.96,29946.0,532.956,229
2025-06-17 12:34:00-04:00,532.96,533.03,532.92,533.03,18603.0,532.974,103
2025-06-17 12:35:00-04:00,533.04,533.13,532.96,533.11,22402.0,533.051,160
2025-06-17 12:36:00-04:00,533.12,533.14,532.96,533.05,30767.0,533.043,211
2025-06-17 12:37:00-04:00,533.08,533.08,532.86,532.87,43259.0,532.935,267
2025-06-17 12:38:00-04:00,532.89,533.01,532.89,532.94,19883.0,532.931,145
2025-06-17 12:39:00-04:00,532.94,532.96,532.78,532.79,24927.0,532.875,194
2025-06-17 12:40:00-04:00,532.77,532.8,532.61,532.63,56701.0,532.684,330
2025-06-17 12:41:00-04:00,532.62,532.65,532.42,532.44,67535.0,532.529,329
2025-06-17 12:42:00-04:00,532.46,532.54,532.42,532.51,40102.0,532.473,263
2025-06-17 12:43:00-04:00,532.52,532.65,532.39,532.63,32677.0,532.512,232
2025-06-17 12:44:00-04:00,532.6,532.6,531.85,532.09,170139.0,532.117,1301
2025-06-17 12:45:00-04:00,532.08,532.36,531.88,532.19,123450.0,532.155,878
2025-06-17 12:46:00-04:00,532.2,532.44,532.15,532.36,32243.0,532.31,173
2025-06-17 12:47:00-04:00,532.35,532.44,532.12,532.21,67566.0,532.228,391
2025-06-17 12:48:00-04:00,532.17,532.2,531.95,532.06,63258.0,532.048,475
2025-06-17 12:49:00-04:00,532.05,532.06,531.36,531.77,224650.0,531.652,1683
2025-06-17 12:50:00-04:00,531.77,531.93,531.44,531.73,125710.0,531.646,784
2025-06-17 12:51:00-04:00,531.73,531.97,531.66,531.82,81916.0,531.819,553
2025-06-17 12:52:00-04:00,531.84,531.87,531.39,531.48,77040.0,531.58,564
2025-06-17 12:53:00-04:00,531.49,531.5,531.31,531.4,60514.0,531.405,479
2025-06-17 12:54:00-04:00,531.37,531.62,531.32,531.49,49857.0,531.5,349
2025-06-17 12:55:00-04:00,531.45,531.45,531.11,531.21,114118.0,531.271,785
2025-06-17 12:56:00-04:00,531.19,531.38,531.11,531.26,54593.0,531.235,367
2025-06-17 12:57:00-04:00,531.2,531.2,531.01,531.1,55586.0,531.094,380
2025-06-17 12:58:00-04:00,531.09,531.17,530.91,531.09,84905.0,531.04,579
2025-06-17 12:59:00-04:00,531.1,531.1,530.71,530.97,115070.0,530.864,893
2025-06-17 13:00:00-04:00,530.94,530.94,530.56,530.7,115430.0,530.787,651
2025-06-17 13:01:00-04:00,530.68,530.8,530.46,530.61,68790.0,530.592,409
2025-06-17 13:02:00-04:00,530.6,530.83,530.47,530.83,109474.0,530.622,539
2025-06-17 13:03:00-04:00,530.82,531.13,530.78,531.12,80882.0,530.962,541
2025-06-17 13:04:00-04:00,531.1,531.26,531.02,531.08,91310.0,531.169,509
2025-06-17 13:05:00-04:00,531.08,531.08,530.6,530.67,66129.0,530.838,433
2025-06-17 13:06:00-04:00,530.65,530.74,530.49,530.7,79205.0,530.625,479
2025-06-17 13:07:00-04:00,530.69,530.93,530.56,530.93,49979.0,530.729,355
2025-06-17 13:08:00-04:00,530.93,531.12,530.89,531.07,90011.0,531.035,445
2025-06-17 13:09:00-04:00,531.05,531.22,530.95,531.18,34471.0,531.077,252
2025-06-17 13:10:00-04:00,531.17,531.4,531.1,531.28,95426.0,531.269,634
2025-06-17 13:11:00-04:00,531.28,531.43,531.17,531.26,44615.0,531.297,311
2025-06-17 13:12:00-04:00,531.27,531.45,531.27,531.38,23537.0,531.387,163
2025-06-17 13:13:00-04:00,531.37,531.47,531.26,531.28,41600.0,531.368,260
2025-06-17 13:14:00-04:00,531.28,531.44,531.22,531.32,29298.0,531.332,190
2025-06-17 13:15:00-04:00,531.31,531.42,531.31,531.32,25735.0,531.367,167
2025-06-17 13:16:00-04:00,531.29,531.31,531.07,531.28,52435.0,531.177,388
2025-06-17 13:17:00-04:00,531.3,531.34,531.15,531.29,16322.0,531.257,136
2025-06-17 13:18:00-04:00,531.29,531.41,531.17,531.36,31925.0,531.324,251
2025-06-17 13:19:00-04:00,531.37,531.37,531.04,531.09,37528.0,531.173,304
2025-06-17 13:20:00-04:00,531.09,531.09,530.82,530.94,98987.0,530.939,675
2025-06-17 13:21:00-04:00,530.95,530.98,530.61,530.8,78215.0,530.771,611
2025-06-17 13:22:00-04:00,530.79,531.0,530.71,531.0,28868.0,530.798,211
2025-06-17 13:23:00-04:00,531.0,531.0,530.85,530.89,30354.0,530.925,183
2025-06-17 13:24:00-04:00,530.9,531.26,530.85,531.02,44206.0,531.105,283
2025-06-17 13:25:00-04:00,530.99,530.99,530.71,530.91,52270.0,530.826,395
2025-06-17 13:26:00-04:00,530.89,531.03,530.7,530.8,45999.0,530.868,302
2025-06-17 13:27:00-04:00,530.82,530.89,530.74,530.8,33539.0,530.803,276
2025-06-17 13:28:00-04:00,530.79,530.8,530.57,530.62,45328.0,530.663,314
2025-06-17 13:29:00-04:00,530.6,530.69,530.39,530.45,66371.0,530.537,415
2025-06-17 13:30:00-04:00,530.45,530.49,529.87,530.41,194703.0,530.159,1341
2025-06-17 13:31:00-04:00,530.4,530.72,530.39,530.68,75602.0,530.558,450
2025-06-17 13:32:00-04:00,530.68,530.75,530.51,530.7,46368.0,530.658,312
2025-06-17 13:33:00-04:00,530.69,530.96,530.62,530.89,74238.0,530.833,468
2025-06-17 13:34:00-04:00,530.88,531.02,530.88,530.94,57061.0,530.949,370
2025-06-17 13:35:00-04:00,530.93,531.15,530.91,531.14,69514.0,531.06,432
2025-06-17 13:36:00-04:00,531.13,531.16,531.02,531.13,29814.0,531.08,216
2025-06-17 13:37:00-04:00,531.12,531.25,531.1,531.21,46972.0,531.182,310
2025-06-17 13:38:00-04:00,531.22,531.28,530.79,530.83,92254.0,531.025,607
2025-06-17 13:39:00-04:00,530.82,530.89,530.55,530.69,79466.0,530.706,542
2025-06-17 13:40:00-04:00,530.66,530.76,530.38,530.71,84329.0,530.535,526
2025-06-17 13:41:00-04:00,530.71,531.05,530.71,530.83,62731.0,530.882,369
2025-06-17 13:42:00-04:00,530.81,530.88,530.64,530.75,22437.0,530.74,161
2025-06-17 13:43:00-04:00,530.73,530.73,530.52,530.52,50368.0,530.619,342
2025-06-17 13:44:00-04:00,530.52,530.61,530.18,530.23,147925.0,530.319,861
2025-06-17 13:45:00-04:00,530.23,530.41,530.08,530.31,94769.0,530.243,694
2025-06-17 13:46:00-04:00,530.28,530.28,529.45,530.02,210162.0,529.793,1333
2025-06-17 13:47:00-04:00,529.98,530.04,529.49,529.57,155182.0,529.648,977
2025-06-17 13:48:00-04:00,529.58,529.6,529.22,529.27,143078.0,529.364,913
2025-06-17 13:49:00-04:00,529.28,529.33,528.81,529.23,261838.0,529.067,1646
2025-06-17 13:50:00-04:00,529.19,529.3,528.9,529.1,105723.0,529.127,643
2025-06-17 13:51:00-04:00,529.1,529.29,528.69,528.98,166563.0,529.009,1114
2025-06-17 13:52:00-04:00,528.98,529.33,528.97,529.14,92634.0,529.146,652
2025-06-17 13:53:00-04:00,529.13,529.57,529.09,529.53,79725.0,529.404,548
2025-06-17 13:54:00-04:00,529.53,529.53,529.21,529.37,67884.0,529.368,461
2025-06-17 13:55:00-04:00,529.39,529.71,529.38,529.52,86380.0,529.59,622
2025-06-17 13:56:00-04:00,529.53,529.77,529.48,529.73,62602.0,529.645,424
2025-06-17 13:57:00-04:00,529.73,529.81,529.6,529.62,58263.0,529.727,345
2025-06-17 13:58:00-04:00,529.65,529.73,529.33,529.42,78444.0,529.495,613
2025-06-17 13:59:00-04:00,529.34,529.35,529.18,529.2,55668.0,529.263,471
2025-06-17 14:00:00-04:00,529.17,529.17,528.33,528.88,256950.0,528.778,1651
2025-06-17 14:01:00-04:00,528.87,528.97,528.48,528.83,126971.0,528.738,897
2025-06-17 14:02:00-04:00,528.79,529.0,528.35,528.76,146510.0,528.784,971
2025-06-17 14:03:00-04:00,528.81,528.96,528.52,528.62,136057.0,528.735,949
2025-06-17 14:04:00-04:00,528.62,528.66,528.41,528.65,147086.0,528.521,839
2025-06-17 14:05:00-04:00,528.66,529.05,528.66,529.01,169423.0,528.886,1041
2025-06-17 14:06:00-04:00,529.01,529.18,528.74,528.94,168032.0,528.98,995
2025-06-17 14:07:00-04:00,528.92,529.31,528.87,529.28,98945.0,529.131,619
2025-06-17 14:08:00-04:00,529.27,529.33,529.02,529.05,71488.0,529.18,423
2025-06-17 14:09:00-04:00,529.03,529.31,529.01,529.29,36852.0,529.145,242
2025-06-17 14:10:00-04:00,529.27,529.5,529.26,529.42,58707.0,529.394,387
2025-06-17 14:11:00-04:00,529.42,529.43,529.27,529.42,30286.0,529.369,218
2025-06-17 14:12:00-04:00,529.42,529.46,528.93,529.11,94758.0,529.2,785
2025-06-17 14:13:00-04:00,529.09,529.44,529.07,529.33,36027.0,529.256,281
2025-06-17 14:14:00-04:00,529.34,529.35,529.06,529.08,32432.0,529.223,247
2025-06-17 14:15:00-04:00,529.05,529.24,528.77,528.82,66383.0,528.976,524
2025-06-17 14:16:00-04:00,528.86,529.05,528.64,528.82,38770.0,528.878,291
2025-06-17 14:17:00-04:00,528.8,529.2,528.68,529.13,59005.0,528.908,452
2025-06-17 14:18:00-04:00,529.13,529.16,528.82,529.01,52296.0,528.953,310
2025-06-17 14:19:00-04:00,529.01,529.02,528.75,528.95,32301.0,528.875,264
2025-06-17 14:20:00-04:00,528.94,529.01,528.83,529.0,34409.0,528.953,227
2025-06-17 14:21:00-04:00,528.98,529.05,528.82,528.9,26343.0,528.929,237
2025-06-17 14:22:00-04:00,528.87,529.02,528.73,528.91,28318.0,528.882,199
2025-06-17 14:23:00-04:00,528.89,528.95,528.71,528.81,49216.0,528.813,335
2025-06-17 14:24:00-04:00,528.82,528.88,528.59,528.63,56373.0,528.736,433
2025-06-17 14:25:00-04:00,528.63,528.78,528.39,528.52,157632.0,528.582,1148
2025-06-17 14:26:00-04:00,528.53,528.66,528.2,528.49,102291.0,528.428,807
2025-06-17 14:27:00-04:00,528.48,528.54,528.19,528.42,114551.0,528.383,645
2025-06-17 14:28:00-04:00,528.43,528.58,528.09,528.38,123688.0,528.278,783
2025-06-17 14:29:00-04:00,528.35,528.64,528.28,528.54,113122.0,528.487,706
2025-06-17 14:30:00-04:00,528.55,529.05,528.44,528.95,185603.0,528.732,1189
2025-06-17 14:31:00-04:00,528.96,529.15,528.84,529.0,97522.0,529.006,724
2025-06-17 14:32:00-04:00,529.01,529.03,528.79,528.89,55061.0,528.892,357
2025-06-17 14:33:00-04:00,528.9,528.93,528.76,528.83,47651.0,528.845,341
2025-06-17 14:34:00-04:00,528.83,529.17,528.81,529.12,85871.0,529.021,592
2025-06-17 14:35:00-04:00,529.1,529.25,529.04,529.16,62596.0,529.165,439
2025-06-17 14:36:00-04:00,529.18,529.18,528.79,528.94,76666.0,529.002,571
2025-06-17 14:37:00-04:00,528.9,529.02,528.71,528.92,45309.0,528.857,328
2025-06-17 14:38:00-04:00,528.92,529.12,528.78,528.82,43175.0,528.979,320
2025-06-17 14:39:00-04:00,528.83,528.83,528.52,528.7,45829.0,528.632,342
2025-06-17 14:40:00-04:00,528.66,528.77,528.39,528.51,44419.0,528.566,329
2025-06-17 14:41:00-04:00,528.43,528.56,528.29,528.43,45527.0,528.4,316
2025-06-17 14:42:00-04:00,528.4,528.46,528.31,528.31,29611.0,528.379,223
2025-06-17 14:43:00-04:00,528.3,528.53,528.24,528.36,52185.0,528.418,413
2025-06-17 14:44:00-04:00,528.33,528.52,527.91,528.5,186889.0,528.226,1374
2025-06-17 14:45:00-04:00,528.49,528.77,528.4,528.74,122192.0,528.634,737
2025-06-17 14:46:00-04:00,528.72,528.91,528.61,528.88,73102.0,528.773,412
2025-06-17 14:47:00-04:00,528.9,528.97,528.57,528.63,84703.0,528.767,502
2025-06-17 14:48:00-04:00,528.64,528.72,528.51,528.68,28540.0,528.607,211
2025-06-17 14:49:00-04:00,528.65,528.84,528.65,528.72,21830.0,528.755,175
2025-06-17 14:50:00-04:00,528.71,528.94,528.65,528.84,30724.0,528.817,262
2025-06-17 14:51:00-04:00,528.84,528.91,528.65,528.65,38599.0,528.768,272
2025-06-17 14:52:00-04:00,528.7,528.74,528.59,528.64,23598.0,528.67,142
2025-06-17 14:53:00-04:00,528.62,528.77,528.53,528.74,29588.0,528.645,189
2025-06-17 14:54:00-04:00,528.73,528.99,528.67,528.98,50844.0,528.812,311
2025-06-17 14:55:00-04:00,528.99,529.18,528.95,529.14,107637.0,529.064,730
2025-06-17 14:56:00-04:00,529.16,529.27,529.12,529.21,74652.0,529.2,450
2025-06-17 14:57:00-04:00,529.21,529.37,529.08,529.37,88085.0,529.238,531
2025-06-17 14:58:00-04:00,529.37,529.5,529.29,529.5,103691.0,529.397,535
2025-06-17 14:59:00-04:00,529.49,529.59,529.42,529.56,133547.0,529.495,837
2025-06-17 15:00:00-04:00,529.56,529.67,529.39,529.46,100575.0,529.542,636
2025-06-17 15:01:00-04:00,529.47,529.49,529.29,529.35,54253.0,529.386,341
2025-06-17 15:02:00-04:00,529.33,529.59,529.27,529.48,74286.0,529.406,487
2025-06-17 15:03:00-04:00,529.48,529.52,529.09,529.15,114660.0,529.264,795
2025-06-17 15:04:00-04:00,529.15,529.15,528.99,529.07,48601.0,529.081,394
2025-06-17 15:05:00-04:00,529.08,529.08,528.81,528.92,81630.0,528.921,527
2025-06-17 15:06:00-04:00,528.92,529.07,528.91,529.01,25942.0,528.987,188
2025-06-17 15:07:00-04:00,529.03,529.16,528.96,529.16,25176.0,529.053,222
2025-06-17 15:08:00-04:00,529.16,529.21,529.01,529.15,41324.0,529.112,261
2025-06-17 15:09:00-04:00,529.15,529.22,529.09,529.18,23267.0,529.166,165
2025-06-17 15:10:00-04:00,529.2,529.25,528.96,529.06,50094.0,529.086,347
2025-06-17 15:11:00-04:00,529.08,529.44,529.06,529.37,75353.0,529.32,514
2025-06-17 15:12:00-04:00,529.37,529.55,529.37,529.48,49872.0,529.462,340
2025-06-17 15:13:00-04:00,529.48,529.49,529.3,529.3,54684.0,529.385,387
2025-06-17 15:14:00-04:00,529.31,529.43,529.3,529.34,26014.0,529.358,190
2025-06-17 15:15:00-04:00,529.32,529.51,529.32,529.48,32842.0,529.427,193
2025-06-17 15:16:00-04:00,529.48,529.52,529.37,529.45,48563.0,529.451,363
2025-06-17 15:17:00-04:00,529.46,529.48,529.12,529.16,62898.0,529.286,409
2025-06-17 15:18:00-04:00,529.14,529.3,529.14,529.19,34178.0,529.227,228
2025-06-17 15:19:00-04:00,529.2,529.29,529.17,529.25,30469.0,529.261,142
2025-06-17 15:20:00-04:00,529.22,529.68,529.22,529.67,54205.0,529.496,383
2025-06-17 15:21:00-04:00,529.66,529.81,529.57,529.66,87931.0,529.682,592
2025-06-17 15:22:00-04:00,529.64,529.84,529.63,529.77,55323.0,529.75,395
2025-06-17 15:23:00-04:00,529.77,529.83,529.67,529.71,34154.0,529.749,222
2025-06-17 15:24:00-04:00,529.69,529.77,529.62,529.71,25396.0,529.689,171
2025-06-17 15:25:00-04:00,529.72,529.84,529.69,529.78,82852.0,529.785,366
2025-06-17 15:26:00-04:00,529.79,529.81,529.6,529.74,30028.0,529.7,207
2025-06-17 15:27:00-04:00,529.76,529.77,529.6,529.66,22213.0,529.673,135
2025-06-17 15:28:00-04:00,529.66,529.76,529.63,529.69,27120.0,529.681,197
2025-06-17 15:29:00-04:00,529.69,529.8,529.67,529.76,49147.0,529.749,335
2025-06-17 15:30:00-04:00,529.78,529.96,529.75,529.79,82982.0,529.864,512
2025-06-17 15:31:00-04:00,529.8,529.8,529.44,529.56,84490.0,529.576,541
2025-06-17 15:32:00-04:00,529.57,529.8,529.56,529.68,43748.0,529.702,363
2025-06-17 15:33:00-04:00,529.67,529.75,529.55,529.69,33093.0,529.662,241
2025-06-17 15:34:00-04:00,529.69,529.76,529.62,529.73,33960.0,529.7,301
2025-06-17 15:35:00-04:00,529.73,529.89,529.73,529.84,47158.0,529.807,389
2025-06-17 15:36:00-04:00,529.86,529.9,529.73,529.82,51763.0,529.83,399
2025-06-17 15:37:00-04:00,529.81,529.94,529.79,529.87,62066.0,529.854,461
2025-06-17 15:38:00-04:00,529.87,529.9,529.69,529.8,47621.0,529.802,367
2025-06-17 15:39:00-04:00,529.8,529.84,529.44,529.49,71659.0,529.603,455
2025-06-17 15:40:00-04:00,529.48,529.65,529.38,529.45,118627.0,529.469,911
2025-06-17 15:41:00-04:00,529.45,529.55,529.18,529.52,89916.0,529.381,728
2025-06-17 15:42:00-04:00,529.51,529.53,529.3,529.33,105422.0,529.359,682
2025-06-17 15:43:00-04:00,529.33,529.6,529.32,529.5,66184.0,529.488,467
2025-06-17 15:44:00-04:00,529.49,529.61,529.38,529.54,56407.0,529.506,436
2025-06-17 15:45:00-04:00,529.54,529.82,529.48,529.75,98148.0,529.638,702
2025-06-17 15:46:00-04:00,529.76,529.84,529.54,529.59,76836.0,529.696,584
2025-06-17 15:47:00-04:00,529.58,529.8,529.51,529.65,85521.0,529.675,646
2025-06-17 15:48:00-04:00,529.64,529.77,529.61,529.73,112558.0,529.684,771
2025-06-17 15:49:00-04:00,529.73,529.86,529.63,529.83,92331.0,529.767,580
2025-06-17 15:50:00-04:00,529.84,530.08,529.51,529.75,180330.0,529.801,1389
2025-06-17 15:51:00-04:00,529.72,529.76,529.47,529.58,87869.0,529.611,728
2025-06-17 15:52:00-04:00,529.57,529.62,529.43,529.46,84877.0,529.51,732
2025-06-17 15:53:00-04:00,529.45,529.58,529.33,529.5,140842.0,529.466,1048
2025-06-17 15:54:00-04:00,529.46,529.54,529.22,529.49,177930.0,529.36,1299
2025-06-17 15:55:00-04:00,529.5,529.52,528.78,529.33,386561.0,529.141,2959
2025-06-17 15:56:00-04:00,529.32,529.46,529.22,529.31,160469.0,529.343,1193
2025-06-17 15:57:00-04:00,529.29,529.41,528.95,529.14,187964.0,529.189,1407
2025-06-17 15:58:00-04:00,529.13,529.19,528.95,528.96,226263.0,529.073,1729
2025-06-17 15:59:00-04:00,528.98,529.15,528.79,529.0,780841.0,528.991,4280
2025-06-18 09:30:00-04:00,530.1,530.15,529.34,529.83,323172.0,529.836,1227
2025-06-18 09:31:00-04:00,529.84,530.06,529.44,529.46,126571.0,529.746,826
2025-06-18 09:32:00-04:00,529.48,529.52,529.0,529.02,101853.0,529.261,618
2025-06-18 09:33:00-04:00,529.0,529.05,528.65,528.81,127219.0,528.798,752
2025-06-18 09:34:00-04:00,528.79,528.8,528.48,528.59,94507.0,528.629,535
2025-06-18 09:35:00-04:00,528.6,529.06,528.58,529.03,177397.0,528.888,893
2025-06-18 09:36:00-04:00,529.02,529.05,528.56,528.88,60862.0,528.763,417
2025-06-18 09:37:00-04:00,528.88,529.33,528.79,529.15,87675.0,529.042,598
2025-06-18 09:38:00-04:00,529.17,529.4,529.12,529.23,82822.0,529.256,522
2025-06-18 09:39:00-04:00,529.25,529.45,529.2,529.36,95654.0,529.336,545
2025-06-18 09:40:00-04:00,529.36,529.56,529.26,529.53,87358.0,529.42,582
2025-06-18 09:41:00-04:00,529.54,529.76,529.44,529.68,61252.0,529.597,411
2025-06-18 09:42:00-04:00,529.68,529.73,529.44,529.55,60650.0,529.59,468
2025-06-18 09:43:00-04:00,529.55,529.66,529.46,529.62,39777.0,529.564,237
2025-06-18 09:44:00-04:00,529.63,529.94,529.63,529.7,87660.0,529.819,554
2025-06-18 09:45:00-04:00,529.73,529.77,529.59,529.71,68789.0,529.684,423
2025-06-18 09:46:00-04:00,529.73,529.87,529.61,529.82,56885.0,529.738,290
2025-06-18 09:47:00-04:00,529.86,530.13,529.76,530.1,116791.0,529.918,622
2025-06-18 09:48:00-04:00,530.12,530.24,530.05,530.14,97636.0,530.174,484
2025-06-18 09:49:00-04:00,530.14,530.38,530.11,530.31,96175.0,530.237,518
2025-06-18 09:50:00-04:00,530.31,530.5,530.27,530.47,65710.0,530.396,362
2025-06-18 09:51:00-04:00,530.47,530.56,530.35,530.39,68020.0,530.461,458
2025-06-18 09:52:00-04:00,530.38,530.75,530.33,530.68,122255.0,530.607,744
2025-06-18 09:53:00-04:00,530.68,530.84,530.68,530.74,93853.0,530.773,547
2025-06-18 09:54:00-04:00,530.76,530.86,530.2,530.28,210707.0,530.404,1381
2025-06-18 09:55:00-04:00,530.26,530.42,530.21,530.4,113958.0,530.311,487
2025-06-18 09:56:00-04:00,530.39,530.61,530.32,530.34,102170.0,530.458,414
2025-06-18 09:57:00-04:00,530.36,530.56,530.29,530.42,61629.0,530.438,446
2025-06-18 09:58:00-04:00,530.41,530.53,530.4,530.46,65522.0,530.462,293
2025-06-18 09:59:00-04:00,530.45,530.51,530.28,530.28,30857.0,530.423,222
2025-06-18 10:00:00-04:00,530.29,530.43,529.9,529.96,128969.0,530.119,771
2025-06-18 10:01:00-04:00,529.96,530.05,529.8,529.82,93985.0,529.893,698
2025-06-18 10:02:00-04:00,529.82,530.39,529.78,530.37,124607.0,530.051,837
2025-06-18 10:03:00-04:00,530.4,530.92,530.36,530.85,131094.0,530.608,921
2025-06-18 10:04:00-04:00,530.85,531.07,530.78,530.81,136109.0,530.935,805
2025-06-18 10:05:00-04:00,530.81,530.83,530.54,530.69,73858.0,530.647,489
2025-06-18 10:06:00-04:00,530.69,530.71,530.43,530.67,56286.0,530.625,418
2025-06-18 10:07:00-04:00,530.67,530.86,530.54,530.83,73627.0,530.725,522
2025-06-18 10:08:00-04:00,530.84,531.13,530.71,531.12,95727.0,530.945,637
2025-06-18 10:09:00-04:00,531.1,531.19,530.77,530.81,82898.0,531.019,549
2025-06-18 10:10:00-04:00,530.78,530.99,530.68,530.81,49308.0,530.841,310
2025-06-18 10:11:00-04:00,530.82,531.02,530.79,531.0,40687.0,530.924,282
2025-06-18 10:12:00-04:00,530.99,531.28,530.98,531.22,63603.0,531.131,452
2025-06-18 10:13:00-04:00,531.23,531.36,531.17,531.33,81207.0,531.253,527
2025-06-18 10:14:00-04:00,531.34,531.5,531.31,531.32,156007.0,531.412,837
2025-06-18 10:15:00-04:00,531.33,531.52,531.26,531.33,78835.0,531.389,557
2025-06-18 10:16:00-04:00,531.34,531.53,531.23,531.42,73176.0,531.351,453
2025-06-18 10:17:00-04:00,531.42,531.54,531.39,531.49,70164.0,531.471,395
2025-06-18 10:18:00-04:00,531.5,531.76,531.49,531.64,128861.0,531.633,838
2025-06-18 10:19:00-04:00,531.65,531.66,531.54,531.54,74424.0,531.608,473
2025-06-18 10:20:00-04:00,531.52,532.07,531.5,531.98,236612.0,531.88,1498
2025-06-18 10:21:00-04:00,531.98,532.06,531.69,531.71,160514.0,531.938,932
2025-06-18 10:22:00-04:00,531.73,531.92,531.67,531.85,90347.0,531.803,540
2025-06-18 10:23:00-04:00,531.84,531.86,531.61,531.79,72263.0,531.749,465
2025-06-18 10:24:00-04:00,531.8,531.96,531.8,531.83,37852.0,531.881,309
2025-06-18 10:25:00-04:00,531.85,531.98,531.83,531.84,52516.0,531.9,385
2025-06-18 10:26:00-04:00,531.84,532.12,531.78,532.09,120365.0,531.979,565
2025-06-18 10:27:00-04:00,532.08,532.14,532.01,532.03,130908.0,532.077,647
2025-06-18 10:28:00-04:00,532.05,532.16,531.98,531.99,72163.0,532.058,500
2025-06-18 10:29:00-04:00,531.98,532.18,531.97,531.98,112798.0,532.094,628
2025-06-18 10:30:00-04:00,531.99,532.11,531.87,531.92,78001.0,531.998,577
2025-06-18 10:31:00-04:00,531.93,532.2,531.86,532.17,127117.0,532.012,736
2025-06-18 10:32:00-04:00,532.15,532.2,532.04,532.13,80853.0,532.146,432
2025-06-18 10:33:00-04:00,532.14,532.2,532.06,532.12,129644.0,532.135,597
2025-06-18 10:34:00-04:00,532.14,532.45,532.12,532.36,90400.0,532.3,589
2025-06-18 10:35:00-04:00,532.34,532.5,532.25,532.41,77315.0,532.391,521
2025-06-18 10:36:00-04:00,532.41,532.46,532.24,532.26,51096.0,532.333,309
2025-06-18 10:37:00-04:00,532.26,532.31,532.08,532.16,142130.0,532.181,852
2025-06-18 10:38:00-04:00,532.14,532.45,532.08,532.4,63981.0,532.283,368
2025-06-18 10:39:00-04:00,532.41,532.51,532.34,532.36,49072.0,532.429,315
2025-06-18 10:40:00-04:00,532.35,532.4,531.92,531.92,108664.0,532.189,716
2025-06-18 10:41:00-04:00,531.95,532.11,531.8,532.02,150712.0,531.969,581
2025-06-18 10:42:00-04:00,532.03,532.44,532.0,532.43,82302.0,532.251,465
2025-06-18 10:43:00-04:00,532.43,532.55,532.4,532.4,75184.0,532.47,491
2025-06-18 10:44:00-04:00,532.4,532.43,532.05,532.26,90169.0,532.234,547
2025-06-18 10:45:00-04:00,532.29,532.47,532.25,532.34,42188.0,532.353,328
2025-06-18 10:46:00-04:00,532.33,532.33,532.18,532.24,48073.0,532.261,358
2025-06-18 10:47:00-04:00,532.25,532.3,532.19,532.28,117408.0,532.255,511
2025-06-18 10:48:00-04:00,532.27,532.28,531.93,531.94,132812.0,532.121,692
2025-06-18 10:49:00-04:00,531.95,532.04,531.82,532.02,48326.0,531.944,347
2025-06-18 10:50:00-04:00,532.03,532.18,531.99,532.08,29703.0,532.086,193
2025-06-18 10:51:00-04:00,532.08,532.15,531.94,531.95,26289.0,532.069,157
2025-06-18 10:52:00-04:00,531.95,531.95,531.73,531.79,95371.0,531.854,461
2025-06-18 10:53:00-04:00,531.79,531.88,531.64,531.67,106531.0,531.739,535
2025-06-18 10:54:00-04:00,531.66,531.79,531.64,531.74,52331.0,531.709,366
2025-06-18 10:55:00-04:00,531.73,531.85,531.71,531.76,51519.0,531.788,331
2025-06-18 10:56:00-04:00,531.76,531.9,531.71,531.88,40629.0,531.795,273
2025-06-18 10:57:00-04:00,531.9,531.98,531.79,531.96,36089.0,531.907,278
2025-06-18 10:58:00-04:00,531.98,531.98,531.86,531.93,39658.0,531.919,328
2025-06-18 10:59:00-04:00,531.93,532.14,531.92,532.11,66302.0,532.073,493
2025-06-18 11:00:00-04:00,532.1,532.23,532.07,532.15,75013.0,532.156,518
2025-06-18 11:01:00-04:00,532.16,532.24,532.06,532.13,45542.0,532.149,254
2025-06-18 11:02:00-04:00,532.13,532.13,532.02,532.02,24582.0,532.061,174
2025-06-18 11:03:00-04:00,532.03,532.13,531.91,532.05,47400.0,532.037,276
2025-06-18 11:04:00-04:00,532.04,532.16,532.01,532.16,33146.0,532.092,239
2025-06-18 11:05:00-04:00,532.16,532.18,532.01,532.03,27604.0,532.087,212
2025-06-18 11:06:00-04:00,532.04,532.06,531.71,531.76,43746.0,531.871,289
2025-06-18 11:07:00-04:00,531.77,531.9,531.65,531.83,80378.0,531.732,447
2025-06-18 11:08:00-04:00,531.83,531.87,531.72,531.73,23553.0,531.825,161
2025-06-18 11:09:00-04:00,531.75,531.87,531.63,531.65,33680.0,531.721,186
2025-06-18 11:10:00-04:00,531.67,531.81,531.66,531.71,51276.0,531.754,316
2025-06-18 11:11:00-04:00,531.7,531.7,531.52,531.64,42282.0,531.587,224
2025-06-18 11:12:00-04:00,531.67,531.77,531.64,531.7,18559.0,531.713,102
2025-06-18 11:13:00-04:00,531.71,531.74,531.65,531.72,15618.0,531.701,103
2025-06-18 11:14:00-04:00,531.7,531.76,531.58,531.62,11252.0,531.648,82
2025-06-18 11:15:00-04:00,531.62,531.77,531.52,531.53,60319.0,531.615,274
2025-06-18 11:16:00-04:00,531.56,531.65,531.54,531.59,27710.0,531.587,195
2025-06-18 11:17:00-04:00,531.59,531.68,531.5,531.63,44229.0,531.593,342
2025-06-18 11:18:00-04:00,531.61,531.66,531.51,531.66,21530.0,531.581,168
2025-06-18 11:19:00-04:00,531.66,531.66,531.48,531.5,29618.0,531.563,199
2025-06-18 11:20:00-04:00,531.49,531.61,531.42,531.45,48744.0,531.522,334
2025-06-18 11:21:00-04:00,531.42,531.48,531.37,531.47,33072.0,531.431,157
2025-06-18 11:22:00-04:00,531.44,531.54,531.34,531.51,34234.0,531.447,238
2025-06-18 11:23:00-04:00,531.52,531.58,531.42,531.51,27160.0,531.498,208
2025-06-18 11:24:00-04:00,531.51,531.55,531.42,531.44,19708.0,531.47,148
2025-06-18 11:25:00-04:00,531.46,531.56,531.3,531.34,44856.0,531.445,290
2025-06-18 11:26:00-04:00,531.34,531.48,531.31,531.46,37032.0,531.406,248
2025-06-18 11:27:00-04:00,531.46,531.66,531.4,531.59,68137.0,531.574,515
2025-06-18 11:28:00-04:00,531.58,531.6,531.26,531.36,31037.0,531.384,221
2025-06-18 11:29:00-04:00,531.36,531.41,531.22,531.41,74091.0,531.325,452
2025-06-18 11:30:00-04:00,531.42,531.48,531.28,531.45,71303.0,531.386,421
2025-06-18 11:31:00-04:00,531.44,531.73,531.41,531.73,50666.0,531.612,371
2025-06-18 11:32:00-04:00,531.72,531.75,531.43,531.52,40940.0,531.607,295
2025-06-18 11:33:00-04:00,531.51,531.54,531.4,531.51,35580.0,531.47,269
2025-06-18 11:34:00-04:00,531.53,531.6,531.51,531.56,23714.0,531.567,147
2025-06-18 11:35:00-04:00,531.56,531.56,531.37,531.51,28369.0,531.46,169
2025-06-18 11:36:00-04:00,531.51,531.54,531.42,531.48,18161.0,531.479,143
2025-06-18 11:37:00-04:00,531.46,531.6,531.43,531.6,21492.0,531.518,168
2025-06-18 11:38:00-04:00,531.59,531.6,531.4,531.5,23517.0,531.498,143
2025-06-18 11:39:00-04:00,531.5,531.73,531.49,531.7,64834.0,531.621,526
2025-06-18 11:40:00-04:00,531.69,531.79,531.23,531.49,153262.0,531.549,1073
2025-06-18 11:41:00-04:00,531.53,531.74,531.52,531.7,42864.0,531.649,297
2025-06-18 11:42:00-04:00,531.7,531.71,531.43,531.43,29687.0,531.544,200
2025-06-18 11:43:00-04:00,531.43,531.43,531.12,531.26,38271.0,531.218,258
2025-06-18 11:44:00-04:00,531.27,531.42,531.15,531.41,50205.0,531.268,294
2025-06-18 11:45:00-04:00,531.42,531.59,531.42,531.51,100096.0,531.506,542
2025-06-18 11:46:00-04:00,531.47,531.52,531.35,531.47,26402.0,531.438,165
2025-06-18 11:47:00-04:00,531.45,531.64,531.44,531.63,25881.0,531.545,219
2025-06-18 11:48:00-04:00,531.63,531.67,531.49,531.54,19772.0,531.564,143
2025-06-18 11:49:00-04:00,531.55,531.66,531.51,531.59,29399.0,531.594,200
2025-06-18 11:50:00-04:00,531.58,531.75,531.5,531.75,33617.0,531.678,223
2025-06-18 11:51:00-04:00,531.76,531.87,531.69,531.81,79452.0,531.798,445
2025-06-18 11:52:00-04:00,531.84,531.97,531.83,531.95,54872.0,531.901,351
2025-06-18 11:53:00-04:00,531.94,531.97,531.84,531.91,43363.0,531.889,250
2025-06-18 11:54:00-04:00,531.88,532.02,531.87,532.0,67825.0,531.973,293
2025-06-18 11:55:00-04:00,532.01,532.04,531.85,531.87,51556.0,531.944,297
2025-06-18 11:56:00-04:00,531.86,531.9,531.77,531.77,30733.0,531.843,176
2025-06-18 11:57:00-04:00,531.8,531.82,531.42,531.44,46523.0,531.585,253
2025-06-18 11:58:00-04:00,531.43,531.47,531.07,531.11,109831.0,531.238,546
2025-06-18 11:59:00-04:00,531.11,531.21,531.02,531.14,58306.0,531.1,338
2025-06-18 12:00:00-04:00,531.13,531.13,530.73,530.93,123504.0,530.901,676
2025-06-18 12:01:00-04:00,530.92,531.22,530.78,531.18,107246.0,531.079,708
2025-06-18 12:02:00-04:00,531.2,531.39,531.18,531.35,69264.0,531.268,361
2025-06-18 12:03:00-04:00,531.36,531.52,531.34,531.52,51963.0,531.417,346
2025-06-18 12:04:00-04:00,531.51,531.55,531.35,531.53,56692.0,531.474,276
2025-06-18 12:05:00-04:00,531.54,531.54,531.33,531.4,15232.0,531.446,127
2025-06-18 12:06:00-04:00,531.39,531.4,531.2,531.3,48415.0,531.299,235
2025-06-18 12:07:00-04:00,531.31,531.42,531.26,531.32,14690.0,531.355,124
2025-06-18 12:08:00-04:00,531.31,531.68,531.26,531.67,45299.0,531.488,320
2025-06-18 12:09:00-04:00,531.68,531.78,531.61,531.65,35668.0,531.69,229
2025-06-18 12:10:00-04:00,531.65,531.7,531.43,531.43,26828.0,531.561,219
2025-06-18 12:11:00-04:00,531.45,531.63,531.4,531.48,30808.0,531.513,216
2025-06-18 12:12:00-04:00,531.45,531.6,531.44,531.57,5522.0,531.514,48
2025-06-18 12:13:00-04:00,531.57,531.67,531.54,531.59,13047.0,531.606,106
2025-06-18 12:14:00-04:00,531.6,531.63,531.47,531.47,27343.0,531.557,129
2025-06-18 12:15:00-04:00,531.5,531.56,531.45,531.52,6237.0,531.498,50
2025-06-18 12:16:00-04:00,531.54,531.54,531.23,531.3,64974.0,531.315,382
2025-06-18 12:17:00-04:00,531.28,531.31,531.14,531.27,26863.0,531.203,174
2025-06-18 12:18:00-04:00,531.27,531.42,531.27,531.33,24285.0,531.363,152
2025-06-18 12:19:00-04:00,531.33,531.39,531.18,531.2,12071.0,531.281,74
2025-06-18 12:20:00-04:00,531.19,531.45,531.14,531.42,29654.0,531.308,154
2025-06-18 12:21:00-04:00,531.42,531.44,531.33,531.37,17671.0,531.397,112
2025-06-18 12:22:00-04:00,531.38,531.43,531.3,531.3,9913.0,531.383,83
2025-06-18 12:23:00-04:00,531.27,531.36,531.2,531.32,10996.0,531.268,84
2025-06-18 12:24:00-04:00,531.25,531.31,531.19,531.3,8312.0,531.247,73
2025-06-18 12:25:00-04:00,531.32,531.42,531.27,531.39,9240.0,531.354,70
2025-06-18 12:26:00-04:00,531.4,531.4,531.11,531.22,25720.0,531.209,216
2025-06-18 12:27:00-04:00,531.21,531.22,531.06,531.18,25581.0,531.111,198
2025-06-18 12:28:00-04:00,531.19,531.19,530.86,530.88,47863.0,531.013,239
2025-06-18 12:29:00-04:00,530.88,530.93,530.79,530.88,26236.0,530.855,206
2025-06-18 12:30:00-04:00,530.86,531.07,530.74,531.0,68618.0,530.873,421
2025-06-18 12:31:00-04:00,530.98,531.16,530.98,531.12,54847.0,531.109,398
2025-06-18 12:32:00-04:00,531.13,531.15,530.91,530.97,29710.0,531.064,246
2025-06-18 12:33:00-04:00,530.97,531.07,530.96,531.0,16453.0,531.016,120
2025-06-18 12:34:00-04:00,531.02,531.24,530.99,531.15,38763.0,531.171,325
2025-06-18 12:35:00-04:00,531.14,531.17,531.02,531.04,23672.0,531.104,173
2025-06-18 12:36:00-04:00,531.05,531.13,530.99,531.1,42841.0,531.078,154
2025-06-18 12:37:00-04:00,531.09,531.1,530.88,531.07,15792.0,531.02,111
2025-06-18 12:38:00-04:00,531.07,531.08,530.94,531.08,25283.0,530.976,189
2025-06-18 12:39:00-04:00,531.05,531.19,531.05,531.19,23434.0,531.129,182
2025-06-18 12:40:00-04:00,531.19,531.29,531.08,531.12,22234.0,531.187,185
2025-06-18 12:41:00-04:00,531.14,531.29,531.06,531.2,15778.0,531.179,122
2025-06-18 12:42:00-04:00,531.15,531.22,531.1,531.13,8051.0,531.151,67
2025-06-18 12:43:00-04:00,531.12,531.16,531.05,531.14,8400.0,531.094,79
2025-06-18 12:44:00-04:00,531.13,531.21,531.06,531.2,14715.0,531.159,117
2025-06-18 12:45:00-04:00,531.19,531.24,531.12,531.21,23697.0,531.186,209
2025-06-18 12:46:00-04:00,531.2,531.3,531.17,531.19,11176.0,531.237,96
2025-06-18 12:47:00-04:00,531.2,531.25,531.08,531.09,18252.0,531.164,125
2025-06-18 12:48:00-04:00,531.1,531.1,530.89,530.93,35416.0,530.994,210
2025-06-18 12:49:00-04:00,530.91,531.02,530.91,530.92,14810.0,530.946,117
2025-06-18 12:50:00-04:00,530.92,531.33,530.88,531.33,52320.0,531.142,438
2025-06-18 12:51:00-04:00,531.31,531.47,531.26,531.3,60888.0,531.378,433
2025-06-18 12:52:00-04:00,531.32,531.32,531.07,531.09,27421.0,531.157,198
2025-06-18 12:53:00-04:00,531.08,531.1,530.96,531.02,21071.0,531.031,153
2025-06-18 12:54:00-04:00,531.01,531.05,530.9,530.92,34628.0,530.971,161
2025-06-18 12:55:00-04:00,530.9,531.06,530.86,530.99,16361.0,530.989,138
2025-06-18 12:56:00-04:00,530.99,531.12,530.95,530.99,15182.0,531.039,122
2025-06-18 12:57:00-04:00,530.97,531.01,530.9,530.99,8052.0,530.951,45
2025-06-18 12:58:00-04:00,530.98,531.16,530.97,531.12,18444.0,531.095,155
2025-06-18 12:59:00-04:00,531.11,531.16,530.84,530.87,34055.0,530.986,238
2025-06-18 13:00:00-04:00,530.87,530.91,530.57,530.65,77828.0,530.758,555
2025-06-18 13:01:00-04:00,530.61,530.88,530.61,530.88,47350.0,530.743,270
2025-06-18 13:02:00-04:00,530.87,530.87,530.64,530.81,39318.0,530.751,249
2025-06-18 13:03:00-04:00,530.79,530.91,530.77,530.83,48666.0,530.835,283
2025-06-18 13:04:00-04:00,530.83,531.01,530.83,530.91,32694.0,530.961,259
2025-06-18 13:05:00-04:00,530.9,530.92,530.78,530.92,28512.0,530.874,168
2025-06-18 13:06:00-04:00,530.92,530.93,530.75,530.89,43465.0,530.85,259
2025-06-18 13:07:00-04:00,530.88,530.93,530.73,530.8,30081.0,530.832,223
2025-06-18 13:08:00-04:00,530.82,530.84,530.72,530.82,11804.0,530.798,97
2025-06-18 13:09:00-04:00,530.84,530.96,530.79,530.92,13916.0,530.873,129
2025-06-18 13:10:00-04:00,530.95,531.09,530.95,531.06,106695.0,531.014,670
2025-06-18 13:11:00-04:00,531.06,531.12,530.97,531.02,45586.0,531.026,183
2025-06-18 13:12:00-04:00,531.01,531.05,530.86,530.98,18579.0,530.935,139
2025-06-18 13:13:00-04:00,530.99,530.99,530.7,530.76,12819.0,530.827,112
2025-06-18 13:14:00-04:00,530.75,530.91,530.75,530.86,20084.0,530.857,166
2025-06-18 13:15:00-04:00,530.89,531.02,530.85,530.94,44451.0,530.96,326
2025-06-18 13:16:00-04:00,530.93,530.94,530.78,530.9,20539.0,530.849,155
2025-06-18 13:17:00-04:00,530.91,530.94,530.72,530.75,18877.0,530.856,149
2025-06-18 13:18:00-04:00,530.76,530.8,530.73,530.77,22102.0,530.768,154
2025-06-18 13:19:00-04:00,530.77,530.83,530.68,530.7,19929.0,530.752,141
2025-06-18 13:20:00-04:00,530.68,530.68,530.58,530.63,21890.0,530.622,143
2025-06-18 13:21:00-04:00,530.6,530.62,530.22,530.25,48584.0,530.413,262
2025-06-18 13:22:00-04:00,530.25,530.28,530.15,530.18,40357.0,530.198,303
2025-06-18 13:23:00-04:00,530.16,530.18,530.04,530.06,37123.0,530.098,252
2025-06-18 13:24:00-04:00,530.05,530.15,529.96,530.12,49786.0,530.023,304
2025-06-18 13:25:00-04:00,530.12,530.2,530.05,530.09,36349.0,530.105,243
2025-06-18 13:26:00-04:00,530.07,530.14,530.01,530.08,18059.0,530.074,112
2025-06-18 13:27:00-04:00,530.09,530.1,529.88,529.92,26174.0,529.99,149
2025-06-18 13:28:00-04:00,529.89,529.89,529.66,529.77,50484.0,529.737,305
2025-06-18 13:29:00-04:00,529.72,529.74,529.62,529.63,25542.0,529.677,170
2025-06-18 13:30:00-04:00,529.64,529.83,529.53,529.64,52819.0,529.701,366
2025-06-18 13:31:00-04:00,529.57,529.57,529.04,529.23,131370.0,529.294,854
2025-06-18 13:32:00-04:00,529.19,529.24,529.02,529.13,76473.0,529.109,397
2025-06-18 13:33:00-04:00,529.09,529.13,528.8,528.97,101298.0,528.969,521
2025-06-18 13:34:00-04:00,528.94,529.22,528.85,529.16,123278.0,529.064,732
2025-06-18 13:35:00-04:00,529.14,529.19,528.78,528.97,75520.0,528.947,524
2025-06-18 13:36:00-04:00,528.96,529.3,528.87,529.27,82240.0,529.093,535
2025-06-18 13:37:00-04:00,529.29,529.51,529.22,529.48,92231.0,529.36,540
2025-06-18 13:38:00-04:00,529.49,529.64,529.45,529.63,54937.0,529.551,375
2025-06-18 13:39:00-04:00,529.65,529.73,529.54,529.71,96448.0,529.657,555
2025-06-18 13:40:00-04:00,529.71,529.78,529.6,529.73,62783.0,529.699,344
2025-06-18 13:41:00-04:00,529.75,529.95,529.73,529.9,96555.0,529.847,487
2025-06-18 13:42:00-04:00,529.91,530.17,529.9,530.14,69780.0,530.013,347
2025-06-18 13:43:00-04:00,530.15,530.28,530.14,530.27,58244.0,530.214,416
2025-06-18 13:44:00-04:00,530.27,530.31,530.21,530.26,58657.0,530.265,403
2025-06-18 13:45:00-04:00,530.26,530.41,530.25,530.33,63729.0,530.348,396
2025-06-18 13:46:00-04:00,530.33,530.6,530.32,530.56,104811.0,530.49,542
2025-06-18 13:47:00-04:00,530.58,530.68,530.55,530.63,90824.0,530.638,372
2025-06-18 13:48:00-04:00,530.64,530.77,530.64,530.75,52729.0,530.728,241
2025-06-18 13:49:00-04:00,530.73,530.77,530.5,530.52,101585.0,530.617,411
2025-06-18 13:50:00-04:00,530.53,530.63,530.36,530.42,63545.0,530.49,390
2025-06-18 13:51:00-04:00,530.42,530.8,530.42,530.79,98047.0,530.661,570
2025-06-18 13:52:00-04:00,530.79,530.92,530.78,530.91,44508.0,530.854,339
2025-06-18 13:53:00-04:00,530.92,530.99,530.85,530.89,48741.0,530.943,345
2025-06-18 13:54:00-04:00,530.89,530.99,530.88,530.92,25990.0,530.933,176
2025-06-18 13:55:00-04:00,530.89,530.92,530.81,530.9,75112.0,530.865,278
2025-06-18 13:56:00-04:00,530.92,531.14,530.92,531.07,55198.0,531.06,338
2025-06-18 13:57:00-04:00,531.08,531.08,530.97,531.0,38267.0,531.021,241
2025-06-18 13:58:00-04:00,530.98,530.98,530.67,530.76,54504.0,530.8,280
2025-06-18 13:59:00-04:00,530.72,530.98,530.72,530.75,37370.0,530.849,237
2025-06-18 14:00:00-04:00,530.83,532.08,530.81,531.53,214136.0,531.643,1059
2025-06-18 14:01:00-04:00,531.63,531.87,531.17,531.2,116835.0,531.417,524
2025-06-18 14:02:00-04:00,531.15,531.17,530.19,530.19,175936.0,530.763,1055
2025-06-18 14:03:00-04:00,530.18,530.66,530.13,530.43,112283.0,530.406,684
2025-06-18 14:04:00-04:00,530.43,530.68,529.63,529.64,176629.0,530.17,1043
2025-06-18 14:05:00-04:00,529.66,530.08,529.44,529.86,193716.0,529.799,1279
2025-06-18 14:06:00-04:00,529.87,530.26,529.65,530.2,103251.0,530.048,644
2025-06-18 14:07:00-04:00,530.22,530.43,529.93,530.43,96204.0,530.254,578
2025-06-18 14:08:00-04:00,530.41,530.71,530.21,530.26,56910.0,530.466,390
2025-06-18 14:09:00-04:00,530.2,530.24,529.93,530.14,60248.0,530.078,329
2025-06-18 14:10:00-04:00,530.11,530.21,529.81,530.16,39316.0,530.004,326
2025-06-18 14:11:00-04:00,530.16,530.48,530.1,530.45,86251.0,530.313,602
2025-06-18 14:12:00-04:00,530.46,530.59,530.18,530.21,88677.0,530.443,587
2025-06-18 14:13:00-04:00,530.22,530.37,530.0,530.31,44420.0,530.19,291
2025-06-18 14:14:00-04:00,530.28,530.59,530.2,530.48,61849.0,530.482,449
2025-06-18 14:15:00-04:00,530.51,530.56,530.23,530.49,59282.0,530.413,411
2025-06-18 14:16:00-04:00,530.49,530.65,530.33,530.35,29435.0,530.521,242
2025-06-18 14:17:00-04:00,530.35,530.8,530.33,530.75,93182.0,530.563,648
2025-06-18 14:18:00-04:00,530.72,530.72,530.43,530.47,42085.0,530.568,326
2025-06-18 14:19:00-04:00,530.46,530.49,530.17,530.2,65207.0,530.319,430
2025-06-18 14:20:00-04:00,530.18,530.28,529.97,530.2,75659.0,530.12,464
2025-06-18 14:21:00-04:00,530.18,530.34,530.06,530.09,29796.0,530.233,241
2025-06-18 14:22:00-04:00,530.08,530.24,529.94,530.12,38596.0,530.109,261
2025-06-18 14:23:00-04:00,530.1,530.17,529.87,529.91,99192.0,529.994,632
2025-06-18 14:24:00-04:00,529.91,530.07,529.61,530.03,81620.0,529.835,635
2025-06-18 14:25:00-04:00,530.03,530.54,529.95,530.53,116331.0,530.29,846
2025-06-18 14:26:00-04:00,530.54,530.66,530.39,530.43,126754.0,530.528,674
2025-06-18 14:27:00-04:00,530.46,530.6,530.3,530.59,61731.0,530.456,375
2025-06-18 14:28:00-04:00,530.59,530.62,530.16,530.24,64795.0,530.387,449
2025-06-18 14:29:00-04:00,530.23,530.62,530.23,530.45,41681.0,530.478,359
2025-06-18 14:30:00-04:00,530.46,530.46,530.08,530.16,56294.0,530.308,478
2025-06-18 14:31:00-04:00,530.17,530.59,530.12,530.54,45810.0,530.368,390
2025-06-18 14:32:00-04:00,530.54,531.13,530.54,531.08,175943.0,530.877,1036
2025-06-18 14:33:00-04:00,531.09,531.34,531.0,531.33,207955.0,531.191,1135
2025-06-18 14:34:00-04:00,531.32,531.47,531.3,531.35,92369.0,531.38,659
2025-06-18 14:35:00-04:00,531.35,531.36,530.02,530.23,286478.0,530.497,2026
2025-06-18 14:36:00-04:00,530.23,530.77,530.06,530.59,105673.0,530.517,814
2025-06-18 14:37:00-04:00,530.57,530.63,530.32,530.39,58262.0,530.45,439
2025-06-18 14:38:00-04:00,530.4,531.11,530.31,531.04,115619.0,530.766,823
2025-06-18 14:39:00-04:00,531.04,531.08,530.7,530.76,91316.0,530.901,692
2025-06-18 14:40:00-04:00,530.76,531.17,530.52,531.13,109394.0,530.84,834
2025-06-18 14:41:00-04:00,531.17,531.51,531.02,531.48,128482.0,531.188,812
2025-06-18 14:42:00-04:00,531.46,531.75,531.4,531.61,128535.0,531.616,891
2025-06-18 14:43:00-04:00,531.61,531.74,531.4,531.49,80788.0,531.578,532
2025-06-18 14:44:00-04:00,531.5,531.57,531.31,531.36,58329.0,531.441,414
2025-06-18 14:45:00-04:00,531.37,531.37,530.77,530.81,93879.0,531.014,754
2025-06-18 14:46:00-04:00,530.83,530.96,530.46,530.92,102563.0,530.657,687
2025-06-18 14:47:00-04:00,530.9,531.11,530.76,530.84,93323.0,530.992,596
2025-06-18 14:48:00-04:00,530.87,530.9,530.43,530.63,79224.0,530.595,492
2025-06-18 14:49:00-04:00,530.6,530.74,530.51,530.63,30850.0,530.629,241
2025-06-18 14:50:00-04:00,530.65,530.66,530.17,530.36,96154.0,530.344,728
2025-06-18 14:51:00-04:00,530.35,530.39,529.91,530.35,80313.0,530.123,588
2025-06-18 14:52:00-04:00,530.36,530.36,530.02,530.07,55089.0,530.125,379
2025-06-18 14:53:00-04:00,530.06,530.06,529.39,529.54,223284.0,529.708,1460
2025-06-18 14:54:00-04:00,529.49,529.72,529.19,529.7,207765.0,529.482,1298
2025-06-18 14:55:00-04:00,529.69,529.72,529.02,529.12,110599.0,529.284,731
2025-06-18 14:56:00-04:00,529.11,529.26,528.5,528.63,159199.0,528.822,1132
2025-06-18 14:57:00-04:00,528.66,528.73,528.0,528.25,222534.0,528.22,1682
2025-06-18 14:58:00-04:00,528.23,528.63,527.59,528.15,282534.0,528.063,2140
2025-06-18 14:59:00-04:00,528.12,528.43,527.79,528.21,219323.0,528.02,1380
2025-06-18 15:00:00-04:00,528.23,528.23,527.53,527.74,252811.0,527.841,2007
2025-06-18 15:01:00-04:00,527.72,528.34,527.4,528.11,175278.0,527.882,1352
2025-06-18 15:02:00-04:00,528.15,528.66,527.94,528.38,172743.0,528.322,1268
2025-06-18 15:03:00-04:00,528.4,528.73,528.36,528.45,113336.0,528.505,968
2025-06-18 15:04:00-04:00,528.51,529.25,528.43,529.14,161492.0,528.808,1229
2025-06-18 15:05:00-04:00,529.14,529.51,529.02,529.09,182909.0,529.307,1280
2025-06-18 15:06:00-04:00,529.13,529.43,528.95,529.09,73109.0,529.237,583
2025-06-18 15:07:00-04:00,529.1,529.22,528.64,528.85,90894.0,528.859,734
2025-06-18 15:08:00-04:00,528.8,528.89,528.55,528.59,59976.0,528.728,431
2025-06-18 15:09:00-04:00,528.57,528.7,528.4,528.61,82346.0,528.54,711
2025-06-18 15:10:00-04:00,528.61,528.74,528.43,528.74,59516.0,528.572,486
2025-06-18 15:11:00-04:00,528.72,529.07,528.71,528.94,94337.0,528.912,743
2025-06-18 15:12:00-04:00,528.9,528.98,528.43,528.45,96512.0,528.714,740
2025-06-18 15:13:00-04:00,528.42,529.81,528.08,529.68,441901.0,529.079,3392
2025-06-18 15:14:00-04:00,529.68,530.29,529.62,529.95,218809.0,529.972,1643
2025-06-18 15:15:00-04:00,529.97,529.97,529.44,529.72,129125.0,529.689,1006
2025-06-18 15:16:00-04:00,529.7,529.81,529.24,529.63,77415.0,529.503,660
2025-06-18 15:17:00-04:00,529.62,529.81,529.19,529.19,59728.0,529.569,493
2025-06-18 15:18:00-04:00,529.21,529.56,529.2,529.5,45269.0,529.378,380
2025-06-18 15:19:00-04:00,529.51,529.8,529.29,529.75,88347.0,529.553,739
2025-06-18 15:20:00-04:00,529.72,529.88,529.56,529.85,40321.0,529.708,350
2025-06-18 15:21:00-04:00,529.82,530.17,529.79,530.15,72964.0,529.984,550
2025-06-18 15:22:00-04:00,530.12,530.48,530.02,530.3,135025.0,530.273,844
2025-06-18 15:23:00-04:00,530.3,530.47,530.28,530.39,43483.0,530.362,346
2025-06-18 15:24:00-04:00,530.37,530.48,530.08,530.08,48493.0,530.366,356
2025-06-18 15:25:00-04:00,530.06,530.1,529.68,530.03,90839.0,529.939,693
2025-06-18 15:26:00-04:00,530.04,530.05,529.56,529.63,59385.0,529.781,476
2025-06-18 15:27:00-04:00,529.61,529.68,529.04,529.04,146143.0,529.282,992
2025-06-18 15:28:00-04:00,529.04,529.04,528.39,528.51,156019.0,528.639,1063
2025-06-18 15:29:00-04:00,528.44,528.55,528.26,528.35,67903.0,528.408,476
2025-06-18 15:30:00-04:00,528.29,528.85,528.03,528.72,159224.0,528.412,1203
2025-06-18 15:31:00-04:00,528.75,529.12,528.69,529.11,63400.0,528.928,527
2025-06-18 15:32:00-04:00,529.08,529.34,528.94,529.15,89625.0,529.167,587
2025-06-18 15:33:00-04:00,529.16,529.38,529.1,529.32,47856.0,529.244,417
2025-06-18 15:34:00-04:00,529.28,529.39,529.16,529.26,42242.0,529.259,310
2025-06-18 15:35:00-04:00,529.26,529.57,529.08,529.56,68799.0,529.328,477
2025-06-18 15:36:00-04:00,529.57,529.83,529.57,529.69,88199.0,529.724,601
2025-06-18 15:37:00-04:00,529.66,529.91,529.66,529.82,80138.0,529.814,530
2025-06-18 15:38:00-04:00,529.84,529.93,529.52,529.72,52356.0,529.683,384
2025-06-18 15:39:00-04:00,529.71,529.85,529.6,529.76,51872.0,529.731,383
2025-06-18 15:40:00-04:00,529.74,529.95,529.74,529.83,40234.0,529.849,273
2025-06-18 15:41:00-04:00,529.8,530.03,529.8,529.97,37070.0,529.911,308
2025-06-18 15:42:00-04:00,529.98,529.98,529.44,529.75,74031.0,529.647,512
2025-06-18 15:43:00-04:00,529.74,530.18,529.67,530.14,74891.0,529.965,435
2025-06-18 15:44:00-04:00,530.14,530.28,530.07,530.25,104195.0,530.15,577
2025-06-18 15:45:00-04:00,530.26,530.29,529.8,529.96,92293.0,530.03,696
2025-06-18 15:46:00-04:00,529.92,529.92,529.58,529.73,120301.0,529.727,953
2025-06-18 15:47:00-04:00,529.73,529.94,529.7,529.81,87685.0,529.808,621
2025-06-18 15:48:00-04:00,529.8,529.9,529.63,529.9,63815.0,529.759,458
2025-06-18 15:49:00-04:00,529.87,529.9,529.62,529.72,77508.0,529.702,518
2025-06-18 15:50:00-04:00,529.74,530.16,529.34,529.46,191000.0,529.811,1496
2025-06-18 15:51:00-04:00,529.45,529.45,529.07,529.23,104754.0,529.225,702
2025-06-18 15:52:00-04:00,529.21,529.49,528.99,529.24,95323.0,529.228,727
2025-06-18 15:53:00-04:00,529.23,529.52,529.18,529.38,132411.0,529.318,904
2025-06-18 15:54:00-04:00,529.35,529.4,528.95,529.02,154679.0,529.149,1180
2025-06-18 15:55:00-04:00,529.02,529.41,528.94,529.05,207792.0,529.146,1593
2025-06-18 15:56:00-04:00,529.0,529.27,528.9,529.19,98765.0,529.029,760
2025-06-18 15:57:00-04:00,529.2,529.21,528.86,528.93,115690.0,528.997,886
2025-06-18 15:58:00-04:00,528.93,529.07,528.78,528.86,213319.0,528.882,1352
2025-06-18 15:59:00-04:00,528.86,529.05,528.66,528.96,673004.0,528.86,4058
2025-06-20 09:30:00-04:00,532.26,532.77,531.4,532.52,802480.0,531.996,3680
2025-06-20 09:31:00-04:00,532.54,532.8,531.9,532.09,223532.0,532.452,1555
2025-06-20 09:32:00-04:00,532.06,532.83,532.06,532.47,184603.0,532.431,1306
2025-06-20 09:33:00-04:00,532.47,532.5,532.07,532.22,117123.0,532.242,800
2025-06-20 09:34:00-04:00,532.22,532.64,532.09,532.6,81477.0,532.378,476
2025-06-20 09:35:00-04:00,532.64,533.04,532.44,532.83,205727.0,532.739,1287
2025-06-20 09:36:00-04:00,532.84,533.2,532.78,532.93,96536.0,533.002,626
2025-06-20 09:37:00-04:00,532.95,533.1,532.76,532.82,100745.0,532.966,740
2025-06-20 09:38:00-04:00,532.83,533.11,532.8,533.0,93448.0,532.969,702
2025-06-20 09:39:00-04:00,532.99,533.37,532.98,533.33,108640.0,533.217,842
2025-06-20 09:40:00-04:00,533.34,533.52,533.23,533.31,134087.0,533.385,896
2025-06-20 09:41:00-04:00,533.32,533.56,533.26,533.32,96445.0,533.42,727
2025-06-20 09:42:00-04:00,533.32,533.38,533.06,533.1,143116.0,533.208,970
2025-06-20 09:43:00-04:00,533.09,533.2,532.81,533.15,94272.0,532.991,644
2025-06-20 09:44:00-04:00,533.16,533.42,533.11,533.2,138761.0,533.238,795
2025-06-20 09:45:00-04:00,533.24,533.38,532.67,532.75,163904.0,533.024,1123
2025-06-20 09:46:00-04:00,532.72,532.87,532.56,532.57,140071.0,532.689,958
2025-06-20 09:47:00-04:00,532.6,532.76,532.51,532.66,93053.0,532.64,781
2025-06-20 09:48:00-04:00,532.68,532.75,532.13,532.19,181073.0,532.352,1042
2025-06-20 09:49:00-04:00,532.2,532.36,531.96,531.97,224350.0,532.07,1255
2025-06-20 09:50:00-04:00,531.99,532.05,531.45,531.68,227561.0,531.767,1470
2025-06-20 09:51:00-04:00,531.68,531.77,531.39,531.43,129005.0,531.596,786
2025-06-20 09:52:00-04:00,531.43,531.86,531.37,531.79,134096.0,531.671,929
2025-06-20 09:53:00-04:00,531.77,531.77,531.24,531.43,85948.0,531.425,609
2025-06-20 09:54:00-04:00,531.4,531.65,531.29,531.54,64587.0,531.487,366
2025-06-20 09:55:00-04:00,531.56,531.59,531.27,531.32,56286.0,531.444,419
2025-06-20 09:56:00-04:00,531.32,531.49,531.17,531.34,59038.0,531.341,359
2025-06-20 09:57:00-04:00,531.36,531.37,531.04,531.22,66676.0,531.166,395
2025-06-20 09:58:00-04:00,531.2,531.21,530.94,531.04,91602.0,531.014,445
2025-06-20 09:59:00-04:00,531.03,531.05,530.7,530.86,107395.0,530.85,530
2025-06-20 10:00:00-04:00,530.86,531.08,530.57,530.83,171921.0,530.817,964
2025-06-20 10:01:00-04:00,530.79,530.98,530.51,530.75,127071.0,530.811,648
2025-06-20 10:02:00-04:00,530.7,531.0,530.64,530.76,80945.0,530.82,519
2025-06-20 10:03:00-04:00,530.77,530.82,530.55,530.74,106931.0,530.703,499
2025-06-20 10:04:00-04:00,530.72,531.02,530.7,530.91,77343.0,530.839,515
2025-06-20 10:05:00-04:00,530.93,531.17,530.74,530.75,108220.0,530.973,636
2025-06-20 10:06:00-04:00,530.73,530.73,530.33,530.46,148502.0,530.517,922
2025-06-20 10:07:00-04:00,530.42,530.48,530.17,530.25,158018.0,530.313,996
2025-06-20 10:08:00-04:00,530.24,530.31,529.9,530.05,145521.0,530.057,862
2025-06-20 10:09:00-04:00,530.02,530.45,529.96,530.3,76747.0,530.308,509
2025-06-20 10:10:00-04:00,530.32,530.38,530.11,530.26,53840.0,530.278,385
2025-06-20 10:11:00-04:00,530.25,530.31,529.78,529.98,85333.0,529.991,588
2025-06-20 10:12:00-04:00,529.98,530.22,529.82,530.19,51381.0,530.03,345
2025-06-20 10:13:00-04:00,530.2,530.51,530.2,530.43,67733.0,530.3,405
2025-06-20 10:14:00-04:00,530.44,530.47,530.27,530.35,47689.0,530.354,328
2025-06-20 10:15:00-04:00,530.31,530.42,530.11,530.3,82859.0,530.218,550
2025-06-20 10:16:00-04:00,530.29,530.3,529.84,530.0,66382.0,530.038,436
2025-06-20 10:17:00-04:00,529.98,530.06,529.7,530.0,47809.0,529.86,278
2025-06-20 10:18:00-04:00,529.99,530.5,529.95,530.46,95050.0,530.312,558
2025-06-20 10:19:00-04:00,530.45,530.53,530.28,530.34,44658.0,530.419,268
2025-06-20 10:20:00-04:00,530.33,530.46,530.11,530.37,50970.0,530.313,376
2025-06-20 10:21:00-04:00,530.39,530.43,530.18,530.19,34262.0,530.313,263
2025-06-20 10:22:00-04:00,530.22,530.22,529.72,529.98,61417.0,529.924,360
2025-06-20 10:23:00-04:00,529.97,530.06,529.3,529.34,78229.0,529.613,552
2025-06-20 10:24:00-04:00,529.36,529.39,528.38,528.41,189015.0,528.813,1408
2025-06-20 10:25:00-04:00,528.41,528.42,527.78,528.31,228089.0,528.098,1668
2025-06-20 10:26:00-04:00,528.29,528.3,527.84,528.12,117955.0,528.048,898
2025-06-20 10:27:00-04:00,528.12,528.6,527.99,528.56,114892.0,528.353,783
2025-06-20 10:28:00-04:00,528.58,529.07,528.54,529.07,121852.0,528.766,802
2025-06-20 10:29:00-04:00,529.08,529.08,528.71,528.92,60476.0,528.864,459
2025-06-20 10:30:00-04:00,528.93,528.95,528.51,528.6,78222.0,528.729,575
2025-06-20 10:31:00-04:00,528.58,528.86,528.46,528.84,32868.0,528.632,253
2025-06-20 10:32:00-04:00,528.86,529.15,528.81,529.0,48696.0,528.977,350
2025-06-20 10:33:00-04:00,529.0,529.12,528.87,529.06,38719.0,529.025,253
2025-06-20 10:34:00-04:00,529.06,529.08,528.69,528.73,88364.0,528.842,535
2025-06-20 10:35:00-04:00,528.72,528.99,528.65,528.93,50132.0,528.829,366
2025-06-20 10:36:00-04:00,528.95,529.19,528.78,529.04,47122.0,529.005,361
2025-06-20 10:37:00-04:00,529.03,529.43,529.01,529.35,123093.0,529.258,783
2025-06-20 10:38:00-04:00,529.38,529.52,529.33,529.48,53189.0,529.419,355
2025-06-20 10:39:00-04:00,529.47,529.49,529.22,529.25,40875.0,529.343,299
2025-06-20 10:40:00-04:00,529.24,529.6,528.23,528.32,266959.0,528.911,1992
2025-06-20 10:41:00-04:00,528.29,528.66,527.73,527.83,209449.0,528.107,1615
2025-06-20 10:42:00-04:00,527.79,527.83,527.26,527.62,171312.0,527.524,1009
2025-06-20 10:43:00-04:00,527.59,527.95,527.38,527.82,126908.0,527.675,791
2025-06-20 10:44:00-04:00,527.75,527.81,527.34,527.58,73761.0,527.541,545
2025-06-20 10:45:00-04:00,527.58,527.58,526.85,526.93,121945.0,527.194,882
2025-06-20 10:46:00-04:00,526.92,527.24,526.67,527.2,122557.0,526.927,874
2025-06-20 10:47:00-04:00,527.17,527.39,526.92,526.93,76423.0,527.156,572
2025-06-20 10:48:00-04:00,526.89,527.19,526.66,527.16,112488.0,526.876,776
2025-06-20 10:49:00-04:00,527.16,527.27,526.86,526.92,83113.0,527.066,627
2025-06-20 10:50:00-04:00,526.91,526.91,526.18,526.18,222427.0,526.453,1600
2025-06-20 10:51:00-04:00,526.16,526.21,525.78,526.13,176809.0,525.991,1246
2025-06-20 10:52:00-04:00,526.11,526.5,526.07,526.34,126394.0,526.259,748
2025-06-20 10:53:00-04:00,526.32,526.73,526.19,526.23,101503.0,526.389,733
2025-06-20 10:54:00-04:00,526.22,526.24,525.64,525.81,151260.0,525.891,1097
2025-06-20 10:55:00-04:00,525.8,526.23,525.69,526.08,126914.0,525.897,835
2025-06-20 10:56:00-04:00,526.09,526.36,526.0,526.33,111729.0,526.21,776
2025-06-20 10:57:00-04:00,526.31,526.53,526.14,526.53,112046.0,526.358,703
2025-06-20 10:58:00-04:00,526.49,526.72,526.32,526.45,152041.0,526.591,920
2025-06-20 10:59:00-04:00,526.44,526.46,526.06,526.13,80346.0,526.206,552
2025-06-20 11:00:00-04:00,526.11,526.11,525.17,525.23,322600.0,525.556,2090
2025-06-20 11:01:00-04:00,525.24,525.52,525.1,525.38,119981.0,525.308,689
2025-06-20 11:02:00-04:00,525.37,525.61,525.11,525.36,130862.0,525.343,779
2025-06-20 11:03:00-04:00,525.32,525.65,525.23,525.34,155960.0,525.398,961
2025-06-20 11:04:00-04:00,525.35,525.52,525.13,525.27,160917.0,525.314,955
2025-06-20 11:05:00-04:00,525.28,526.12,525.17,526.08,114157.0,525.751,758
2025-06-20 11:06:00-04:00,526.09,526.17,525.73,525.86,111142.0,525.941,737
2025-06-20 11:07:00-04:00,525.82,525.97,525.53,525.97,58515.0,525.719,479
2025-06-20 11:08:00-04:00,525.92,525.99,525.75,525.88,51748.0,525.883,330
2025-06-20 11:09:00-04:00,525.87,526.02,525.82,526.01,41576.0,525.919,319
2025-06-20 11:10:00-04:00,526.01,526.45,525.93,526.36,95846.0,526.267,606
2025-06-20 11:11:00-04:00,526.35,526.58,526.2,526.5,66095.0,526.437,359
2025-06-20 11:12:00-04:00,526.5,526.56,526.34,526.47,64257.0,526.447,434
2025-06-20 11:13:00-04:00,526.47,526.64,526.44,526.64,87551.0,526.544,539
2025-06-20 11:14:00-04:00,526.65,527.0,526.49,526.97,80310.0,526.773,461
2025-06-20 11:15:00-04:00,526.95,527.04,526.81,526.87,191469.0,526.947,803
2025-06-20 11:16:00-04:00,526.88,527.07,526.84,526.9,58135.0,526.928,422
2025-06-20 11:17:00-04:00,526.89,527.16,526.89,527.13,44853.0,527.066,355
2025-06-20 11:18:00-04:00,527.15,527.32,527.1,527.28,73797.0,527.215,504
2025-06-20 11:19:00-04:00,527.29,527.57,527.28,527.38,118805.0,527.423,660
2025-06-20 11:20:00-04:00,527.4,527.44,526.94,527.15,163007.0,527.111,1127
2025-06-20 11:21:00-04:00,527.09,527.19,526.91,527.16,77683.0,527.04,532
2025-06-20 11:22:00-04:00,527.16,527.25,526.78,526.8,79737.0,526.988,541
2025-06-20 11:23:00-04:00,526.82,527.12,526.81,527.07,46780.0,526.947,392
2025-06-20 11:24:00-04:00,527.07,527.2,526.88,527.1,108939.0,526.998,744
2025-06-20 11:25:00-04:00,527.1,527.32,527.0,527.22,48914.0,527.195,306
2025-06-20 11:26:00-04:00,527.23,527.46,527.15,527.42,86829.0,527.288,527
2025-06-20 11:27:00-04:00,527.39,527.45,527.3,527.33,45481.0,527.374,353
2025-06-20 11:28:00-04:00,527.32,527.4,527.13,527.35,114997.0,527.296,635
2025-06-20 11:29:00-04:00,527.34,527.35,527.01,527.11,84447.0,527.167,543
2025-06-20 11:30:00-04:00,527.08,527.47,527.0,527.25,63717.0,527.251,495
2025-06-20 11:31:00-04:00,527.25,527.62,527.25,527.57,77525.0,527.512,587
2025-06-20 11:32:00-04:00,527.6,527.69,527.45,527.62,50415.0,527.568,395
2025-06-20 11:33:00-04:00,527.62,527.95,527.61,527.89,51443.0,527.789,322
2025-06-20 11:34:00-04:00,527.89,528.03,527.86,527.95,75758.0,527.923,475
2025-06-20 11:35:00-04:00,527.94,528.04,527.85,527.95,55427.0,527.941,412
2025-06-20 11:36:00-04:00,527.95,528.36,527.93,528.1,101553.0,528.167,700
2025-06-20 11:37:00-04:00,528.11,528.35,528.11,528.18,69733.0,528.287,448
2025-06-20 11:38:00-04:00,528.2,528.31,528.13,528.22,42820.0,528.232,303
2025-06-20 11:39:00-04:00,528.23,528.52,528.2,528.43,91758.0,528.431,621
2025-06-20 11:40:00-04:00,528.43,528.58,528.42,528.5,46783.0,528.498,325
2025-06-20 11:41:00-04:00,528.51,528.57,528.33,528.37,70574.0,528.49,460
2025-06-20 11:42:00-04:00,528.38,528.41,528.14,528.26,202811.0,528.234,1014
2025-06-20 11:43:00-04:00,528.28,528.6,528.27,528.48,78034.0,528.474,469
2025-06-20 11:44:00-04:00,528.49,528.58,528.4,528.54,60946.0,528.52,479
2025-06-20 11:45:00-04:00,528.52,528.57,528.16,528.19,73030.0,528.38,532
2025-06-20 11:46:00-04:00,528.2,528.38,528.09,528.15,67626.0,528.199,461
2025-06-20 11:47:00-04:00,528.17,528.4,527.97,528.33,110685.0,528.145,575
2025-06-20 11:48:00-04:00,528.32,528.34,528.12,528.28,34445.0,528.248,213
2025-06-20 11:49:00-04:00,528.28,528.43,528.27,528.32,41460.0,528.345,219
2025-06-20 11:50:00-04:00,528.32,528.37,527.94,528.01,71580.0,528.116,455
2025-06-20 11:51:00-04:00,528.03,528.06,527.76,527.77,103534.0,527.913,702
2025-06-20 11:52:00-04:00,527.77,527.93,527.76,527.81,63356.0,527.832,470
2025-06-20 11:53:00-04:00,527.83,527.85,527.28,527.35,140568.0,527.48,879
2025-06-20 11:54:00-04:00,527.34,527.36,527.02,527.05,84716.0,527.211,649
2025-06-20 11:55:00-04:00,527.07,527.21,526.95,527.13,79281.0,527.049,486
2025-06-20 11:56:00-04:00,527.12,527.12,526.86,526.97,58425.0,526.969,479
2025-06-20 11:57:00-04:00,526.95,527.02,526.79,526.83,79342.0,526.895,557
2025-06-20 11:58:00-04:00,526.82,526.9,526.71,526.77,46765.0,526.802,353
2025-06-20 11:59:00-04:00,526.81,526.94,526.67,526.84,45201.0,526.795,330
2025-06-20 12:00:00-04:00,526.85,527.08,526.71,526.85,120933.0,526.86,744
2025-06-20 12:01:00-04:00,526.85,527.06,526.71,526.75,47917.0,526.887,323
2025-06-20 12:02:00-04:00,526.74,527.0,526.71,526.9,71773.0,526.882,368
2025-06-20 12:03:00-04:00,526.88,527.05,526.74,527.03,47178.0,526.928,306
2025-06-20 12:04:00-04:00,527.0,527.06,526.74,526.96,67977.0,526.934,379
2025-06-20 12:05:00-04:00,526.94,527.25,526.87,527.15,50989.0,527.086,382
2025-06-20 12:06:00-04:00,527.11,527.22,526.86,526.9,66372.0,527.047,396
2025-06-20 12:07:00-04:00,526.87,527.15,526.86,527.04,47809.0,527.007,299
2025-06-20 12:08:00-04:00,527.02,527.18,527.02,527.12,45331.0,527.132,336
2025-06-20 12:09:00-04:00,527.12,527.41,527.06,527.37,60282.0,527.241,447
2025-06-20 12:10:00-04:00,527.35,527.63,527.26,527.55,91891.0,527.434,692
2025-06-20 12:11:00-04:00,527.53,527.76,527.52,527.73,49019.0,527.684,320
2025-06-20 12:12:00-04:00,527.7,527.75,527.39,527.44,44616.0,527.619,281
2025-06-20 12:13:00-04:00,527.4,527.46,527.13,527.24,41951.0,527.262,316
2025-06-20 12:14:00-04:00,527.23,527.24,526.96,527.08,48780.0,527.049,374
2025-06-20 12:15:00-04:00,527.06,527.16,526.86,526.89,70074.0,527.013,499
2025-06-20 12:16:00-04:00,526.88,526.9,526.64,526.73,77132.0,526.792,575
2025-06-20 12:17:00-04:00,526.72,526.92,526.52,526.85,74758.0,526.731,483
2025-06-20 12:18:00-04:00,526.84,526.96,526.74,526.94,23908.0,526.85,183
2025-06-20 12:19:00-04:00,526.94,527.24,526.94,527.23,39868.0,527.119,264
2025-06-20 12:20:00-04:00,527.24,527.29,527.01,527.1,42339.0,527.158,336
2025-06-20 12:21:00-04:00,527.06,527.26,526.95,527.11,46315.0,527.129,321
2025-06-20 12:22:00-04:00,527.12,527.25,526.97,527.22,50300.0,527.109,298
2025-06-20 12:23:00-04:00,527.2,527.21,526.73,526.86,71340.0,526.871,570
2025-06-20 12:24:00-04:00,526.91,527.36,526.85,527.3,34868.0,527.093,250
2025-06-20 12:25:00-04:00,527.29,527.37,526.94,527.1,65918.0,527.148,496
2025-06-20 12:26:00-04:00,527.08,527.28,527.08,527.22,50527.0,527.196,337
2025-06-20 12:27:00-04:00,527.2,527.47,527.08,527.43,48210.0,527.272,291
2025-06-20 12:28:00-04:00,527.42,527.47,527.14,527.2,34561.0,527.325,222
2025-06-20 12:29:00-04:00,527.19,527.27,527.05,527.22,62143.0,527.174,356
2025-06-20 12:30:00-04:00,527.21,527.41,527.19,527.33,45786.0,527.322,265
2025-06-20 12:31:00-04:00,527.31,527.45,527.17,527.43,31287.0,527.303,220
2025-06-20 12:32:00-04:00,527.43,527.62,527.36,527.38,64588.0,527.517,452
2025-06-20 12:33:00-04:00,527.39,527.47,527.33,527.41,26249.0,527.401,232
2025-06-20 12:34:00-04:00,527.42,527.6,527.42,527.48,44239.0,527.511,273
2025-06-20 12:35:00-04:00,527.48,527.67,527.37,527.65,28383.0,527.553,208
2025-06-20 12:36:00-04:00,527.65,527.78,527.62,527.64,53641.0,527.702,372
2025-06-20 12:37:00-04:00,527.64,527.81,527.59,527.75,31995.0,527.678,216
2025-06-20 12:38:00-04:00,527.75,527.79,527.65,527.74,20224.0,527.727,158
2025-06-20 12:39:00-04:00,527.75,527.82,527.71,527.73,23241.0,527.775,172
2025-06-20 12:40:00-04:00,527.72,527.78,527.52,527.66,44995.0,527.678,350
2025-06-20 12:41:00-04:00,527.67,527.78,527.56,527.58,33993.0,527.672,264
2025-06-20 12:42:00-04:00,527.57,527.67,527.3,527.31,45955.0,527.499,343
2025-06-20 12:43:00-04:00,527.32,527.38,527.11,527.33,94173.0,527.232,649
2025-06-20 12:44:00-04:00,527.36,527.59,527.29,527.57,42435.0,527.46,271
2025-06-20 12:45:00-04:00,527.58,527.78,527.38,527.76,31177.0,527.565,263
2025-06-20 12:46:00-04:00,527.75,527.93,527.67,527.7,48366.0,527.837,381
2025-06-20 12:47:00-04:00,527.71,527.71,527.42,527.45,53197.0,527.57,353
2025-06-20 12:48:00-04:00,527.45,527.5,527.34,527.42,29819.0,527.423,237
2025-06-20 12:49:00-04:00,527.4,527.56,527.35,527.41,20460.0,527.459,146
2025-06-20 12:50:00-04:00,527.41,527.73,527.36,527.64,37530.0,527.531,261
2025-06-20 12:51:00-04:00,527.58,527.6,527.36,527.55,24763.0,527.513,172
2025-06-20 12:52:00-04:00,527.55,527.74,527.48,527.67,40653.0,527.653,239
2025-06-20 12:53:00-04:00,527.66,527.88,527.52,527.86,46329.0,527.699,288
2025-06-20 12:54:00-04:00,527.87,528.05,527.85,527.95,107769.0,527.936,543
2025-06-20 12:55:00-04:00,527.93,528.12,527.9,527.96,49168.0,528.019,355
2025-06-20 12:56:00-04:00,527.96,528.02,527.86,527.94,61569.0,527.932,372
2025-06-20 12:57:00-04:00,527.95,528.14,527.95,528.08,40175.0,528.083,287
2025-06-20 12:58:00-04:00,528.08,528.12,527.96,528.0,26884.0,528.061,178
2025-06-20 12:59:00-04:00,527.98,528.07,527.35,527.73,232689.0,527.681,1696
2025-06-20 13:00:00-04:00,527.73,528.12,527.57,528.1,121157.0,527.818,753
2025-06-20 13:01:00-04:00,528.09,528.21,527.97,528.0,97221.0,528.084,632
2025-06-20 13:02:00-04:00,528.0,528.04,527.79,527.9,44282.0,527.905,346
2025-06-20 13:03:00-04:00,527.9,527.94,527.59,527.6,53951.0,527.724,342
2025-06-20 13:04:00-04:00,527.6,527.64,527.29,527.3,54172.0,527.463,451
2025-06-20 13:05:00-04:00,527.29,527.29,527.01,527.04,116515.0,527.126,747
2025-06-20 13:06:00-04:00,527.03,527.08,526.88,526.97,53111.0,526.975,380
2025-06-20 13:07:00-04:00,526.93,527.09,526.91,527.06,63321.0,526.99,427
2025-06-20 13:08:00-04:00,527.04,527.31,527.02,527.21,56371.0,527.167,369
2025-06-20 13:09:00-04:00,527.22,527.38,527.17,527.27,42764.0,527.276,246
2025-06-20 13:10:00-04:00,527.26,527.45,527.09,527.41,39707.0,527.24,351
2025-06-20 13:11:00-04:00,527.38,527.48,527.29,527.37,51939.0,527.406,356
2025-06-20 13:12:00-04:00,527.36,527.77,527.36,527.74,102780.0,527.613,572
2025-06-20 13:13:00-04:00,527.74,527.88,527.69,527.81,54735.0,527.777,354
2025-06-20 13:14:00-04:00,527.82,527.89,527.74,527.77,53093.0,527.818,352
2025-06-20 13:15:00-04:00,527.77,528.42,527.77,528.05,145028.0,528.151,1118
2025-06-20 13:16:00-04:00,528.05,528.09,527.75,527.77,73812.0,527.891,612
2025-06-20 13:17:00-04:00,527.77,527.77,527.3,527.44,91349.0,527.519,639
2025-06-20 13:18:00-04:00,527.42,527.43,527.18,527.24,61455.0,527.282,347
2025-06-20 13:19:00-04:00,527.22,527.39,527.12,527.19,53367.0,527.278,350
2025-06-20 13:20:00-04:00,527.18,527.36,527.03,527.15,49346.0,527.174,370
2025-06-20 13:21:00-04:00,527.14,527.18,527.05,527.1,32554.0,527.11,265
2025-06-20 13:22:00-04:00,527.1,527.27,527.09,527.18,20546.0,527.197,169
2025-06-20 13:23:00-04:00,527.16,527.16,526.77,526.84,75575.0,526.958,449
2025-06-20 13:24:00-04:00,526.82,526.98,526.8,526.9,26980.0,526.891,208
2025-06-20 13:25:00-04:00,526.88,526.98,526.82,526.84,36986.0,526.901,303
2025-06-20 13:26:00-04:00,526.84,526.88,526.52,526.54,81968.0,526.617,520
2025-06-20 13:27:00-04:00,526.53,526.57,526.05,526.1,121154.0,526.236,869
2025-06-20 13:28:00-04:00,526.1,526.15,525.62,525.7,181128.0,525.824,1108
2025-06-20 13:29:00-04:00,525.68,525.88,525.58,525.59,81656.0,525.757,555
2025-06-20 13:30:00-04:00,525.6,525.62,525.2,525.52,174997.0,525.405,1113
2025-06-20 13:31:00-04:00,525.49,525.71,525.23,525.65,81281.0,525.472,563
2025-06-20 13:32:00-04:00,525.62,525.66,525.36,525.54,58963.0,525.512,447
2025-06-20 13:33:00-04:00,525.53,525.56,525.28,525.38,66867.0,525.388,508
2025-06-20 13:34:00-04:00,525.36,525.65,525.34,525.6,54056.0,525.507,422
2025-06-20 13:35:00-04:00,525.6,525.85,525.48,525.5,114972.0,525.647,605
2025-06-20 13:36:00-04:00,525.49,525.49,525.21,525.32,142877.0,525.318,1091
2025-06-20 13:37:00-04:00,525.33,525.33,524.89,525.23,111191.0,525.058,794
2025-06-20 13:38:00-04:00,525.24,525.29,525.05,525.14,74296.0,525.168,584
2025-06-20 13:39:00-04:00,525.14,525.18,524.95,525.05,87174.0,525.054,588
2025-06-20 13:40:00-04:00,525.05,525.49,525.04,525.45,73778.0,525.302,558
2025-06-20 13:41:00-04:00,525.42,525.7,525.34,525.69,67297.0,525.566,495
2025-06-20 13:42:00-04:00,525.69,526.15,525.67,526.07,89849.0,525.99,589
2025-06-20 13:43:00-04:00,526.09,526.21,526.0,526.06,50192.0,526.084,412
2025-06-20 13:44:00-04:00,526.05,526.1,525.66,525.66,61264.0,525.858,457
2025-06-20 13:45:00-04:00,525.65,525.94,525.64,525.75,46702.0,525.783,362
2025-06-20 13:46:00-04:00,525.73,525.98,525.71,525.85,28305.0,525.868,242
2025-06-20 13:47:00-04:00,525.81,525.94,525.71,525.75,23406.0,525.803,205
2025-06-20 13:48:00-04:00,525.78,525.85,525.61,525.72,47526.0,525.706,335
2025-06-20 13:49:00-04:00,525.69,525.84,525.65,525.8,101075.0,525.735,609
2025-06-20 13:50:00-04:00,525.81,526.06,525.77,526.01,46750.0,525.944,366
2025-06-20 13:51:00-04:00,526.0,526.3,525.93,526.16,156157.0,526.192,784
2025-06-20 13:52:00-04:00,526.11,526.21,525.97,526.18,93973.0,526.129,600
2025-06-20 13:53:00-04:00,526.16,526.34,525.94,526.31,35959.0,526.2,228
2025-06-20 13:54:00-04:00,526.32,526.37,526.16,526.29,36935.0,526.271,233
2025-06-20 13:55:00-04:00,526.3,526.4,526.27,526.36,29326.0,526.346,203
2025-06-20 13:56:00-04:00,526.37,526.54,526.36,526.4,47725.0,526.455,365
2025-06-20 13:57:00-04:00,526.41,526.55,526.37,526.48,40830.0,526.455,319
2025-06-20 13:58:00-04:00,526.47,526.61,526.44,526.57,125341.0,526.517,530
2025-06-20 13:59:00-04:00,526.58,526.66,526.53,526.64,65222.0,526.607,364
2025-06-20 14:00:00-04:00,526.62,526.8,526.48,526.61,87395.0,526.666,594
2025-06-20 14:01:00-04:00,526.62,526.79,526.56,526.77,61723.0,526.643,341
2025-06-20 14:02:00-04:00,526.78,526.89,526.71,526.72,46389.0,526.789,324
2025-06-20 14:03:00-04:00,526.71,526.79,526.66,526.76,30281.0,526.728,199
2025-06-20 14:04:00-04:00,526.75,527.1,526.73,527.04,71116.0,526.95,517
2025-06-20 14:05:00-04:00,527.03,527.04,526.87,526.96,47981.0,526.954,278
2025-06-20 14:06:00-04:00,526.96,527.13,526.96,527.03,60724.0,527.05,407
2025-06-20 14:07:00-04:00,527.03,527.21,527.03,527.13,68596.0,527.115,334
2025-06-20 14:08:00-04:00,527.15,527.2,526.98,527.06,63138.0,527.086,328
2025-06-20 14:09:00-04:00,527.09,527.15,527.0,527.12,31269.0,527.078,225
2025-06-20 14:10:00-04:00,527.12,527.28,527.11,527.18,62675.0,527.214,417
2025-06-20 14:11:00-04:00,527.18,527.24,527.05,527.22,27653.0,527.15,202
2025-06-20 14:12:00-04:00,527.22,527.25,527.09,527.13,35481.0,527.174,281
2025-06-20 14:13:00-04:00,527.14,527.19,527.05,527.11,26208.0,527.127,204
2025-06-20 14:14:00-04:00,527.11,527.2,527.04,527.08,37775.0,527.111,237
2025-06-20 14:15:00-04:00,527.08,527.27,527.08,527.2,49661.0,527.19,322
2025-06-20 14:16:00-04:00,527.18,527.25,527.07,527.23,31186.0,527.169,194
2025-06-20 14:17:00-04:00,527.22,527.54,527.19,527.5,98074.0,527.397,682
2025-06-20 14:18:00-04:00,527.51,527.76,527.5,527.71,87140.0,527.64,598
2025-06-20 14:19:00-04:00,527.71,528.06,527.66,528.01,167572.0,527.805,1080
2025-06-20 14:20:00-04:00,528.03,528.09,527.85,527.91,116602.0,528.018,798
2025-06-20 14:21:00-04:00,527.91,528.03,527.82,527.92,64298.0,527.937,408
2025-06-20 14:22:00-04:00,527.92,527.94,527.68,527.69,113567.0,527.791,647
2025-06-20 14:23:00-04:00,527.73,527.88,527.69,527.8,44036.0,527.772,290
2025-06-20 14:24:00-04:00,527.81,527.95,527.79,527.92,55361.0,527.865,290
2025-06-20 14:25:00-04:00,527.92,527.95,527.75,527.76,42643.0,527.847,226
2025-06-20 14:26:00-04:00,527.76,527.89,527.71,527.87,41552.0,527.8,250
2025-06-20 14:27:00-04:00,527.86,527.93,527.75,527.75,30536.0,527.834,181
2025-06-20 14:28:00-04:00,527.76,527.77,527.54,527.63,68143.0,527.633,416
2025-06-20 14:29:00-04:00,527.67,527.79,527.46,527.59,43933.0,527.577,307
2025-06-20 14:30:00-04:00,527.6,527.77,527.6,527.69,59846.0,527.685,410
2025-06-20 14:31:00-04:00,527.69,527.72,527.46,527.58,35153.0,527.56,229
2025-06-20 14:32:00-04:00,527.58,527.92,527.58,527.89,67991.0,527.788,443
2025-06-20 14:33:00-04:00,527.9,527.98,527.77,527.8,37714.0,527.863,274
2025-06-20 14:34:00-04:00,527.84,527.95,527.76,527.78,36156.0,527.834,230
2025-06-20 14:35:00-04:00,527.77,527.82,527.62,527.76,29015.0,527.729,226
2025-06-20 14:36:00-04:00,527.77,527.93,527.71,527.74,50886.0,527.835,356
2025-06-20 14:37:00-04:00,527.75,527.8,527.38,527.38,46889.0,527.614,334
2025-06-20 14:38:00-04:00,527.37,527.54,527.37,527.48,23000.0,527.475,179
2025-06-20 14:39:00-04:00,527.48,527.66,527.47,527.52,43561.0,527.578,258
2025-06-20 14:40:00-04:00,527.54,527.56,527.32,527.47,56899.0,527.45,360
2025-06-20 14:41:00-04:00,527.47,527.59,527.47,527.54,37709.0,527.519,254
2025-06-20 14:42:00-04:00,527.53,527.66,527.5,527.55,48296.0,527.591,323
2025-06-20 14:43:00-04:00,527.55,527.55,527.23,527.25,48905.0,527.358,378
2025-06-20 14:44:00-04:00,527.25,527.41,527.22,527.33,42037.0,527.336,295
2025-06-20 14:45:00-04:00,527.33,527.4,527.2,527.36,35653.0,527.301,240
2025-06-20 14:46:00-04:00,527.39,527.51,527.36,527.5,28329.0,527.446,214
2025-06-20 14:47:00-04:00,527.49,527.5,527.31,527.35,19576.0,527.39,168
2025-06-20 14:48:00-04:00,527.36,527.4,527.19,527.22,28075.0,527.271,197
2025-06-20 14:49:00-04:00,527.22,527.3,527.13,527.25,29051.0,527.234,221
2025-06-20 14:50:00-04:00,527.26,527.3,527.13,527.17,38543.0,527.183,301
2025-06-20 14:51:00-04:00,527.17,527.2,527.06,527.16,31629.0,527.126,251
2025-06-20 14:52:00-04:00,527.16,527.2,527.05,527.11,32222.0,527.137,225
2025-06-20 14:53:00-04:00,527.1,527.13,526.94,527.04,60877.0,527.001,276
2025-06-20 14:54:00-04:00,527.03,527.2,527.0,527.03,49432.0,527.074,305
2025-06-20 14:55:00-04:00,527.04,527.09,526.88,526.93,67357.0,526.958,391
2025-06-20 14:56:00-04:00,526.93,526.94,526.0,526.08,166620.0,526.493,1048
2025-06-20 14:57:00-04:00,526.05,526.42,526.01,526.13,121391.0,526.276,881
2025-06-20 14:58:00-04:00,526.13,526.27,525.97,526.04,99872.0,526.092,619
2025-06-20 14:59:00-04:00,526.05,526.09,525.84,526.07,113972.0,525.937,736
2025-06-20 15:00:00-04:00,526.08,526.16,525.81,526.06,144664.0,525.977,902
2025-06-20 15:01:00-04:00,526.07,526.44,526.04,526.27,109948.0,526.248,742
2025-06-20 15:02:00-04:00,526.28,526.45,526.18,526.24,80469.0,526.312,540
2025-06-20 15:03:00-04:00,526.23,526.25,525.97,525.97,68931.0,526.096,498
2025-06-20 15:04:00-04:00,525.97,526.16,525.92,526.05,46565.0,526.001,372
2025-06-20 15:05:00-04:00,526.05,526.22,525.87,526.19,102564.0,525.993,618
2025-06-20 15:06:00-04:00,526.17,526.45,526.14,526.18,92155.0,526.314,574
2025-06-20 15:07:00-04:00,526.17,526.29,525.95,526.05,41657.0,526.083,286
2025-06-20 15:08:00-04:00,526.04,526.16,526.01,526.06,49469.0,526.069,294
2025-06-20 15:09:00-04:00,526.07,526.21,526.0,526.08,102348.0,526.101,663
2025-06-20 15:10:00-04:00,526.08,526.2,525.94,526.11,67478.0,526.081,320
2025-06-20 15:11:00-04:00,526.1,526.22,526.06,526.22,29791.0,526.148,186
2025-06-20 15:12:00-04:00,526.21,526.43,526.1,526.34,99583.0,526.335,547
2025-06-20 15:13:00-04:00,526.31,526.49,526.2,526.26,73817.0,526.321,417
2025-06-20 15:14:00-04:00,526.23,526.25,526.07,526.19,59373.0,526.159,312
2025-06-20 15:15:00-04:00,526.18,526.24,525.99,526.08,65635.0,526.111,296
2025-06-20 15:16:00-04:00,526.1,526.26,526.06,526.11,55421.0,526.154,291
2025-06-20 15:17:00-04:00,526.1,526.24,526.06,526.17,52442.0,526.125,336
2025-06-20 15:18:00-04:00,526.2,526.26,526.12,526.23,59026.0,526.198,346
2025-06-20 15:19:00-04:00,526.21,526.38,526.18,526.29,55467.0,526.272,369
2025-06-20 15:20:00-04:00,526.3,526.43,526.22,526.29,60682.0,526.293,336
2025-06-20 15:21:00-04:00,526.32,526.32,526.03,526.13,52003.0,526.15,318
2025-06-20 15:22:00-04:00,526.11,526.23,526.0,526.12,37848.0,526.102,266
2025-06-20 15:23:00-04:00,526.1,526.36,526.07,526.28,60673.0,526.238,392
2025-06-20 15:24:00-04:00,526.29,526.46,526.2,526.23,68803.0,526.325,423
2025-06-20 15:25:00-04:00,526.21,526.32,526.08,526.1,46554.0,526.207,347
2025-06-20 15:26:00-04:00,526.09,526.09,525.8,525.98,107755.0,525.965,688
2025-06-20 15:27:00-04:00,525.99,526.01,525.86,525.9,49466.0,525.941,291
2025-06-20 15:28:00-04:00,525.89,525.99,525.73,525.87,49617.0,525.871,386
2025-06-20 15:29:00-04:00,525.87,526.09,525.85,525.98,34431.0,525.974,223
2025-06-20 15:30:00-04:00,525.98,526.27,525.98,526.22,86136.0,526.137,632
2025-06-20 15:31:00-04:00,526.23,526.34,526.11,526.25,69415.0,526.227,519
2025-06-20 15:32:00-04:00,526.27,526.33,526.09,526.17,77708.0,526.208,472
2025-06-20 15:33:00-04:00,526.18,526.2,526.02,526.18,48597.0,526.127,326
2025-06-20 15:34:00-04:00,526.2,526.27,525.99,526.24,61281.0,526.145,434
2025-06-20 15:35:00-04:00,526.23,526.31,526.04,526.12,58815.0,526.192,404
2025-06-20 15:36:00-04:00,526.12,526.18,526.04,526.1,51658.0,526.1,367
2025-06-20 15:37:00-04:00,526.09,526.12,525.89,526.06,150075.0,526.031,805
2025-06-20 15:38:00-04:00,526.04,526.3,525.99,526.16,74146.0,526.162,540
2025-06-20 15:39:00-04:00,526.14,526.15,525.85,525.85,70118.0,525.988,414
2025-06-20 15:40:00-04:00,525.85,526.0,525.75,525.95,86468.0,525.881,595
2025-06-20 15:41:00-04:00,525.97,526.07,525.9,525.94,49073.0,525.999,330
2025-06-20 15:42:00-04:00,525.94,525.99,525.87,525.96,65233.0,525.92,323
2025-06-20 15:43:00-04:00,525.96,526.17,525.94,526.06,55031.0,526.063,319
2025-06-20 15:44:00-04:00,526.07,526.19,525.98,526.11,133223.0,526.055,637
2025-06-20 15:45:00-04:00,526.08,526.15,525.88,526.05,61862.0,526.03,441
2025-06-20 15:46:00-04:00,526.06,526.09,525.87,525.92,78400.0,525.976,472
2025-06-20 15:47:00-04:00,525.92,526.0,525.86,525.94,54789.0,525.924,438
2025-06-20 15:48:00-04:00,525.93,526.13,525.92,525.93,108457.0,526.014,755
2025-06-20 15:49:00-04:00,525.92,526.03,525.8,525.81,111944.0,525.919,770
2025-06-20 15:50:00-04:00,525.81,526.3,525.6,525.91,271137.0,525.99,1913
2025-06-20 15:51:00-04:00,525.92,526.21,525.83,525.98,181315.0,525.993,1357
2025-06-20 15:52:00-04:00,525.98,526.12,525.88,525.99,177131.0,526.002,1199
2025-06-20 15:53:00-04:00,525.99,526.21,525.98,526.21,106969.0,526.102,777
2025-06-20 15:54:00-04:00,526.19,526.45,525.93,526.15,288688.0,526.184,2098
2025-06-20 15:55:00-04:00,526.15,527.1,526.13,526.84,329362.0,526.78,2311
2025-06-20 15:56:00-04:00,526.84,527.1,526.78,526.79,248121.0,526.908,1739
2025-06-20 15:57:00-04:00,526.8,526.87,526.47,526.52,285005.0,526.609,1626
2025-06-20 15:58:00-04:00,526.52,526.65,526.49,526.56,380311.0,526.56,1789
2025-06-20 15:59:00-04:00,526.56,526.97,526.26,526.71,840637.0,526.653,5194
2025-06-23 09:30:00-04:00,526.82,526.84,526.08,526.29,374347.0,526.487,1640
2025-06-23 09:31:00-04:00,526.28,526.32,525.46,525.64,225125.0,525.782,1518
2025-06-23 09:32:00-04:00,525.59,525.75,524.77,525.39,147057.0,525.197,1072
2025-06-23 09:33:00-04:00,525.36,525.37,524.42,524.91,148382.0,524.905,1063
2025-06-23 09:34:00-04:00,524.85,524.96,524.16,524.76,120551.0,524.503,801
2025-06-23 09:35:00-04:00,524.75,525.2,524.54,525.17,140688.0,524.964,948
2025-06-23 09:36:00-04:00,525.18,526.44,525.07,526.16,221744.0,525.845,1347
2025-06-23 09:37:00-04:00,526.19,526.52,526.15,526.4,113288.0,526.398,796
2025-06-23 09:38:00-04:00,526.48,526.76,526.29,526.59,116770.0,526.557,750
2025-06-23 09:39:00-04:00,526.57,526.78,526.38,526.77,71728.0,526.62,498
2025-06-23 09:40:00-04:00,526.76,526.79,526.48,526.48,119831.0,526.637,776
2025-06-23 09:41:00-04:00,526.47,526.74,526.47,526.61,83150.0,526.616,524
2025-06-23 09:42:00-04:00,526.62,526.87,526.6,526.61,110477.0,526.707,683
2025-06-23 09:43:00-04:00,526.61,527.2,526.57,526.96,138585.0,526.933,842
2025-06-23 09:44:00-04:00,526.93,527.08,526.8,527.02,88407.0,526.983,584
2025-06-23 09:45:00-04:00,527.04,527.26,526.81,526.84,79430.0,526.995,457
2025-06-23 09:46:00-04:00,526.85,527.18,526.62,527.17,126277.0,526.871,764
2025-06-23 09:47:00-04:00,527.19,527.58,527.14,527.43,133718.0,527.359,921
2025-06-23 09:48:00-04:00,527.5,527.81,527.45,527.72,126525.0,527.634,952
2025-06-23 09:49:00-04:00,527.73,527.92,527.61,527.64,117395.0,527.777,703
2025-06-23 09:50:00-04:00,527.64,527.73,527.39,527.44,66748.0,527.537,526
2025-06-23 09:51:00-04:00,527.46,527.79,527.45,527.51,68676.0,527.626,447
2025-06-23 09:52:00-04:00,527.52,527.87,527.44,527.75,61779.0,527.683,380
2025-06-23 09:53:00-04:00,527.76,528.04,527.75,527.98,89616.0,527.903,505
2025-06-23 09:54:00-04:00,528.0,528.16,527.9,528.09,50940.0,528.043,374
2025-06-23 09:55:00-04:00,528.08,528.11,527.82,527.94,66355.0,527.969,453
2025-06-23 09:56:00-04:00,527.97,528.02,527.82,527.95,41312.0,527.923,311
2025-06-23 09:57:00-04:00,527.93,527.99,527.67,527.74,78098.0,527.82,514
2025-06-23 09:58:00-04:00,527.75,528.02,527.67,527.94,50669.0,527.859,334
2025-06-23 09:59:00-04:00,527.95,528.24,527.93,528.15,61536.0,528.121,409
2025-06-23 10:00:00-04:00,528.17,528.88,528.17,528.29,229603.0,528.484,1479
2025-06-23 10:01:00-04:00,528.3,528.75,528.3,528.68,92336.0,528.579,613
2025-06-23 10:02:00-04:00,528.68,528.95,528.56,528.87,124858.0,528.796,840
2025-06-23 10:03:00-04:00,528.88,528.97,528.67,528.68,94542.0,528.843,727
2025-06-23 10:04:00-04:00,528.7,528.97,528.7,528.89,79400.0,528.889,589
2025-06-23 10:05:00-04:00,528.9,529.41,528.9,529.33,300468.0,529.243,1935
2025-06-23 10:06:00-04:00,529.34,529.64,529.34,529.61,160262.0,529.535,1065
2025-06-23 10:07:00-04:00,529.63,529.71,529.33,529.47,108900.0,529.537,730
2025-06-23 10:08:00-04:00,529.49,529.69,529.36,529.69,140416.0,529.557,1024
2025-06-23 10:09:00-04:00,529.69,529.78,529.51,529.6,120240.0,529.653,964
2025-06-23 10:10:00-04:00,529.61,529.67,529.17,529.24,135831.0,529.353,849
2025-06-23 10:11:00-04:00,529.22,529.4,528.99,529.0,90495.0,529.158,612
2025-06-23 10:12:00-04:00,528.99,529.44,528.93,529.34,84622.0,529.209,558
2025-06-23 10:13:00-04:00,529.36,529.56,529.32,529.46,54335.0,529.446,388
2025-06-23 10:14:00-04:00,529.45,529.64,529.45,529.46,77668.0,529.536,473
2025-06-23 10:15:00-04:00,529.47,529.6,529.12,529.13,98277.0,529.365,677
2025-06-23 10:16:00-04:00,529.16,529.37,529.05,529.26,82090.0,529.229,445
2025-06-23 10:17:00-04:00,529.26,529.55,529.26,529.47,43883.0,529.423,303
2025-06-23 10:18:00-04:00,529.48,530.09,529.48,530.06,199825.0,529.89,1080
2025-06-23 10:19:00-04:00,530.07,530.16,529.86,529.88,172674.0,530.015,981
2025-06-23 10:20:00-04:00,529.88,530.21,529.86,530.12,102263.0,530.08,699
2025-06-23 10:21:00-04:00,530.11,530.16,529.85,530.02,94643.0,530.005,610
2025-06-23 10:22:00-04:00,530.02,530.15,529.68,529.7,51597.0,529.935,367
2025-06-23 10:23:00-04:00,529.73,529.88,529.61,529.64,52813.0,529.732,336
2025-06-23 10:24:00-04:00,529.64,529.92,529.59,529.83,50661.0,529.791,313
2025-06-23 10:25:00-04:00,529.83,529.95,529.71,529.88,91771.0,529.843,409
2025-06-23 10:26:00-04:00,529.89,529.96,529.81,529.88,53778.0,529.888,257
2025-06-23 10:27:00-04:00,529.87,529.92,529.43,529.45,66591.0,529.625,413
2025-06-23 10:28:00-04:00,529.46,529.64,529.22,529.59,72033.0,529.478,499
2025-06-23 10:29:00-04:00,529.61,529.75,529.49,529.54,41724.0,529.628,256
2025-06-23 10:30:00-04:00,529.56,529.7,529.28,529.36,82193.0,529.462,461
2025-06-23 10:31:00-04:00,529.34,529.56,529.22,529.45,75149.0,529.389,359
2025-06-23 10:32:00-04:00,529.43,529.74,529.4,529.6,41236.0,529.547,294
2025-06-23 10:33:00-04:00,529.59,529.76,529.54,529.66,52096.0,529.659,309
2025-06-23 10:34:00-04:00,529.67,529.79,529.58,529.71,45639.0,529.689,312
2025-06-23 10:35:00-04:00,529.67,529.79,529.51,529.57,45108.0,529.648,330
2025-06-23 10:36:00-04:00,529.57,529.61,529.33,529.58,66736.0,529.455,416
2025-06-23 10:37:00-04:00,529.61,529.78,529.5,529.55,55650.0,529.661,368
2025-06-23 10:38:00-04:00,529.56,529.57,529.39,529.56,43539.0,529.457,309
2025-06-23 10:39:00-04:00,529.54,529.66,529.4,529.55,26282.0,529.536,205
2025-06-23 10:40:00-04:00,529.56,529.77,529.5,529.72,65150.0,529.647,317
2025-06-23 10:41:00-04:00,529.72,529.8,529.66,529.7,31716.0,529.744,247
2025-06-23 10:42:00-04:00,529.69,529.91,529.6,529.88,39812.0,529.763,312
2025-06-23 10:43:00-04:00,529.88,530.06,529.81,529.89,96529.0,529.947,522
2025-06-23 10:44:00-04:00,529.89,530.06,529.75,530.06,56229.0,529.926,328
2025-06-23 10:45:00-04:00,530.06,530.35,529.99,530.01,158685.0,530.186,712
2025-06-23 10:46:00-04:00,529.98,530.2,529.85,530.18,77181.0,530.035,433
2025-06-23 10:47:00-04:00,530.18,530.29,529.93,529.93,56093.0,530.119,372
2025-06-23 10:48:00-04:00,529.92,529.94,529.51,529.6,80980.0,529.655,486
2025-06-23 10:49:00-04:00,529.59,529.66,529.48,529.58,32362.0,529.58,230
2025-06-23 10:50:00-04:00,529.57,529.81,529.52,529.79,45404.0,529.658,320
2025-06-23 10:51:00-04:00,529.79,529.82,529.52,529.52,31388.0,529.624,226
2025-06-23 10:52:00-04:00,529.51,529.59,529.43,529.48,30516.0,529.507,235
2025-06-23 10:53:00-04:00,529.48,529.64,529.34,529.62,46032.0,529.464,306
2025-06-23 10:54:00-04:00,529.61,529.65,529.44,529.49,28761.0,529.521,225
2025-06-23 10:55:00-04:00,529.48,529.64,529.21,529.3,88466.0,529.382,577
2025-06-23 10:56:00-04:00,529.31,529.32,528.88,528.94,162294.0,529.152,1179
2025-06-23 10:57:00-04:00,528.92,529.08,528.75,529.07,86461.0,528.931,543
2025-06-23 10:58:00-04:00,529.08,529.11,528.86,528.88,37146.0,528.935,258
2025-06-23 10:59:00-04:00,528.91,529.0,528.78,528.83,48041.0,528.882,343
2025-06-23 11:00:00-04:00,528.85,528.98,528.78,528.88,39120.0,528.865,299
2025-06-23 11:01:00-04:00,528.89,529.34,528.89,529.27,65934.0,529.201,499
2025-06-23 11:02:00-04:00,529.23,529.4,529.12,529.36,36107.0,529.22,229
2025-06-23 11:03:00-04:00,529.38,529.71,529.32,529.66,54711.0,529.556,379
2025-06-23 11:04:00-04:00,529.69,529.77,529.52,529.63,83501.0,529.671,511
2025-06-23 11:05:00-04:00,529.63,529.78,529.55,529.69,38010.0,529.658,259
2025-06-23 11:06:00-04:00,529.71,529.86,529.65,529.82,83958.0,529.725,493
2025-06-23 11:07:00-04:00,529.82,529.96,529.81,529.87,67385.0,529.906,433
2025-06-23 11:08:00-04:00,529.85,529.95,529.8,529.91,14009.0,529.894,110
2025-06-23 11:09:00-04:00,529.88,529.9,529.63,529.86,48857.0,529.764,374
2025-06-23 11:10:00-04:00,529.9,530.02,529.87,529.93,57176.0,529.951,288
2025-06-23 11:11:00-04:00,529.92,529.95,529.79,529.86,25348.0,529.883,177
2025-06-23 11:12:00-04:00,529.87,529.87,529.68,529.71,34106.0,529.742,256
2025-06-23 11:13:00-04:00,529.71,529.83,529.62,529.82,23294.0,529.725,152
2025-06-23 11:14:00-04:00,529.84,530.02,529.84,529.96,74873.0,529.968,481
2025-06-23 11:15:00-04:00,529.98,530.07,529.92,529.99,72719.0,529.975,410
2025-06-23 11:16:00-04:00,530.0,530.03,529.85,529.99,39792.0,529.91,258
2025-06-23 11:17:00-04:00,529.98,529.99,529.81,529.86,25761.0,529.904,179
2025-06-23 11:18:00-04:00,529.86,529.95,529.71,529.94,35655.0,529.824,255
2025-06-23 11:19:00-04:00,529.91,529.94,529.8,529.82,29988.0,529.862,205
2025-06-23 11:20:00-04:00,529.83,529.91,529.75,529.83,31641.0,529.828,241
2025-06-23 11:21:00-04:00,529.84,529.85,529.4,529.4,46828.0,529.564,289
2025-06-23 11:22:00-04:00,529.39,529.54,529.36,529.42,33884.0,529.427,206
2025-06-23 11:23:00-04:00,529.45,529.59,529.44,529.54,17970.0,529.511,141
2025-06-23 11:24:00-04:00,529.54,529.59,529.46,529.5,14292.0,529.515,116
2025-06-23 11:25:00-04:00,529.52,529.57,529.26,529.27,36539.0,529.385,270
2025-06-23 11:26:00-04:00,529.26,529.34,529.12,529.16,69478.0,529.221,407
2025-06-23 11:27:00-04:00,529.16,529.16,528.97,529.01,90290.0,529.034,536
2025-06-23 11:28:00-04:00,529.01,529.11,528.96,529.05,48738.0,529.027,363
2025-06-23 11:29:00-04:00,529.0,529.04,528.63,528.67,104725.0,528.781,692
2025-06-23 11:30:00-04:00,528.66,529.05,528.33,529.02,151682.0,528.638,1064
2025-06-23 11:31:00-04:00,529.01,529.1,528.9,528.98,56666.0,529.001,408
2025-06-23 11:32:00-04:00,528.95,529.12,528.84,529.09,31897.0,528.97,242
2025-06-23 11:33:00-04:00,529.08,529.08,528.72,528.75,52379.0,528.819,384
2025-06-23 11:34:00-04:00,528.74,529.06,528.68,529.02,38140.0,528.91,244
2025-06-23 11:35:00-04:00,529.02,529.05,528.6,528.77,49412.0,528.772,371
2025-06-23 11:36:00-04:00,528.8,528.92,528.68,528.88,35214.0,528.789,240
2025-06-23 11:37:00-04:00,528.87,529.06,528.79,529.02,29280.0,528.992,221
2025-06-23 11:38:00-04:00,529.01,529.15,528.93,529.13,31748.0,529.043,228
2025-06-23 11:39:00-04:00,529.12,529.12,528.73,528.73,27180.0,528.9,174
2025-06-23 11:40:00-04:00,528.71,528.84,528.55,528.79,38715.0,528.715,289
2025-06-23 11:41:00-04:00,528.78,528.78,528.12,528.13,114173.0,528.433,684
2025-06-23 11:42:00-04:00,528.12,528.57,528.1,528.52,82068.0,528.359,525
2025-06-23 11:43:00-04:00,528.53,528.73,528.48,528.65,71039.0,528.643,530
2025-06-23 11:44:00-04:00,528.61,528.74,528.57,528.62,33631.0,528.665,234
2025-06-23 11:45:00-04:00,528.62,528.71,528.35,528.5,63994.0,528.572,420
2025-06-23 11:46:00-04:00,528.5,528.66,528.4,528.59,49591.0,528.59,285
2025-06-23 11:47:00-04:00,528.59,528.6,528.43,528.51,67587.0,528.477,389
2025-06-23 11:48:00-04:00,528.5,528.78,528.49,528.6,32813.0,528.645,238
2025-06-23 11:49:00-04:00,528.61,528.72,528.55,528.71,27341.0,528.642,183
2025-06-23 11:50:00-04:00,528.71,528.8,528.57,528.62,33675.0,528.702,233
2025-06-23 11:51:00-04:00,528.62,529.05,528.5,529.0,50606.0,528.867,331
2025-06-23 11:52:00-04:00,529.01,529.09,528.62,528.72,52574.0,528.929,347
2025-06-23 11:53:00-04:00,528.72,528.92,528.68,528.78,44818.0,528.805,250
2025-06-23 11:54:00-04:00,528.77,528.79,528.52,528.62,31725.0,528.658,232
2025-06-23 11:55:00-04:00,528.58,528.92,528.45,528.89,73379.0,528.661,519
2025-06-23 11:56:00-04:00,528.9,529.03,528.71,528.77,65409.0,528.89,437
2025-06-23 11:57:00-04:00,528.76,528.79,528.63,528.69,41178.0,528.698,294
2025-06-23 11:58:00-04:00,528.69,528.76,528.5,528.59,45974.0,528.608,308
2025-06-23 11:59:00-04:00,528.6,528.6,528.41,528.45,71180.0,528.496,351
2025-06-23 12:00:00-04:00,528.46,528.55,528.26,528.4,112901.0,528.399,650
2025-06-23 12:01:00-04:00,528.4,528.49,528.1,528.27,51334.0,528.331,324
2025-06-23 12:02:00-04:00,528.25,528.25,527.89,528.21,68429.0,528.057,455
2025-06-23 12:03:00-04:00,528.18,528.61,528.14,528.6,40405.0,528.346,235
2025-06-23 12:04:00-04:00,528.6,528.61,528.34,528.45,41958.0,528.479,278
2025-06-23 12:05:00-04:00,528.45,528.45,528.24,528.32,16749.0,528.328,144
2025-06-23 12:06:00-04:00,528.35,528.47,528.11,528.15,28480.0,528.257,191
2025-06-23 12:07:00-04:00,528.1,528.36,528.1,528.33,33522.0,528.236,205
2025-06-23 12:08:00-04:00,528.33,528.34,528.08,528.14,27892.0,528.185,203
2025-06-23 12:09:00-04:00,528.15,528.2,528.01,528.06,30529.0,528.096,237
2025-06-23 12:10:00-04:00,528.05,528.2,527.92,528.19,30786.0,528.045,216
2025-06-23 12:11:00-04:00,528.19,528.35,528.08,528.33,30549.0,528.225,220
2025-06-23 12:12:00-04:00,528.32,528.57,528.21,528.52,48064.0,528.404,352
2025-06-23 12:13:00-04:00,528.52,528.52,528.35,528.39,40300.0,528.436,241
2025-06-23 12:14:00-04:00,528.42,528.49,528.24,528.25,17268.0,528.341,118
2025-06-23 12:15:00-04:00,528.26,528.42,528.17,528.27,37216.0,528.267,225
2025-06-23 12:16:00-04:00,528.28,528.37,528.13,528.3,31146.0,528.272,245
2025-06-23 12:17:00-04:00,528.24,528.24,527.84,527.86,43846.0,528.032,291
2025-06-23 12:18:00-04:00,527.86,528.16,527.72,528.14,72086.0,527.913,431
2025-06-23 12:19:00-04:00,528.13,528.22,527.98,528.05,41283.0,528.092,258
2025-06-23 12:20:00-04:00,528.04,528.11,527.73,527.76,31350.0,527.895,232
2025-06-23 12:21:00-04:00,527.76,527.8,527.64,527.66,47972.0,527.734,307
2025-06-23 12:22:00-04:00,527.66,527.68,527.28,527.46,142387.0,527.46,940
2025-06-23 12:23:00-04:00,527.45,527.48,527.22,527.32,94308.0,527.319,692
2025-06-23 12:24:00-04:00,527.3,527.33,527.14,527.26,107506.0,527.227,703
2025-06-23 12:25:00-04:00,527.25,527.28,526.81,526.87,108207.0,527.003,701
2025-06-23 12:26:00-04:00,526.85,526.97,526.76,526.78,115491.0,526.852,667
2025-06-23 12:27:00-04:00,526.76,527.12,526.68,526.81,145981.0,526.943,1043
2025-06-23 12:28:00-04:00,526.81,527.09,526.73,526.87,112270.0,526.931,740
2025-06-23 12:29:00-04:00,526.85,526.85,526.43,526.56,133371.0,526.609,897
2025-06-23 12:30:00-04:00,526.56,526.56,526.18,526.46,133821.0,526.369,812
2025-06-23 12:31:00-04:00,526.43,526.44,525.96,526.12,88248.0,526.147,575
2025-06-23 12:32:00-04:00,526.1,526.1,525.88,525.95,87275.0,525.983,619
2025-06-23 12:33:00-04:00,525.93,526.0,525.37,525.5,209967.0,525.642,1294
2025-06-23 12:34:00-04:00,525.43,525.58,524.96,525.02,285615.0,525.243,1770
2025-06-23 12:35:00-04:00,524.98,525.22,524.53,525.19,379935.0,524.853,2557
2025-06-23 12:36:00-04:00,525.2,525.26,524.24,524.26,220281.0,524.788,1528
2025-06-23 12:37:00-04:00,524.24,525.15,523.65,524.98,372909.0,524.166,2715
2025-06-23 12:38:00-04:00,525.0,525.46,524.33,525.05,315457.0,524.964,2258
2025-06-23 12:39:00-04:00,525.04,525.53,525.0,525.46,221903.0,525.265,1491
2025-06-23 12:40:00-04:00,525.43,526.18,524.77,526.12,294439.0,525.436,2271
2025-06-23 12:41:00-04:00,526.16,526.48,526.05,526.4,221781.0,526.276,1620
2025-06-23 12:42:00-04:00,526.37,527.15,526.24,527.1,236001.0,526.771,1503
2025-06-23 12:43:00-04:00,527.08,527.45,526.78,526.9,187347.0,527.141,1163
2025-06-23 12:44:00-04:00,526.87,527.16,526.85,527.05,92672.0,527.013,678
2025-06-23 12:45:00-04:00,527.05,527.9,527.04,527.58,205329.0,527.563,1304
2025-06-23 12:46:00-04:00,527.58,527.78,527.37,527.41,190391.0,527.551,1416
2025-06-23 12:47:00-04:00,527.45,527.57,527.0,527.01,171188.0,527.264,1106
2025-06-23 12:48:00-04:00,527.05,527.09,526.14,526.65,188321.0,526.607,1371
2025-06-23 12:49:00-04:00,526.61,527.14,526.44,527.07,101435.0,526.778,772
2025-06-23 12:50:00-04:00,527.06,527.22,526.61,526.9,100480.0,526.892,753
2025-06-23 12:51:00-04:00,526.89,527.09,526.66,526.77,68580.0,526.885,459
2025-06-23 12:52:00-04:00,526.76,526.92,526.28,526.42,85318.0,526.492,614
2025-06-23 12:53:00-04:00,526.37,527.25,526.27,526.64,175227.0,526.728,1406
2025-06-23 12:54:00-04:00,526.65,527.1,526.65,526.85,80854.0,526.899,519
2025-06-23 12:55:00-04:00,526.86,526.86,526.25,526.31,130220.0,526.486,957
2025-06-23 12:56:00-04:00,526.3,526.76,525.95,526.75,119944.0,526.221,847
2025-06-23 12:57:00-04:00,526.77,527.1,526.21,526.48,137483.0,526.604,1020
2025-06-23 12:58:00-04:00,526.52,526.86,526.13,526.37,82861.0,526.512,639
2025-06-23 12:59:00-04:00,526.37,526.62,526.06,526.08,64887.0,526.315,450
2025-06-23 13:00:00-04:00,526.13,526.37,525.67,526.22,228103.0,525.969,1371
2025-06-23 13:01:00-04:00,526.25,526.97,526.08,526.74,185189.0,526.58,1288
2025-06-23 13:02:00-04:00,526.72,527.21,526.57,527.11,138370.0,526.864,727
2025-06-23 13:03:00-04:00,527.15,527.31,526.83,527.06,123928.0,527.102,907
2025-06-23 13:04:00-04:00,527.05,527.64,526.94,527.39,162695.0,527.434,1178
2025-06-23 13:05:00-04:00,527.43,528.18,527.22,527.44,213694.0,527.674,1560
2025-06-23 13:06:00-04:00,527.43,527.57,526.77,526.89,78263.0,527.102,567
2025-06-23 13:07:00-04:00,526.88,527.44,526.79,527.31,105481.0,527.217,738
2025-06-23 13:08:00-04:00,527.33,527.71,527.25,527.59,87970.0,527.527,664
2025-06-23 13:09:00-04:00,527.58,527.82,527.58,527.78,100747.0,527.731,667
2025-06-23 13:10:00-04:00,527.76,528.17,527.73,528.1,170771.0,527.968,1034
2025-06-23 13:11:00-04:00,528.11,528.66,528.07,528.62,175923.0,528.377,1139
2025-06-23 13:12:00-04:00,528.63,528.65,527.86,527.9,120668.0,528.324,853
2025-06-23 13:13:00-04:00,527.9,528.28,527.64,528.27,98325.0,527.903,679
2025-06-23 13:14:00-04:00,528.27,528.42,528.03,528.15,69586.0,528.284,529
2025-06-23 13:15:00-04:00,528.17,528.58,528.17,528.2,115054.0,528.408,868
2025-06-23 13:16:00-04:00,528.2,528.61,528.1,528.52,82957.0,528.363,517
2025-06-23 13:17:00-04:00,528.53,528.71,528.42,528.53,55767.0,528.559,346
2025-06-23 13:18:00-04:00,528.52,528.56,528.33,528.52,53254.0,528.436,348
2025-06-23 13:19:00-04:00,528.5,529.0,528.5,528.89,88582.0,528.792,656
2025-06-23 13:20:00-04:00,528.92,528.99,528.68,528.8,79037.0,528.821,502
2025-06-23 13:21:00-04:00,528.81,529.04,528.75,528.87,63929.0,528.941,440
2025-06-23 13:22:00-04:00,528.87,529.23,528.68,529.1,92027.0,529.001,577
2025-06-23 13:23:00-04:00,529.11,529.15,528.94,529.11,79845.0,529.061,357
2025-06-23 13:24:00-04:00,529.1,529.52,529.02,529.35,150939.0,529.341,782
2025-06-23 13:25:00-04:00,529.36,529.46,529.23,529.36,74114.0,529.343,452
2025-06-23 13:26:00-04:00,529.35,529.91,529.19,529.69,199679.0,529.52,1236
2025-06-23 13:27:00-04:00,529.69,530.08,529.68,529.8,170987.0,529.944,1193
2025-06-23 13:28:00-04:00,529.81,530.51,529.78,530.5,284439.0,530.137,2170
2025-06-23 13:29:00-04:00,530.51,530.67,530.26,530.36,189371.0,530.433,1308
2025-06-23 13:30:00-04:00,530.36,531.18,530.36,530.95,254936.0,530.863,1833
2025-06-23 13:31:00-04:00,530.98,531.33,530.88,531.13,242024.0,531.138,1381
2025-06-23 13:32:00-04:00,531.17,531.21,530.91,531.01,133609.0,531.051,933
2025-06-23 13:33:00-04:00,531.02,531.12,530.78,530.86,179535.0,530.922,997
2025-06-23 13:34:00-04:00,530.86,531.09,530.64,530.84,159644.0,530.874,900
2025-06-23 13:35:00-04:00,530.89,531.15,530.83,531.02,131812.0,531.003,727
2025-06-23 13:36:00-04:00,531.03,531.3,530.96,531.19,86336.0,531.131,557
2025-06-23 13:37:00-04:00,531.26,531.48,531.26,531.28,110393.0,531.402,572
2025-06-23 13:38:00-04:00,531.29,531.34,531.17,531.25,75415.0,531.27,416
2025-06-23 13:39:00-04:00,531.28,531.79,531.28,531.48,215124.0,531.521,1356
2025-06-23 13:40:00-04:00,531.48,531.61,530.99,530.99,123997.0,531.279,745
2025-06-23 13:41:00-04:00,531.03,531.16,530.79,531.07,148896.0,530.96,927
2025-06-23 13:42:00-04:00,531.12,531.17,530.78,530.92,62259.0,530.955,432
2025-06-23 13:43:00-04:00,530.97,531.15,530.91,531.11,56300.0,531.019,360
2025-06-23 13:44:00-04:00,531.14,531.33,531.06,531.32,69928.0,531.194,448
2025-06-23 13:45:00-04:00,531.3,531.65,531.3,531.5,112601.0,531.479,775
2025-06-23 13:46:00-04:00,531.54,531.84,531.5,531.7,97567.0,531.667,645
2025-06-23 13:47:00-04:00,531.68,531.97,531.46,531.49,120544.0,531.694,832
2025-06-23 13:48:00-04:00,531.49,531.63,531.43,531.5,50804.0,531.516,375
2025-06-23 13:49:00-04:00,531.51,531.69,531.43,531.44,78603.0,531.566,518
2025-06-23 13:50:00-04:00,531.45,531.54,531.12,531.31,97786.0,531.289,669
2025-06-23 13:51:00-04:00,531.31,531.43,531.11,531.42,66808.0,531.302,519
2025-06-23 13:52:00-04:00,531.43,531.45,531.06,531.15,48040.0,531.199,394
2025-06-23 13:53:00-04:00,531.17,531.3,531.1,531.18,44876.0,531.204,321
2025-06-23 13:54:00-04:00,531.19,531.21,530.8,530.86,59976.0,530.991,370
2025-06-23 13:55:00-04:00,530.9,531.14,530.9,531.09,51801.0,531.021,324
2025-06-23 13:56:00-04:00,531.12,531.28,531.06,531.12,47899.0,531.191,363
2025-06-23 13:57:00-04:00,531.14,531.35,531.04,531.26,55677.0,531.234,359
2025-06-23 13:58:00-04:00,531.26,531.35,531.17,531.22,42767.0,531.24,215
2025-06-23 13:59:00-04:00,531.19,531.28,531.09,531.15,19515.0,531.168,150
2025-06-23 14:00:00-04:00,531.15,531.25,531.07,531.18,111132.0,531.172,580
2025-06-23 14:01:00-04:00,531.2,531.26,531.03,531.2,101826.0,531.168,482
2025-06-23 14:02:00-04:00,531.2,531.47,531.17,531.43,114388.0,531.326,499
2025-06-23 14:03:00-04:00,531.47,531.63,531.41,531.61,134905.0,531.531,509
2025-06-23 14:04:00-04:00,531.62,531.72,531.47,531.6,115982.0,531.642,580
2025-06-23 14:05:00-04:00,531.58,531.71,531.48,531.6,94703.0,531.611,362
2025-06-23 14:06:00-04:00,531.64,531.93,531.6,531.83,139151.0,531.777,651
2025-06-23 14:07:00-04:00,531.86,531.86,531.49,531.52,140847.0,531.65,719
2025-06-23 14:08:00-04:00,531.5,531.67,531.47,531.59,63124.0,531.56,354
2025-06-23 14:09:00-04:00,531.57,531.61,531.42,531.44,62264.0,531.526,368
2025-06-23 14:10:00-04:00,531.43,531.68,531.42,531.53,56008.0,531.554,302
2025-06-23 14:11:00-04:00,531.54,531.72,531.49,531.69,39580.0,531.625,212
2025-06-23 14:12:00-04:00,531.73,531.77,531.57,531.6,27647.0,531.7,217
2025-06-23 14:13:00-04:00,531.61,531.77,531.61,531.75,28656.0,531.696,189
2025-06-23 14:14:00-04:00,531.75,531.8,531.49,531.58,39828.0,531.67,227
2025-06-23 14:15:00-04:00,531.52,531.8,531.45,531.69,66361.0,531.615,448
2025-06-23 14:16:00-04:00,531.66,531.67,531.34,531.35,62365.0,531.469,433
2025-06-23 14:17:00-04:00,531.35,531.4,531.25,531.35,59376.0,531.32,379
2025-06-23 14:18:00-04:00,531.33,531.45,531.26,531.45,25289.0,531.345,195
2025-06-23 14:19:00-04:00,531.43,531.72,531.41,531.7,64163.0,531.587,478
2025-06-23 14:20:00-04:00,531.72,531.74,531.47,531.5,58530.0,531.651,375
2025-06-23 14:21:00-04:00,531.49,531.6,531.37,531.6,41292.0,531.493,259
2025-06-23 14:22:00-04:00,531.61,531.66,531.47,531.65,28587.0,531.583,230
2025-06-23 14:23:00-04:00,531.65,531.65,531.41,531.45,27252.0,531.541,212
2025-06-23 14:24:00-04:00,531.45,531.48,531.25,531.29,36533.0,531.355,199
2025-06-23 14:25:00-04:00,531.28,531.39,531.17,531.21,52043.0,531.269,312
2025-06-23 14:26:00-04:00,531.21,531.34,531.14,531.31,24347.0,531.263,149
2025-06-23 14:27:00-04:00,531.32,531.37,531.12,531.13,30234.0,531.243,208
2025-06-23 14:28:00-04:00,531.12,531.26,531.06,531.2,38018.0,531.131,233
2025-06-23 14:29:00-04:00,531.22,531.22,530.87,530.95,59711.0,531.015,435
2025-06-23 14:30:00-04:00,530.96,531.13,530.96,531.11,53352.0,531.057,393
2025-06-23 14:31:00-04:00,531.09,531.39,530.97,531.26,83241.0,531.197,652
2025-06-23 14:32:00-04:00,531.26,531.26,531.06,531.12,34077.0,531.152,216
2025-06-23 14:33:00-04:00,531.08,531.19,530.97,531.03,41473.0,531.108,267
2025-06-23 14:34:00-04:00,531.0,531.3,530.91,531.21,66310.0,531.108,519
2025-06-23 14:35:00-04:00,531.19,531.23,530.95,531.1,32221.0,531.114,225
2025-06-23 14:36:00-04:00,531.12,531.32,531.08,531.3,33605.0,531.237,193
2025-06-23 14:37:00-04:00,531.29,531.32,531.14,531.3,32618.0,531.222,198
2025-06-23 14:38:00-04:00,531.32,531.32,531.04,531.11,34323.0,531.196,224
2025-06-23 14:39:00-04:00,531.08,531.2,530.97,530.99,31043.0,531.078,232
2025-06-23 14:40:00-04:00,531.01,531.17,530.85,531.02,56878.0,530.999,342
2025-06-23 14:41:00-04:00,531.0,531.11,530.8,530.89,46997.0,530.91,340
2025-06-23 14:42:00-04:00,530.89,531.0,530.79,530.99,47624.0,530.873,234
2025-06-23 14:43:00-04:00,530.97,531.08,530.92,530.98,35210.0,531.006,205
2025-06-23 14:44:00-04:00,531.01,531.11,530.96,531.08,30614.0,531.058,154
2025-06-23 14:45:00-04:00,531.08,531.14,530.89,531.05,46271.0,531.011,256
2025-06-23 14:46:00-04:00,531.06,531.06,530.88,530.92,20008.0,530.957,118
2025-06-23 14:47:00-04:00,530.94,531.01,530.88,530.97,14246.0,530.959,106
2025-06-23 14:48:00-04:00,530.94,530.94,530.82,530.91,25013.0,530.871,102
2025-06-23 14:49:00-04:00,530.91,530.95,530.81,530.86,15440.0,530.899,99
2025-06-23 14:50:00-04:00,530.89,530.91,530.67,530.69,48218.0,530.773,287
2025-06-23 14:51:00-04:00,530.69,530.82,530.63,530.79,50844.0,530.685,303
2025-06-23 14:52:00-04:00,530.78,530.84,530.59,530.59,36700.0,530.7,230
2025-06-23 14:53:00-04:00,530.59,530.62,530.46,530.51,72825.0,530.532,372
2025-06-23 14:54:00-04:00,530.51,530.68,530.46,530.63,35871.0,530.554,199
2025-06-23 14:55:00-04:00,530.63,530.65,530.46,530.49,42998.0,530.539,250
2025-06-23 14:56:00-04:00,530.49,530.61,530.45,530.58,29339.0,530.519,168
2025-06-23 14:57:00-04:00,530.59,530.64,530.46,530.51,30434.0,530.543,186
2025-06-23 14:58:00-04:00,530.48,530.52,530.43,530.52,33861.0,530.481,195
2025-06-23 14:59:00-04:00,530.52,530.78,530.5,530.77,65331.0,530.66,327
2025-06-23 15:00:00-04:00,530.76,531.1,530.64,531.09,119907.0,530.845,721
2025-06-23 15:01:00-04:00,531.08,531.58,531.07,531.43,129009.0,531.43,704
2025-06-23 15:02:00-04:00,531.44,531.56,531.26,531.28,82999.0,531.433,540
2025-06-23 15:03:00-04:00,531.29,531.34,531.15,531.25,47409.0,531.255,281
2025-06-23 15:04:00-04:00,531.26,531.31,531.17,531.23,29457.0,531.249,209
2025-06-23 15:05:00-04:00,531.21,531.21,531.01,531.11,56825.0,531.094,360
2025-06-23 15:06:00-04:00,531.12,531.27,531.12,531.24,31182.0,531.208,197
2025-06-23 15:07:00-04:00,531.25,531.25,530.98,531.04,55119.0,531.094,367
2025-06-23 15:08:00-04:00,531.04,531.09,530.88,531.02,56641.0,531.002,365
2025-06-23 15:09:00-04:00,531.06,531.09,530.87,531.01,59312.0,531.016,314
2025-06-23 15:10:00-04:00,531.03,531.1,530.87,530.96,51161.0,530.976,344
2025-06-23 15:11:00-04:00,530.97,531.19,530.92,531.16,71531.0,531.07,420
2025-06-23 15:12:00-04:00,531.16,531.22,531.08,531.12,77001.0,531.139,389
2025-06-23 15:13:00-04:00,531.14,531.27,531.1,531.14,84867.0,531.21,390
2025-06-23 15:14:00-04:00,531.15,531.15,531.0,531.02,50119.0,531.043,290
2025-06-23 15:15:00-04:00,531.02,531.19,530.95,530.95,40506.0,531.082,331
2025-06-23 15:16:00-04:00,530.97,531.03,530.88,531.0,35393.0,530.952,275
2025-06-23 15:17:00-04:00,531.0,531.02,530.59,530.61,48741.0,530.826,408
2025-06-23 15:18:00-04:00,530.6,530.72,530.52,530.59,61081.0,530.614,427
2025-06-23 15:19:00-04:00,530.59,530.74,530.58,530.66,39123.0,530.673,230
2025-06-23 15:20:00-04:00,530.62,530.76,530.55,530.58,39473.0,530.667,264
2025-06-23 15:21:00-04:00,530.57,530.65,530.5,530.63,34568.0,530.586,230
2025-06-23 15:22:00-04:00,530.66,530.72,530.62,530.69,38594.0,530.68,245
2025-06-23 15:23:00-04:00,530.7,530.98,530.67,530.92,50639.0,530.794,292
2025-06-23 15:24:00-04:00,530.98,531.05,530.94,531.01,43632.0,531.0,254
2025-06-23 15:25:00-04:00,530.99,531.18,530.93,531.16,58838.0,531.014,355
2025-06-23 15:26:00-04:00,531.16,531.22,531.07,531.18,41945.0,531.154,252
2025-06-23 15:27:00-04:00,531.18,531.31,531.11,531.3,99945.0,531.19,491
2025-06-23 15:28:00-04:00,531.3,531.36,531.21,531.36,49251.0,531.289,325
2025-06-23 15:29:00-04:00,531.36,531.37,531.19,531.23,51501.0,531.276,301
2025-06-23 15:30:00-04:00,531.22,531.23,531.05,531.15,62445.0,531.125,350
2025-06-23 15:31:00-04:00,531.15,531.24,531.0,531.03,30874.0,531.128,209
2025-06-23 15:32:00-04:00,531.02,531.22,531.0,531.13,47932.0,531.127,291
2025-06-23 15:33:00-04:00,531.12,531.32,531.12,531.23,38091.0,531.248,272
2025-06-23 15:34:00-04:00,531.22,531.26,531.16,531.17,62108.0,531.235,358
2025-06-23 15:35:00-04:00,531.19,531.3,531.17,531.19,45723.0,531.236,276
2025-06-23 15:36:00-04:00,531.2,531.29,531.11,531.13,62615.0,531.217,395
2025-06-23 15:37:00-04:00,531.12,531.15,530.96,531.03,32876.0,531.025,216
2025-06-23 15:38:00-04:00,531.02,531.12,530.95,531.04,29501.0,531.041,180
2025-06-23 15:39:00-04:00,531.05,531.21,531.02,531.11,33506.0,531.109,220
2025-06-23 15:40:00-04:00,531.11,531.12,530.89,530.89,45890.0,530.996,304
2025-06-23 15:41:00-04:00,530.89,531.12,530.89,531.06,69209.0,531.03,387
2025-06-23 15:42:00-04:00,531.05,531.1,530.99,530.99,37401.0,531.039,212
2025-06-23 15:43:00-04:00,531.0,531.0,530.67,530.75,88995.0,530.796,531
2025-06-23 15:44:00-04:00,530.74,530.92,530.64,530.86,69717.0,530.791,360
2025-06-23 15:45:00-04:00,530.85,530.91,530.78,530.87,54145.0,530.847,359
2025-06-23 15:46:00-04:00,530.85,530.92,530.77,530.83,37231.0,530.832,232
2025-06-23 15:47:00-04:00,530.83,531.01,530.76,530.88,112166.0,530.867,650
2025-06-23 15:48:00-04:00,530.88,531.06,530.88,531.05,79944.0,530.995,425
2025-06-23 15:49:00-04:00,531.04,531.13,531.01,531.05,46636.0,531.073,333
2025-06-23 15:50:00-04:00,531.05,531.5,530.98,531.24,245630.0,531.308,1583
2025-06-23 15:51:00-04:00,531.24,531.45,531.13,531.42,148046.0,531.299,1038
2025-06-23 15:52:00-04:00,531.46,531.52,531.32,531.45,100075.0,531.438,778
2025-06-23 15:53:00-04:00,531.45,531.83,531.31,531.83,193508.0,531.569,1442
2025-06-23 15:54:00-04:00,531.85,532.05,531.61,531.69,273465.0,531.833,1681
2025-06-23 15:55:00-04:00,531.68,531.8,531.41,531.7,154067.0,531.56,1156
2025-06-23 15:56:00-04:00,531.7,531.8,531.58,531.73,125610.0,531.705,1056
2025-06-23 15:57:00-04:00,531.73,532.05,531.7,532.04,209172.0,531.905,1525
2025-06-23 15:58:00-04:00,532.05,532.17,531.95,532.04,251962.0,532.061,1513
2025-06-23 15:59:00-04:00,532.03,532.12,531.61,531.7,740254.0,531.8,3998
2025-06-24 09:30:00-04:00,536.9,536.95,536.5,536.7,488886.0,536.823,2119
2025-06-24 09:31:00-04:00,536.68,537.29,536.61,537.28,474520.0,536.976,2913
2025-06-24 09:32:00-04:00,537.29,537.56,536.68,536.97,204582.0,537.149,1376
2025-06-24 09:33:00-04:00,536.96,537.03,536.27,536.83,157881.0,536.606,932
2025-06-24 09:34:00-04:00,536.82,537.24,536.75,537.12,173748.0,536.984,1080
2025-06-24 09:35:00-04:00,537.1,537.38,537.06,537.28,190959.0,537.241,1278
2025-06-24 09:36:00-04:00,537.26,537.47,537.12,537.26,76757.0,537.314,580
2025-06-24 09:37:00-04:00,537.22,537.53,537.2,537.48,120519.0,537.392,657
2025-06-24 09:38:00-04:00,537.46,537.62,537.13,537.19,166457.0,537.385,961
2025-06-24 09:39:00-04:00,537.17,537.33,536.98,537.26,100594.0,537.113,721
2025-06-24 09:40:00-04:00,537.26,537.55,537.26,537.48,104600.0,537.454,800
2025-06-24 09:41:00-04:00,537.5,537.68,537.44,537.67,92258.0,537.585,672
2025-06-24 09:42:00-04:00,537.66,537.83,537.56,537.75,148153.0,537.745,957
2025-06-24 09:43:00-04:00,537.74,537.89,537.67,537.7,156894.0,537.805,951
2025-06-24 09:44:00-04:00,537.7,537.76,537.43,537.51,128934.0,537.611,904
2025-06-24 09:45:00-04:00,537.51,537.78,537.51,537.78,134637.0,537.673,765
2025-06-24 09:46:00-04:00,537.78,538.0,537.78,537.79,157159.0,537.893,1102
2025-06-24 09:47:00-04:00,537.79,537.99,537.79,537.94,123240.0,537.919,774
2025-06-24 09:48:00-04:00,537.95,538.04,537.86,537.88,125879.0,537.968,834
2025-06-24 09:49:00-04:00,537.87,537.9,537.5,537.58,153375.0,537.665,955
2025-06-24 09:50:00-04:00,537.58,537.63,537.15,537.35,124527.0,537.38,882
2025-06-24 09:51:00-04:00,537.29,537.47,537.07,537.13,118294.0,537.292,771
2025-06-24 09:52:00-04:00,537.11,537.34,536.9,537.26,120358.0,537.066,670
2025-06-24 09:53:00-04:00,537.27,537.3,537.06,537.17,54436.0,537.215,377
2025-06-24 09:54:00-04:00,537.15,537.31,537.08,537.19,75904.0,537.213,497
2025-06-24 09:55:00-04:00,537.18,537.36,537.13,537.27,87944.0,537.263,594
2025-06-24 09:56:00-04:00,537.26,537.53,537.01,537.42,106144.0,537.315,694
2025-06-24 09:57:00-04:00,537.4,537.44,537.14,537.25,63704.0,537.266,460
2025-06-24 09:58:00-04:00,537.26,537.32,536.98,536.98,75139.0,537.102,387
2025-06-24 09:59:00-04:00,536.98,537.13,536.74,536.99,52664.0,536.953,404
2025-06-24 10:00:00-04:00,536.94,537.3,536.84,537.22,98074.0,537.109,588
2025-06-24 10:01:00-04:00,537.2,537.48,537.14,537.23,88479.0,537.321,594
2025-06-24 10:02:00-04:00,537.23,537.24,536.94,537.1,83539.0,537.07,618
2025-06-24 10:03:00-04:00,537.11,537.18,536.86,537.14,63900.0,537.062,484
2025-06-24 10:04:00-04:00,537.13,537.35,537.13,537.31,65110.0,537.262,495
2025-06-24 10:05:00-04:00,537.31,537.5,537.29,537.33,118642.0,537.405,708
2025-06-24 10:06:00-04:00,537.34,537.41,537.25,537.27,67703.0,537.333,434
2025-06-24 10:07:00-04:00,537.3,537.49,537.19,537.4,44427.0,537.35,320
2025-06-24 10:08:00-04:00,537.41,537.41,536.43,536.55,221236.0,536.816,1623
2025-06-24 10:09:00-04:00,536.55,537.06,536.5,537.0,67673.0,536.76,506
2025-06-24 10:10:00-04:00,537.02,537.03,536.79,536.95,78313.0,536.907,516
2025-06-24 10:11:00-04:00,536.98,537.04,536.79,537.01,255794.0,536.989,478
2025-06-24 10:12:00-04:00,537.0,537.16,536.86,536.97,53906.0,537.009,415
2025-06-24 10:13:00-04:00,536.96,537.17,536.93,537.16,48023.0,537.042,380
2025-06-24 10:14:00-04:00,537.16,537.22,537.0,537.07,49605.0,537.131,313
2025-06-24 10:15:00-04:00,537.07,537.41,537.03,537.36,86851.0,537.27,576
2025-06-24 10:16:00-04:00,537.35,537.4,537.15,537.29,172110.0,537.311,582
2025-06-24 10:17:00-04:00,537.29,537.62,537.28,537.61,104224.0,537.463,604
2025-06-24 10:18:00-04:00,537.63,537.83,537.36,537.65,151520.0,537.701,1106
2025-06-24 10:19:00-04:00,537.68,537.71,537.46,537.56,73565.0,537.568,462
2025-06-24 10:20:00-04:00,537.58,537.7,537.45,537.58,113138.0,537.594,729
2025-06-24 10:21:00-04:00,537.59,537.64,537.49,537.6,109633.0,537.604,668
2025-06-24 10:22:00-04:00,537.6,537.7,537.57,537.7,70885.0,537.632,421
2025-06-24 10:23:00-04:00,537.71,537.75,537.4,537.47,71880.0,537.559,508
2025-06-24 10:24:00-04:00,537.47,537.62,537.42,537.58,48836.0,537.527,319
2025-06-24 10:25:00-04:00,537.57,537.79,537.48,537.75,123358.0,537.715,591
2025-06-24 10:26:00-04:00,537.77,537.79,537.54,537.65,62876.0,537.641,409
2025-06-24 10:27:00-04:00,537.64,537.66,537.53,537.55,41077.0,537.602,215
2025-06-24 10:28:00-04:00,537.56,537.56,537.11,537.39,80737.0,537.297,516
2025-06-24 10:29:00-04:00,537.36,537.5,537.32,537.4,86041.0,537.38,535
2025-06-24 10:30:00-04:00,537.41,537.58,537.37,537.51,78162.0,537.468,557
2025-06-24 10:31:00-04:00,537.49,537.63,537.43,537.6,39851.0,537.538,338
2025-06-24 10:32:00-04:00,537.62,537.72,537.53,537.72,37482.0,537.639,285
2025-06-24 10:33:00-04:00,537.71,537.78,537.63,537.78,73461.0,537.7,472
2025-06-24 10:34:00-04:00,537.79,537.88,537.79,537.84,101006.0,537.838,625
2025-06-24 10:35:00-04:00,537.82,537.91,537.68,537.81,94995.0,537.803,582
2025-06-24 10:36:00-04:00,537.81,537.83,537.68,537.72,83658.0,537.744,647
2025-06-24 10:37:00-04:00,537.71,537.75,537.67,537.69,74483.0,537.71,536
2025-06-24 10:38:00-04:00,537.68,537.68,537.49,537.51,82828.0,537.576,595
2025-06-24 10:39:00-04:00,537.5,537.64,537.47,537.61,60579.0,537.57,375
2025-06-24 10:40:00-04:00,537.6,537.85,537.55,537.85,64573.0,537.681,383
2025-06-24 10:41:00-04:00,537.85,538.08,537.84,538.01,139718.0,537.99,622
2025-06-24 10:42:00-04:00,538.01,538.14,538.01,538.14,134275.0,538.079,822
2025-06-24 10:43:00-04:00,538.14,538.16,538.04,538.12,60564.0,538.1,379
2025-06-24 10:44:00-04:00,538.12,538.19,538.1,538.12,58580.0,538.142,355
2025-06-24 10:45:00-04:00,538.13,538.19,537.98,538.03,63226.0,538.107,386
2025-06-24 10:46:00-04:00,538.05,538.17,537.99,538.01,105718.0,538.095,645
2025-06-24 10:47:00-04:00,538.01,538.04,537.92,537.96,82778.0,537.984,482
2025-06-24 10:48:00-04:00,537.95,538.16,537.95,538.04,82202.0,538.02,483
2025-06-24 10:49:00-04:00,538.07,538.08,537.81,537.94,62041.0,537.932,441
2025-06-24 10:50:00-04:00,537.92,538.03,537.68,537.69,34487.0,537.885,253
2025-06-24 10:51:00-04:00,537.7,537.89,537.66,537.85,40187.0,537.791,284
2025-06-24 10:52:00-04:00,537.85,537.87,537.73,537.8,66240.0,537.797,298
2025-06-24 10:53:00-04:00,537.79,538.03,537.73,537.99,50924.0,537.908,338
2025-06-24 10:54:00-04:00,537.99,538.02,537.92,537.99,42503.0,537.975,235
2025-06-24 10:55:00-04:00,537.99,538.08,537.93,537.99,33481.0,537.987,264
2025-06-24 10:56:00-04:00,537.95,537.98,537.79,537.89,37758.0,537.876,296
2025-06-24 10:57:00-04:00,537.89,537.92,537.78,537.79,39215.0,537.852,265
2025-06-24 10:58:00-04:00,537.8,537.83,537.62,537.82,71569.0,537.715,461
2025-06-24 10:59:00-04:00,537.81,537.81,537.23,537.59,233508.0,537.471,1796
2025-06-24 11:00:00-04:00,537.6,538.05,537.56,537.91,129972.0,537.909,864
2025-06-24 11:01:00-04:00,537.92,538.06,537.91,537.94,90003.0,537.976,494
2025-06-24 11:02:00-04:00,537.94,538.36,537.94,538.29,130850.0,538.217,769
2025-06-24 11:03:00-04:00,538.3,538.41,538.26,538.38,105076.0,538.329,598
2025-06-24 11:04:00-04:00,538.38,538.39,538.14,538.26,59111.0,538.244,425
2025-06-24 11:05:00-04:00,538.27,538.34,538.19,538.2,110446.0,538.28,606
2025-06-24 11:06:00-04:00,538.21,538.28,538.16,538.23,66523.0,538.229,386
2025-06-24 11:07:00-04:00,538.22,538.64,538.07,538.28,200057.0,538.365,1455
2025-06-24 11:08:00-04:00,538.28,538.37,538.12,538.13,74352.0,538.217,509
2025-06-24 11:09:00-04:00,538.13,538.24,538.08,538.22,60618.0,538.16,459
2025-06-24 11:10:00-04:00,538.24,538.4,538.21,538.33,61967.0,538.299,386
2025-06-24 11:11:00-04:00,538.34,538.55,538.32,538.44,50861.0,538.453,394
2025-06-24 11:12:00-04:00,538.45,538.57,538.45,538.53,49106.0,538.513,309
2025-06-24 11:13:00-04:00,538.52,538.59,538.48,538.51,42269.0,538.54,244
2025-06-24 11:14:00-04:00,538.5,538.6,538.48,538.52,41118.0,538.549,240
2025-06-24 11:15:00-04:00,538.49,538.59,538.49,538.53,51987.0,538.544,392
2025-06-24 11:16:00-04:00,538.53,538.56,538.38,538.45,62633.0,538.446,401
2025-06-24 11:17:00-04:00,538.45,538.56,538.43,538.51,59905.0,538.505,418
2025-06-24 11:18:00-04:00,538.51,538.55,538.39,538.47,31975.0,538.476,231
2025-06-24 11:19:00-04:00,538.48,538.5,538.39,538.41,53262.0,538.449,324
2025-06-24 11:20:00-04:00,538.41,538.5,538.35,538.47,49903.0,538.424,390
2025-06-24 11:21:00-04:00,538.48,538.54,538.42,538.44,35066.0,538.497,258
2025-06-24 11:22:00-04:00,538.45,538.63,538.44,538.62,23790.0,538.557,163
2025-06-24 11:23:00-04:00,538.63,538.9,538.61,538.88,106802.0,538.765,542
2025-06-24 11:24:00-04:00,538.88,538.89,538.74,538.76,55591.0,538.821,350
2025-06-24 11:25:00-04:00,538.75,538.84,538.72,538.84,40125.0,538.771,287
2025-06-24 11:26:00-04:00,538.84,538.91,538.72,538.78,78549.0,538.804,371
2025-06-24 11:27:00-04:00,538.78,538.9,538.73,538.88,56467.0,538.816,359
2025-06-24 11:28:00-04:00,538.88,538.94,538.81,538.85,51400.0,538.872,358
2025-06-24 11:29:00-04:00,538.86,538.97,538.82,538.96,42364.0,538.885,284
2025-06-24 11:30:00-04:00,538.97,539.01,538.8,538.81,70202.0,538.917,449
2025-06-24 11:31:00-04:00,538.81,538.89,538.75,538.77,54006.0,538.828,324
2025-06-24 11:32:00-04:00,538.77,538.85,538.72,538.84,26023.0,538.781,170
2025-06-24 11:33:00-04:00,538.84,538.95,538.79,538.89,56171.0,538.88,386
2025-06-24 11:34:00-04:00,538.89,539.01,538.87,538.91,63048.0,538.934,341
2025-06-24 11:35:00-04:00,538.91,538.95,538.84,538.93,27107.0,538.899,223
2025-06-24 11:36:00-04:00,538.94,539.04,538.92,538.97,68076.0,538.987,375
2025-06-24 11:37:00-04:00,538.98,539.15,538.97,539.09,54601.0,539.072,257
2025-06-24 11:38:00-04:00,539.1,539.19,539.09,539.15,48346.0,539.14,329
2025-06-24 11:39:00-04:00,539.15,539.18,539.1,539.11,57961.0,539.146,261
2025-06-24 11:40:00-04:00,539.11,539.19,539.08,539.17,37591.0,539.146,227
2025-06-24 11:41:00-04:00,539.16,539.2,538.88,538.92,96481.0,539.051,625
2025-06-24 11:42:00-04:00,538.92,539.08,538.91,539.05,35141.0,539.004,283
2025-06-24 11:43:00-04:00,539.05,539.1,538.99,539.1,35626.0,539.043,243
2025-06-24 11:44:00-04:00,539.1,539.17,539.08,539.12,44753.0,539.119,274
2025-06-24 11:45:00-04:00,539.11,539.15,539.06,539.1,48593.0,539.098,319
2025-06-24 11:46:00-04:00,539.11,539.23,539.07,539.08,69067.0,539.143,404
2025-06-24 11:47:00-04:00,539.07,539.11,538.96,539.1,63273.0,539.037,393
2025-06-24 11:48:00-04:00,539.1,539.18,539.08,539.11,42582.0,539.135,289
2025-06-24 11:49:00-04:00,539.1,539.3,539.09,539.29,50490.0,539.221,357
2025-06-24 11:50:00-04:00,539.28,539.29,539.14,539.2,65906.0,539.183,384
2025-06-24 11:51:00-04:00,539.21,539.23,539.13,539.17,59397.0,539.164,335
2025-06-24 11:52:00-04:00,539.17,539.22,539.03,539.03,43944.0,539.126,273
2025-06-24 11:53:00-04:00,539.02,539.04,538.84,538.85,77580.0,538.921,349
2025-06-24 11:54:00-04:00,538.84,538.98,538.77,538.88,85725.0,538.861,410
2025-06-24 11:55:00-04:00,538.88,538.97,538.8,538.93,42039.0,538.889,253
2025-06-24 11:56:00-04:00,538.93,539.05,538.78,538.79,97438.0,538.959,579
2025-06-24 11:57:00-04:00,538.77,538.79,538.7,538.75,73123.0,538.755,526
2025-06-24 11:58:00-04:00,538.76,538.76,538.61,538.64,60836.0,538.678,418
2025-06-24 11:59:00-04:00,538.63,538.77,538.62,538.69,59739.0,538.707,344
2025-06-24 12:00:00-04:00,538.69,538.78,538.64,538.69,107466.0,538.715,509
2025-06-24 12:01:00-04:00,538.69,538.72,538.58,538.67,53301.0,538.64,337
2025-06-24 12:02:00-04:00,538.67,538.8,538.65,538.75,64333.0,538.731,440
2025-06-24 12:03:00-04:00,538.77,538.97,538.77,538.95,56873.0,538.882,331
2025-06-24 12:04:00-04:00,538.96,539.07,538.96,539.07,35295.0,539.019,239
2025-06-24 12:05:00-04:00,539.06,539.09,538.92,538.97,80547.0,539.033,460
2025-06-24 12:06:00-04:00,538.96,539.04,538.96,539.02,57608.0,539.007,303
2025-06-24 12:07:00-04:00,539.01,539.13,538.98,538.99,51013.0,539.064,272
2025-06-24 12:08:00-04:00,538.97,539.03,538.88,538.94,58942.0,538.937,346
2025-06-24 12:09:00-04:00,538.93,538.96,538.87,538.9,38297.0,538.917,238
2025-06-24 12:10:00-04:00,538.9,539.06,538.8,539.03,35123.0,538.921,270
2025-06-24 12:11:00-04:00,539.04,539.04,538.92,539.03,40036.0,538.991,258
2025-06-24 12:12:00-04:00,539.0,539.04,538.9,538.91,31735.0,538.97,218
2025-06-24 12:13:00-04:00,538.89,538.92,538.77,538.86,33302.0,538.846,208
2025-06-24 12:14:00-04:00,538.84,538.96,538.78,538.95,27733.0,538.876,162
2025-06-24 12:15:00-04:00,538.95,539.02,538.91,539.0,26698.0,538.955,147
2025-06-24 12:16:00-04:00,539.01,539.09,539.01,539.01,69032.0,539.054,325
2025-06-24 12:17:00-04:00,539.02,539.09,539.01,539.09,31607.0,539.046,187
2025-06-24 12:18:00-04:00,539.09,539.16,539.04,539.12,53691.0,539.116,303
2025-06-24 12:19:00-04:00,539.13,539.18,539.01,539.02,35381.0,539.099,205
2025-06-24 12:20:00-04:00,539.03,539.06,538.97,538.98,41872.0,539.016,265
2025-06-24 12:21:00-04:00,538.98,539.03,538.89,539.03,36854.0,538.947,250
2025-06-24 12:22:00-04:00,539.02,539.24,539.02,539.21,62888.0,539.177,380
2025-06-24 12:23:00-04:00,539.21,539.22,539.09,539.12,22864.0,539.16,153
2025-06-24 12:24:00-04:00,539.12,539.19,539.07,539.19,35256.0,539.118,159
2025-06-24 12:25:00-04:00,539.19,539.22,539.13,539.17,58959.0,539.177,243
2025-06-24 12:26:00-04:00,539.16,539.48,539.14,539.48,101191.0,539.34,614
2025-06-24 12:27:00-04:00,539.49,539.5,539.35,539.4,103491.0,539.408,514
2025-06-24 12:28:00-04:00,539.41,539.47,539.33,539.46,36227.0,539.389,269
2025-06-24 12:29:00-04:00,539.45,539.49,539.39,539.39,53011.0,539.438,312
2025-06-24 12:30:00-04:00,539.38,539.42,539.33,539.4,74051.0,539.385,475
2025-06-24 12:31:00-04:00,539.41,539.48,539.39,539.48,56312.0,539.439,342
2025-06-24 12:32:00-04:00,539.49,539.54,539.37,539.47,54679.0,539.465,343
2025-06-24 12:33:00-04:00,539.47,539.47,539.38,539.42,29913.0,539.414,200
2025-06-24 12:34:00-04:00,539.43,539.47,539.38,539.42,40008.0,539.399,199
2025-06-24 12:35:00-04:00,539.42,539.55,539.41,539.54,33128.0,539.49,204
2025-06-24 12:36:00-04:00,539.54,539.57,539.46,539.56,40443.0,539.51,273
2025-06-24 12:37:00-04:00,539.55,539.59,539.5,539.51,53158.0,539.549,246
2025-06-24 12:38:00-04:00,539.52,539.63,539.51,539.58,40387.0,539.586,237
2025-06-24 12:39:00-04:00,539.58,539.74,539.56,539.62,60777.0,539.657,457
2025-06-24 12:40:00-04:00,539.62,539.73,539.58,539.69,48015.0,539.646,331
2025-06-24 12:41:00-04:00,539.67,539.76,539.65,539.74,35046.0,539.701,244
2025-06-24 12:42:00-04:00,539.75,539.93,539.73,539.93,108670.0,539.818,551
2025-06-24 12:43:00-04:00,539.93,539.93,539.84,539.91,119543.0,539.886,434
2025-06-24 12:44:00-04:00,539.91,540.0,539.9,539.97,121746.0,539.968,617
2025-06-24 12:45:00-04:00,539.97,540.01,539.87,539.87,97504.0,539.965,527
2025-06-24 12:46:00-04:00,539.88,539.9,539.74,539.82,49248.0,539.802,322
2025-06-24 12:47:00-04:00,539.83,539.84,539.68,539.7,38839.0,539.734,201
2025-06-24 12:48:00-04:00,539.71,539.78,539.64,539.7,38849.0,539.702,202
2025-06-24 12:49:00-04:00,539.68,539.69,539.58,539.61,28070.0,539.625,182
2025-06-24 12:50:00-04:00,539.62,539.63,539.4,539.43,45999.0,539.478,265
2025-06-24 12:51:00-04:00,539.44,539.6,539.43,539.59,39196.0,539.545,196
2025-06-24 12:52:00-04:00,539.57,539.63,539.48,539.55,19381.0,539.54,115
2025-06-24 12:53:00-04:00,539.53,539.57,539.47,539.49,29228.0,539.507,202
2025-06-24 12:54:00-04:00,539.49,539.54,539.47,539.5,25088.0,539.504,129
2025-06-24 12:55:00-04:00,539.49,539.61,539.47,539.56,18197.0,539.566,131
2025-06-24 12:56:00-04:00,539.54,539.55,539.4,539.44,41883.0,539.476,288
2025-06-24 12:57:00-04:00,539.45,539.47,539.34,539.35,54521.0,539.4,323
2025-06-24 12:58:00-04:00,539.35,539.45,539.25,539.45,60611.0,539.359,293
2025-06-24 12:59:00-04:00,539.45,539.58,539.43,539.58,26340.0,539.53,137
2025-06-24 13:00:00-04:00,539.57,539.65,539.53,539.63,48886.0,539.577,209
2025-06-24 13:01:00-04:00,539.63,539.78,539.63,539.76,57258.0,539.719,284
2025-06-24 13:02:00-04:00,539.76,539.83,539.73,539.74,31506.0,539.775,205
2025-06-24 13:03:00-04:00,539.76,539.84,539.75,539.84,42125.0,539.805,173
2025-06-24 13:04:00-04:00,539.83,539.83,539.68,539.72,61182.0,539.766,264
2025-06-24 13:05:00-04:00,539.7,539.81,539.68,539.75,64367.0,539.754,235
2025-06-24 13:06:00-04:00,539.75,539.75,539.56,539.56,63683.0,539.634,358
2025-06-24 13:07:00-04:00,539.56,539.65,539.47,539.59,53401.0,539.553,296
2025-06-24 13:08:00-04:00,539.58,539.69,539.57,539.6,34825.0,539.637,226
2025-06-24 13:09:00-04:00,539.59,539.6,539.43,539.51,30803.0,539.486,174
2025-06-24 13:10:00-04:00,539.5,539.63,539.46,539.61,44151.0,539.526,142
2025-06-24 13:11:00-04:00,539.61,539.66,539.58,539.65,17364.0,539.626,95
2025-06-24 13:12:00-04:00,539.64,539.72,539.62,539.69,23190.0,539.676,124
2025-06-24 13:13:00-04:00,539.7,539.71,539.64,539.65,14414.0,539.672,98
2025-06-24 13:14:00-04:00,539.65,539.76,539.65,539.68,39892.0,539.696,279
2025-06-24 13:15:00-04:00,539.67,539.79,539.62,539.7,35165.0,539.701,170
2025-06-24 13:16:00-04:00,539.71,539.78,539.7,539.75,32378.0,539.739,210
2025-06-24 13:17:00-04:00,539.76,539.92,539.76,539.79,56045.0,539.838,242
2025-06-24 13:18:00-04:00,539.8,539.86,539.72,539.75,19384.0,539.779,119
2025-06-24 13:19:00-04:00,539.75,539.76,539.64,539.7,37837.0,539.694,180
2025-06-24 13:20:00-04:00,539.71,539.76,539.26,539.54,121185.0,539.57,989
2025-06-24 13:21:00-04:00,539.54,539.69,539.11,539.14,148741.0,539.369,963
2025-06-24 13:22:00-04:00,539.14,539.3,539.14,539.26,52369.0,539.239,341
2025-06-24 13:23:00-04:00,539.27,539.36,539.18,539.32,52018.0,539.285,365
2025-06-24 13:24:00-04:00,539.3,539.31,539.21,539.27,39681.0,539.264,254
2025-06-24 13:25:00-04:00,539.28,539.3,539.19,539.26,33324.0,539.243,228
2025-06-24 13:26:00-04:00,539.26,539.47,539.26,539.47,47299.0,539.364,266
2025-06-24 13:27:00-04:00,539.46,539.49,539.37,539.39,36388.0,539.439,230
2025-06-24 13:28:00-04:00,539.4,539.45,539.33,539.37,15321.0,539.401,115
2025-06-24 13:29:00-04:00,539.37,539.39,539.25,539.29,37720.0,539.301,222
2025-06-24 13:30:00-04:00,539.3,539.47,539.28,539.45,30990.0,539.389,223
2025-06-24 13:31:00-04:00,539.44,539.68,539.42,539.67,54212.0,539.564,324
2025-06-24 13:32:00-04:00,539.69,539.72,539.6,539.65,32926.0,539.653,217
2025-06-24 13:33:00-04:00,539.65,539.67,539.58,539.65,16948.0,539.618,127
2025-06-24 13:34:00-04:00,539.64,539.68,539.58,539.59,15319.0,539.611,100
2025-06-24 13:35:00-04:00,539.58,539.58,539.47,539.5,30705.0,539.515,185
2025-06-24 13:36:00-04:00,539.51,539.59,539.49,539.53,22411.0,539.544,127
2025-06-24 13:37:00-04:00,539.52,539.66,539.52,539.62,29024.0,539.619,182
2025-06-24 13:38:00-04:00,539.63,539.63,539.49,539.54,17182.0,539.538,121
2025-06-24 13:39:00-04:00,539.51,539.59,539.45,539.59,22779.0,539.524,159
2025-06-24 13:40:00-04:00,539.59,539.72,539.57,539.72,22428.0,539.636,161
2025-06-24 13:41:00-04:00,539.71,539.81,539.7,539.75,78422.0,539.763,356
2025-06-24 13:42:00-04:00,539.74,539.78,539.7,539.77,15245.0,539.753,94
2025-06-24 13:43:00-04:00,539.8,539.89,539.78,539.88,34680.0,539.848,199
2025-06-24 13:44:00-04:00,539.9,540.02,539.84,539.87,74596.0,539.952,384
2025-06-24 13:45:00-04:00,539.87,539.88,539.79,539.79,25063.0,539.833,166
2025-06-24 13:46:00-04:00,539.78,539.88,539.76,539.81,27565.0,539.817,165
2025-06-24 13:47:00-04:00,539.81,540.01,539.77,539.99,62709.0,539.935,354
2025-06-24 13:48:00-04:00,540.01,540.16,539.99,540.08,61200.0,540.062,319
2025-06-24 13:49:00-04:00,540.09,540.13,540.02,540.05,29501.0,540.076,157
2025-06-24 13:50:00-04:00,540.06,540.06,539.94,539.99,87524.0,540.023,385
2025-06-24 13:51:00-04:00,539.99,540.08,539.97,540.08,38426.0,540.017,217
2025-06-24 13:52:00-04:00,540.09,540.13,540.02,540.08,53167.0,540.067,218
2025-06-24 13:53:00-04:00,540.08,540.1,540.04,540.09,28005.0,540.067,115
2025-06-24 13:54:00-04:00,540.09,540.21,540.09,540.17,80241.0,540.156,465
2025-06-24 13:55:00-04:00,540.17,540.17,540.09,540.1,27302.0,540.128,131
2025-06-24 13:56:00-04:00,540.08,540.1,539.96,540.0,37727.0,540.014,223
2025-06-24 13:57:00-04:00,540.0,540.1,539.99,540.08,25667.0,540.053,148
2025-06-24 13:58:00-04:00,540.08,540.1,540.04,540.04,9295.0,540.059,72
2025-06-24 13:59:00-04:00,540.04,540.1,539.96,539.99,35793.0,540.041,220
2025-06-24 14:00:00-04:00,540.0,540.15,539.98,540.14,42642.0,540.094,286
2025-06-24 14:01:00-04:00,540.13,540.25,540.13,540.23,56668.0,540.201,288
2025-06-24 14:02:00-04:00,540.24,540.28,540.21,540.26,75515.0,540.244,364
2025-06-24 14:03:00-04:00,540.27,540.33,540.19,540.22,34242.0,540.258,227
2025-06-24 14:04:00-04:00,540.22,540.25,540.09,540.15,81142.0,540.156,353
2025-06-24 14:05:00-04:00,540.17,540.21,540.1,540.11,54472.0,540.171,233
2025-06-24 14:06:00-04:00,540.12,540.13,539.99,540.09,83524.0,540.08,492
2025-06-24 14:07:00-04:00,540.08,540.09,539.99,540.02,24979.0,540.04,157
2025-06-24 14:08:00-04:00,540.03,540.19,540.02,540.18,61885.0,540.116,284
2025-06-24 14:09:00-04:00,540.18,540.21,540.14,540.18,46140.0,540.17,217
2025-06-24 14:10:00-04:00,540.18,540.29,540.11,540.13,77196.0,540.202,361
2025-06-24 14:11:00-04:00,540.12,540.17,540.0,540.07,69073.0,540.112,242
2025-06-24 14:12:00-04:00,540.06,540.11,539.98,539.99,74621.0,540.068,354
2025-06-24 14:13:00-04:00,540.0,540.07,539.97,539.99,30636.0,540.027,148
2025-06-24 14:14:00-04:00,539.99,540.01,539.89,539.91,35960.0,539.953,217
2025-06-24 14:15:00-04:00,539.9,539.99,539.9,539.95,24511.0,539.938,145
2025-06-24 14:16:00-04:00,539.98,540.13,539.97,540.08,51963.0,540.064,257
2025-06-24 14:17:00-04:00,540.07,540.07,539.99,540.0,12303.0,540.035,91
2025-06-24 14:18:00-04:00,540.01,540.01,539.88,539.88,22722.0,539.928,133
2025-06-24 14:19:00-04:00,539.89,539.95,539.88,539.94,16732.0,539.927,104
2025-06-24 14:20:00-04:00,539.93,540.01,539.91,540.0,20366.0,539.96,120
2025-06-24 14:21:00-04:00,540.01,540.1,540.0,540.04,29383.0,540.045,142
2025-06-24 14:22:00-04:00,540.05,540.06,539.99,540.06,30748.0,540.018,108
2025-06-24 14:23:00-04:00,540.06,540.15,540.04,540.11,46686.0,540.093,166
2025-06-24 14:24:00-04:00,540.1,540.14,540.07,540.09,35704.0,540.107,119
2025-06-24 14:25:00-04:00,540.1,540.1,539.99,540.0,19652.0,540.053,100
2025-06-24 14:26:00-04:00,540.0,540.14,540.0,540.12,16070.0,540.075,105
2025-06-24 14:27:00-04:00,540.11,540.11,539.99,540.0,118061.0,540.053,373
2025-06-24 14:28:00-04:00,540.0,540.06,539.97,540.0,30672.0,540.001,184
2025-06-24 14:29:00-04:00,540.01,540.04,539.92,539.94,27119.0,539.964,114
2025-06-24 14:30:00-04:00,539.94,539.96,539.9,539.95,51501.0,539.939,260
2025-06-24 14:31:00-04:00,539.95,539.95,539.81,539.84,34544.0,539.861,194
2025-06-24 14:32:00-04:00,539.8,539.86,539.78,539.8,28762.0,539.82,150
2025-06-24 14:33:00-04:00,539.8,539.89,539.77,539.77,33256.0,539.832,167
2025-06-24 14:34:00-04:00,539.79,539.84,539.77,539.83,28677.0,539.803,167
2025-06-24 14:35:00-04:00,539.83,539.97,539.82,539.96,43506.0,539.897,266
2025-06-24 14:36:00-04:00,539.97,540.18,539.94,540.14,54338.0,540.089,359
2025-06-24 14:37:00-04:00,540.15,540.25,540.15,540.21,81685.0,540.21,351
2025-06-24 14:38:00-04:00,540.21,540.23,540.12,540.18,40090.0,540.189,181
2025-06-24 14:39:00-04:00,540.19,540.21,540.08,540.1,37478.0,540.124,161
2025-06-24 14:40:00-04:00,540.1,540.22,540.08,540.18,58966.0,540.168,266
2025-06-24 14:41:00-04:00,540.18,540.18,540.03,540.07,26600.0,540.094,179
2025-06-24 14:42:00-04:00,540.05,540.09,539.99,539.99,16195.0,540.032,108
2025-06-24 14:43:00-04:00,540.0,540.09,539.97,540.09,31978.0,540.04,155
2025-06-24 14:44:00-04:00,540.08,540.09,540.02,540.09,15424.0,540.051,95
2025-06-24 14:45:00-04:00,540.09,540.16,540.07,540.15,24058.0,540.101,109
2025-06-24 14:46:00-04:00,540.15,540.16,540.1,540.15,29305.0,540.129,137
2025-06-24 14:47:00-04:00,540.14,540.17,540.1,540.1,38694.0,540.131,168
2025-06-24 14:48:00-04:00,540.1,540.17,540.07,540.08,108923.0,540.118,287
2025-06-24 14:49:00-04:00,540.08,540.08,539.96,540.01,75652.0,540.004,283
2025-06-24 14:50:00-04:00,540.01,540.08,539.96,540.02,25777.0,540.028,143
2025-06-24 14:51:00-04:00,540.05,540.06,539.95,540.03,38631.0,540.006,283
2025-06-24 14:52:00-04:00,540.02,540.03,539.97,540.0,39115.0,539.999,199
2025-06-24 14:53:00-04:00,539.99,540.06,539.9,540.05,98722.0,539.964,342
2025-06-24 14:54:00-04:00,540.05,540.08,539.93,539.98,42701.0,540.023,219
2025-06-24 14:55:00-04:00,539.98,539.99,539.9,539.93,32942.0,539.929,209
2025-06-24 14:56:00-04:00,539.92,540.08,539.89,540.07,60200.0,539.988,262
2025-06-24 14:57:00-04:00,540.08,540.21,540.06,540.2,43936.0,540.136,281
2025-06-24 14:58:00-04:00,540.2,540.2,540.14,540.16,51863.0,540.172,220
2025-06-24 14:59:00-04:00,540.15,540.22,540.13,540.18,63253.0,540.172,300
2025-06-24 15:00:00-04:00,540.17,540.37,540.16,540.32,79589.0,540.294,465
2025-06-24 15:01:00-04:00,540.32,540.42,540.31,540.41,60107.0,540.355,376
2025-06-24 15:02:00-04:00,540.41,540.51,540.36,540.5,154835.0,540.441,697
2025-06-24 15:03:00-04:00,540.5,540.57,540.44,540.46,155379.0,540.511,836
2025-06-24 15:04:00-04:00,540.45,540.51,540.39,540.5,83764.0,540.455,434
2025-06-24 15:05:00-04:00,540.48,540.54,540.38,540.41,45484.0,540.459,263
2025-06-24 15:06:00-04:00,540.41,540.7,540.41,540.65,130244.0,540.572,754
2025-06-24 15:07:00-04:00,540.65,540.68,540.56,540.59,57693.0,540.619,375
2025-06-24 15:08:00-04:00,540.58,540.64,540.58,540.61,41691.0,540.607,293
2025-06-24 15:09:00-04:00,540.62,540.63,540.55,540.58,43899.0,540.582,300
2025-06-24 15:10:00-04:00,540.57,540.57,540.45,540.46,71103.0,540.49,394
2025-06-24 15:11:00-04:00,540.46,540.46,540.32,540.37,55398.0,540.391,336
2025-06-24 15:12:00-04:00,540.37,540.41,540.29,540.31,42250.0,540.345,263
2025-06-24 15:13:00-04:00,540.31,540.36,540.28,540.36,84926.0,540.333,511
2025-06-24 15:14:00-04:00,540.36,540.39,540.31,540.38,38617.0,540.369,255
2025-06-24 15:15:00-04:00,540.38,540.4,540.32,540.39,47491.0,540.354,277
2025-06-24 15:16:00-04:00,540.39,540.42,540.34,540.38,52949.0,540.373,342
2025-06-24 15:17:00-04:00,540.38,540.45,540.35,540.45,25219.0,540.4,179
2025-06-24 15:18:00-04:00,540.42,540.43,540.3,540.3,79043.0,540.353,411
2025-06-24 15:19:00-04:00,540.3,540.34,540.27,540.29,43560.0,540.302,241
2025-06-24 15:20:00-04:00,540.28,540.4,540.25,540.38,51222.0,540.33,301
2025-06-24 15:21:00-04:00,540.38,540.38,540.25,540.26,32607.0,540.302,181
2025-06-24 15:22:00-04:00,540.27,540.34,540.25,540.33,22042.0,540.304,137
2025-06-24 15:23:00-04:00,540.34,540.41,540.28,540.32,30224.0,540.33,195
2025-06-24 15:24:00-04:00,540.33,540.36,540.31,540.31,17695.0,540.333,138
2025-06-24 15:25:00-04:00,540.31,540.37,540.27,540.29,53228.0,540.322,337
2025-06-24 15:26:00-04:00,540.28,540.31,540.21,540.24,53730.0,540.268,332
2025-06-24 15:27:00-04:00,540.24,540.25,540.16,540.21,65196.0,540.198,372
2025-06-24 15:28:00-04:00,540.22,540.23,540.08,540.13,106803.0,540.142,571
2025-06-24 15:29:00-04:00,540.12,540.14,540.07,540.09,84996.0,540.116,256
2025-06-24 15:30:00-04:00,540.08,540.18,539.99,540.1,134934.0,540.075,593
2025-06-24 15:31:00-04:00,540.09,540.25,540.04,540.24,90796.0,540.153,555
2025-06-24 15:32:00-04:00,540.24,540.38,540.21,540.33,74985.0,540.306,558
2025-06-24 15:33:00-04:00,540.33,540.36,540.22,540.24,78135.0,540.275,339
2025-06-24 15:34:00-04:00,540.24,540.28,540.14,540.15,34904.0,540.215,218
2025-06-24 15:35:00-04:00,540.14,540.2,540.11,540.12,76615.0,540.16,404
2025-06-24 15:36:00-04:00,540.13,540.23,540.13,540.22,368663.0,540.221,277
2025-06-24 15:37:00-04:00,540.21,540.24,540.15,540.16,61402.0,540.178,295
2025-06-24 15:38:00-04:00,540.16,540.17,540.05,540.16,82838.0,540.128,419
2025-06-24 15:39:00-04:00,540.15,540.22,540.08,540.09,107101.0,540.15,591
2025-06-24 15:40:00-04:00,540.09,540.16,540.01,540.1,121571.0,540.088,772
2025-06-24 15:41:00-04:00,540.1,540.12,540.04,540.06,52410.0,540.082,362
2025-06-24 15:42:00-04:00,540.07,540.09,540.0,540.06,115575.0,540.042,645
2025-06-24 15:43:00-04:00,540.06,540.11,539.96,540.06,86778.0,540.032,475
2025-06-24 15:44:00-04:00,540.05,540.1,540.03,540.03,37257.0,540.058,219
2025-06-24 15:45:00-04:00,540.04,540.05,539.87,539.88,83564.0,539.98,482
2025-06-24 15:46:00-04:00,539.87,540.04,539.84,540.02,76789.0,539.911,493
2025-06-24 15:47:00-04:00,540.02,540.13,540.0,540.12,78903.0,540.055,457
2025-06-24 15:48:00-04:00,540.12,540.27,540.12,540.18,109249.0,540.21,500
2025-06-24 15:49:00-04:00,540.18,540.25,540.17,540.23,98380.0,540.2,584
2025-06-24 15:50:00-04:00,540.23,540.32,540.02,540.03,251437.0,540.145,1607
2025-06-24 15:51:00-04:00,540.03,540.08,539.93,539.97,123777.0,539.987,714
2025-06-24 15:52:00-04:00,539.96,540.14,539.9,540.11,91708.0,540.01,650
2025-06-24 15:53:00-04:00,540.1,540.24,540.08,540.09,153705.0,540.15,874
2025-06-24 15:54:00-04:00,540.08,540.22,540.01,540.04,225096.0,540.127,1306
2025-06-24 15:55:00-04:00,540.03,540.05,539.83,539.9,200904.0,539.938,1337
2025-06-24 15:56:00-04:00,539.9,539.96,539.79,539.8,150451.0,539.883,877
2025-06-24 15:57:00-04:00,539.8,540.11,539.8,540.1,276694.0,540.03,1358
2025-06-24 15:58:00-04:00,540.09,540.09,539.95,540.01,182494.0,540.018,1010
2025-06-24 15:59:00-04:00,540.02,540.07,539.73,539.74,846771.0,539.908,4453
2025-06-25 09:30:00-04:00,542.06,542.75,541.94,542.48,565705.0,542.234,2486
2025-06-25 09:31:00-04:00,542.48,542.79,542.35,542.54,182957.0,542.612,1234
2025-06-25 09:32:00-04:00,542.55,542.78,542.34,542.34,169052.0,542.554,1201
2025-06-25 09:33:00-04:00,542.35,542.52,542.01,542.44,134513.0,542.293,1006
2025-06-25 09:34:00-04:00,542.41,542.6,542.24,542.52,178074.0,542.402,1368
2025-06-25 09:35:00-04:00,542.51,542.82,542.51,542.71,275888.0,542.655,2092
2025-06-25 09:36:00-04:00,542.71,542.98,542.6,542.94,291810.0,542.776,2324
2025-06-25 09:37:00-04:00,542.95,542.98,542.74,542.85,296050.0,542.839,2250
2025-06-25 09:38:00-04:00,542.86,543.01,542.75,542.81,263054.0,542.903,2003
2025-06-25 09:39:00-04:00,542.82,543.12,542.78,543.11,253341.0,542.978,1932
2025-06-25 09:40:00-04:00,543.11,543.22,542.98,543.09,308196.0,543.111,2350
2025-06-25 09:41:00-04:00,543.09,543.17,542.8,542.88,205882.0,543.008,1690
2025-06-25 09:42:00-04:00,542.88,543.13,542.88,543.06,199917.0,543.01,1371
2025-06-25 09:43:00-04:00,543.07,543.28,543.04,543.23,226849.0,543.153,1645
2025-06-25 09:44:00-04:00,543.24,543.31,543.02,543.08,203676.0,543.188,1529
2025-06-25 09:45:00-04:00,543.08,543.24,543.06,543.12,167977.0,543.156,1237
2025-06-25 09:46:00-04:00,543.12,543.2,543.02,543.06,149262.0,543.093,1233
2025-06-25 09:47:00-04:00,543.06,543.06,542.72,542.92,198401.0,542.847,1556
2025-06-25 09:48:00-04:00,542.91,542.92,542.65,542.7,131219.0,542.769,1069
2025-06-25 09:49:00-04:00,542.71,542.75,542.49,542.49,172668.0,542.618,1261
2025-06-25 09:50:00-04:00,542.49,542.49,541.87,542.17,375037.0,542.153,2887
2025-06-25 09:51:00-04:00,542.17,542.18,541.93,542.1,199968.0,542.06,1541
2025-06-25 09:52:00-04:00,542.1,542.2,541.81,542.2,185667.0,542.024,1474
2025-06-25 09:53:00-04:00,542.19,542.48,542.18,542.39,276349.0,542.32,2044
2025-06-25 09:54:00-04:00,542.39,542.46,542.28,542.38,121233.0,542.385,951
2025-06-25 09:55:00-04:00,542.38,542.62,542.31,542.6,242437.0,542.462,1652
2025-06-25 09:56:00-04:00,542.6,542.81,542.56,542.75,146975.0,542.673,1133
2025-06-25 09:57:00-04:00,542.78,542.97,542.72,542.86,144511.0,542.869,932
2025-06-25 09:58:00-04:00,542.87,542.88,542.58,542.72,70774.0,542.705,522
2025-06-25 09:59:00-04:00,542.69,542.79,542.57,542.63,39609.0,542.677,312
2025-06-25 10:00:00-04:00,542.66,542.82,542.48,542.58,85096.0,542.638,563
2025-06-25 10:01:00-04:00,542.55,542.58,542.35,542.42,65110.0,542.442,449
2025-06-25 10:02:00-04:00,542.42,542.52,542.11,542.15,123833.0,542.282,798
2025-06-25 10:03:00-04:00,542.17,542.26,542.04,542.11,74229.0,542.151,528
2025-06-25 10:04:00-04:00,542.1,542.22,541.91,542.21,102175.0,542.036,585
2025-06-25 10:05:00-04:00,542.23,542.47,542.18,542.38,109398.0,542.339,753
2025-06-25 10:06:00-04:00,542.4,542.46,542.1,542.18,57420.0,542.284,393
2025-06-25 10:07:00-04:00,542.16,542.33,541.99,542.24,103748.0,542.199,822
2025-06-25 10:08:00-04:00,542.25,542.49,542.25,542.41,190881.0,542.395,1394
2025-06-25 10:09:00-04:00,542.41,542.41,542.01,542.07,185402.0,542.16,1390
2025-06-25 10:10:00-04:00,542.06,542.2,541.96,542.0,159251.0,542.064,1235
2025-06-25 10:11:00-04:00,542.0,542.05,541.65,541.89,191308.0,541.851,1438
2025-06-25 10:12:00-04:00,541.89,541.89,541.74,541.8,83118.0,541.808,630
2025-06-25 10:13:00-04:00,541.8,541.95,541.7,541.78,122042.0,541.817,947
2025-06-25 10:14:00-04:00,541.77,541.77,541.28,541.46,151903.0,541.487,1186
2025-06-25 10:15:00-04:00,541.47,541.68,541.3,541.34,226122.0,541.478,1682
2025-06-25 10:16:00-04:00,541.35,541.67,541.33,541.58,89192.0,541.512,680
2025-06-25 10:17:00-04:00,541.58,541.99,541.57,541.84,95911.0,541.787,757
2025-06-25 10:18:00-04:00,541.86,541.88,541.49,541.56,93561.0,541.619,701
2025-06-25 10:19:00-04:00,541.55,541.7,541.5,541.58,66564.0,541.586,518
2025-06-25 10:20:00-04:00,541.58,541.8,541.52,541.57,105599.0,541.675,844
2025-06-25 10:21:00-04:00,541.58,541.82,541.57,541.78,87487.0,541.707,679
2025-06-25 10:22:00-04:00,541.78,541.89,541.56,541.56,77185.0,541.744,557
2025-06-25 10:23:00-04:00,541.57,541.67,541.5,541.6,44576.0,541.584,350
2025-06-25 10:24:00-04:00,541.61,541.62,541.24,541.6,76430.0,541.415,577
2025-06-25 10:25:00-04:00,541.58,541.98,541.57,541.91,75826.0,541.807,612
2025-06-25 10:26:00-04:00,541.92,541.98,541.8,541.95,63657.0,541.895,503
2025-06-25 10:27:00-04:00,541.97,542.02,541.81,541.9,47601.0,541.94,302
2025-06-25 10:28:00-04:00,541.89,541.91,541.51,541.7,79401.0,541.725,609
2025-06-25 10:29:00-04:00,541.67,541.79,541.64,541.79,39272.0,541.728,327
2025-06-25 10:30:00-04:00,541.8,542.13,541.8,542.0,90568.0,541.965,666
2025-06-25 10:31:00-04:00,542.0,542.06,541.89,542.01,60041.0,541.967,481
2025-06-25 10:32:00-04:00,541.98,542.11,541.92,541.95,68529.0,542.034,594
2025-06-25 10:33:00-04:00,541.94,542.03,541.82,541.95,56554.0,541.924,459
2025-06-25 10:34:00-04:00,541.96,542.08,541.81,542.07,55683.0,541.936,398
2025-06-25 10:35:00-04:00,542.08,542.23,542.03,542.14,69515.0,542.156,547
2025-06-25 10:36:00-04:00,542.13,542.17,541.95,541.97,89335.0,542.044,802
2025-06-25 10:37:00-04:00,541.98,542.2,541.93,542.14,71313.0,542.116,570
2025-06-25 10:38:00-04:00,542.15,542.19,541.83,542.05,76110.0,542.007,642
2025-06-25 10:39:00-04:00,542.05,542.09,541.9,541.92,55972.0,541.987,338
2025-06-25 10:40:00-04:00,541.91,542.25,541.76,542.24,65328.0,541.993,516
2025-06-25 10:41:00-04:00,542.24,542.24,542.02,542.23,89723.0,542.149,653
2025-06-25 10:42:00-04:00,542.23,542.23,542.06,542.14,47561.0,542.13,379
2025-06-25 10:43:00-04:00,542.12,542.18,542.02,542.14,52336.0,542.099,431
2025-06-25 10:44:00-04:00,542.14,542.44,542.14,542.38,81796.0,542.324,615
2025-06-25 10:45:00-04:00,542.4,542.65,542.33,542.61,152679.0,542.516,885
2025-06-25 10:46:00-04:00,542.61,542.62,542.32,542.38,125494.0,542.519,684
2025-06-25 10:47:00-04:00,542.37,542.39,542.14,542.15,60226.0,542.258,474
2025-06-25 10:48:00-04:00,542.13,542.14,541.85,542.0,95509.0,541.987,558
2025-06-25 10:49:00-04:00,542.01,542.06,541.88,541.96,55698.0,541.961,377
2025-06-25 10:50:00-04:00,541.98,542.05,541.58,541.6,96968.0,541.743,748
2025-06-25 10:51:00-04:00,541.59,541.76,541.51,541.74,110736.0,541.651,617
2025-06-25 10:52:00-04:00,541.73,541.89,541.64,541.8,109080.0,541.805,495
2025-06-25 10:53:00-04:00,541.81,541.87,541.7,541.77,38576.0,541.787,280
2025-06-25 10:54:00-04:00,541.77,541.88,541.7,541.81,36080.0,541.803,238
2025-06-25 10:55:00-04:00,541.8,542.04,541.78,541.9,61967.0,541.94,452
2025-06-25 10:56:00-04:00,541.9,541.92,541.71,541.72,51274.0,541.784,277
2025-06-25 10:57:00-04:00,541.76,541.99,541.76,541.94,39344.0,541.893,257
2025-06-25 10:58:00-04:00,541.94,542.11,541.92,542.09,72970.0,542.039,393
2025-06-25 10:59:00-04:00,542.07,542.1,541.83,541.88,47840.0,541.968,291
2025-06-25 11:00:00-04:00,541.88,541.93,541.75,541.86,76307.0,541.842,393
2025-06-25 11:01:00-04:00,541.86,541.86,541.64,541.64,29788.0,541.774,251
2025-06-25 11:02:00-04:00,541.64,541.68,541.45,541.51,80274.0,541.596,485
2025-06-25 11:03:00-04:00,541.51,541.56,541.33,541.34,66212.0,541.442,493
2025-06-25 11:04:00-04:00,541.32,541.32,541.1,541.23,76906.0,541.228,524
2025-06-25 11:05:00-04:00,541.24,541.46,541.03,541.07,82166.0,541.279,548
2025-06-25 11:06:00-04:00,541.07,541.29,540.92,541.22,92276.0,541.102,619
2025-06-25 11:07:00-04:00,541.21,541.3,541.14,541.28,51351.0,541.221,250
2025-06-25 11:08:00-04:00,541.3,541.31,541.09,541.13,54367.0,541.157,412
2025-06-25 11:09:00-04:00,541.13,541.15,540.93,541.02,77672.0,541.023,489
2025-06-25 11:10:00-04:00,541.02,541.2,540.87,541.19,72086.0,541.029,478
2025-06-25 11:11:00-04:00,541.19,541.3,541.1,541.19,59769.0,541.196,421
2025-06-25 11:12:00-04:00,541.18,541.28,540.99,541.0,109387.0,541.176,487
2025-06-25 11:13:00-04:00,540.99,541.0,540.82,540.86,38951.0,540.893,247
2025-06-25 11:14:00-04:00,540.85,541.03,540.75,540.97,91841.0,540.907,589
2025-06-25 11:15:00-04:00,540.98,541.04,540.86,540.96,44377.0,540.962,317
2025-06-25 11:16:00-04:00,540.95,541.2,540.93,541.13,63673.0,541.124,375
2025-06-25 11:17:00-04:00,541.12,541.21,540.93,540.94,44749.0,541.083,304
2025-06-25 11:18:00-04:00,540.95,541.08,540.93,541.01,46704.0,541.015,282
2025-06-25 11:19:00-04:00,541.0,541.1,540.98,540.98,33978.0,541.038,169
2025-06-25 11:20:00-04:00,540.97,541.04,540.83,540.88,50728.0,540.933,359
2025-06-25 11:21:00-04:00,540.88,541.0,540.82,540.97,69779.0,540.903,392
2025-06-25 11:22:00-04:00,540.97,540.99,540.78,540.83,29666.0,540.862,192
2025-06-25 11:23:00-04:00,540.89,540.93,540.76,540.91,29630.0,540.86,183
2025-06-25 11:24:00-04:00,540.89,541.08,540.83,541.06,64191.0,541.018,473
2025-06-25 11:25:00-04:00,541.08,541.3,541.02,541.23,94190.0,541.192,647
2025-06-25 11:26:00-04:00,541.27,541.33,541.17,541.28,82455.0,541.281,508
2025-06-25 11:27:00-04:00,541.29,541.37,541.26,541.27,36111.0,541.322,221
2025-06-25 11:28:00-04:00,541.26,541.37,541.24,541.29,64485.0,541.302,302
2025-06-25 11:29:00-04:00,541.29,541.3,541.12,541.17,61306.0,541.204,263
2025-06-25 11:30:00-04:00,541.17,541.2,540.91,541.05,117245.0,541.012,605
2025-06-25 11:31:00-04:00,541.06,541.06,540.9,540.97,40680.0,540.958,200
2025-06-25 11:32:00-04:00,540.96,540.97,540.37,540.4,84180.0,540.668,601
2025-06-25 11:33:00-04:00,540.4,540.69,540.4,540.48,126261.0,540.605,727
2025-06-25 11:34:00-04:00,540.47,540.63,540.45,540.57,97368.0,540.548,488
2025-06-25 11:35:00-04:00,540.57,540.81,540.47,540.81,71696.0,540.691,541
2025-06-25 11:36:00-04:00,540.82,540.9,540.56,540.9,71025.0,540.736,492
2025-06-25 11:37:00-04:00,540.9,541.05,540.86,540.95,68799.0,540.954,384
2025-06-25 11:38:00-04:00,540.97,541.01,540.91,540.93,24228.0,540.964,163
2025-06-25 11:39:00-04:00,540.9,540.94,540.74,540.86,39207.0,540.833,242
2025-06-25 11:40:00-04:00,540.87,540.9,540.62,540.66,46244.0,540.744,334
2025-06-25 11:41:00-04:00,540.64,540.73,540.54,540.68,35255.0,540.636,239
2025-06-25 11:42:00-04:00,540.69,540.77,540.64,540.68,27027.0,540.715,207
2025-06-25 11:43:00-04:00,540.67,540.8,540.6,540.74,37367.0,540.711,225
2025-06-25 11:44:00-04:00,540.75,540.91,540.72,540.77,91715.0,540.827,579
2025-06-25 11:45:00-04:00,540.73,540.79,540.52,540.71,40887.0,540.632,279
2025-06-25 11:46:00-04:00,540.69,540.72,540.55,540.66,28310.0,540.616,202
2025-06-25 11:47:00-04:00,540.67,540.84,540.67,540.84,21008.0,540.762,170
2025-06-25 11:48:00-04:00,540.85,541.04,540.84,540.95,41966.0,540.922,286
2025-06-25 11:49:00-04:00,540.95,541.04,540.89,540.96,20233.0,540.959,164
2025-06-25 11:50:00-04:00,540.95,541.01,540.77,540.91,42787.0,540.909,289
2025-06-25 11:51:00-04:00,540.9,541.03,540.86,541.0,39283.0,540.971,283
2025-06-25 11:52:00-04:00,541.0,541.02,540.84,540.96,29322.0,540.956,229
2025-06-25 11:53:00-04:00,540.96,541.03,540.91,541.01,16042.0,540.993,119
2025-06-25 11:54:00-04:00,540.98,541.0,540.89,540.98,18329.0,540.958,139
2025-06-25 11:55:00-04:00,540.98,541.0,540.8,541.0,20969.0,540.911,171
2025-06-25 11:56:00-04:00,540.98,541.15,540.98,541.09,40218.0,541.089,308
2025-06-25 11:57:00-04:00,541.1,541.1,540.86,540.88,38681.0,540.953,228
2025-06-25 11:58:00-04:00,540.88,540.88,540.69,540.71,23115.0,540.773,152
2025-06-25 11:59:00-04:00,540.69,540.81,540.69,540.73,22516.0,540.753,160
2025-06-25 12:00:00-04:00,540.71,540.99,540.68,540.91,104520.0,540.87,539
2025-06-25 12:01:00-04:00,540.93,541.02,540.88,540.95,53763.0,540.96,408
2025-06-25 12:02:00-04:00,540.95,541.02,540.87,540.93,27431.0,540.966,169
2025-06-25 12:03:00-04:00,540.91,541.0,540.86,540.91,38839.0,540.916,204
2025-06-25 12:04:00-04:00,540.92,540.92,540.77,540.82,41131.0,540.862,185
2025-06-25 12:05:00-04:00,540.79,540.88,540.7,540.76,33564.0,540.791,232
2025-06-25 12:06:00-04:00,540.77,540.9,540.76,540.77,26497.0,540.832,192
2025-06-25 12:07:00-04:00,540.75,540.8,540.61,540.73,40059.0,540.729,232
2025-06-25 12:08:00-04:00,540.72,540.79,540.57,540.6,19165.0,540.702,151
2025-06-25 12:09:00-04:00,540.59,540.68,540.47,540.48,28955.0,540.56,183
2025-06-25 12:10:00-04:00,540.48,540.51,540.37,540.46,39254.0,540.443,307
2025-06-25 12:11:00-04:00,540.47,540.51,540.36,540.48,24355.0,540.457,173
2025-06-25 12:12:00-04:00,540.49,540.57,540.42,540.53,34474.0,540.486,256
2025-06-25 12:13:00-04:00,540.52,540.73,540.52,540.68,42507.0,540.635,233
2025-06-25 12:14:00-04:00,540.67,540.77,540.6,540.7,40886.0,540.69,214
2025-06-25 12:15:00-04:00,540.71,540.76,540.66,540.72,41783.0,540.711,242
2025-06-25 12:16:00-04:00,540.72,540.74,540.49,540.5,60177.0,540.633,378
2025-06-25 12:17:00-04:00,540.5,540.61,540.48,540.56,25682.0,540.549,171
2025-06-25 12:18:00-04:00,540.54,540.72,540.53,540.62,44984.0,540.64,271
2025-06-25 12:19:00-04:00,540.61,540.63,540.44,540.45,23878.0,540.531,163
2025-06-25 12:20:00-04:00,540.46,540.49,540.18,540.22,69786.0,540.305,449
2025-06-25 12:21:00-04:00,540.21,540.26,540.13,540.22,62173.0,540.208,313
2025-06-25 12:22:00-04:00,540.24,540.47,540.23,540.4,20994.0,540.359,161
2025-06-25 12:23:00-04:00,540.4,540.56,540.39,540.51,23972.0,540.506,181
2025-06-25 12:24:00-04:00,540.54,540.54,540.44,540.54,26580.0,540.519,165
2025-06-25 12:25:00-04:00,540.52,540.62,540.49,540.6,53556.0,540.543,335
2025-06-25 12:26:00-04:00,540.61,540.67,540.56,540.59,37147.0,540.615,238
2025-06-25 12:27:00-04:00,540.57,540.59,540.44,540.55,32401.0,540.508,208
2025-06-25 12:28:00-04:00,540.56,540.59,540.44,540.51,58837.0,540.512,340
2025-06-25 12:29:00-04:00,540.52,540.58,540.43,540.48,63632.0,540.503,357
2025-06-25 12:30:00-04:00,540.48,540.5,540.31,540.47,57706.0,540.418,359
2025-06-25 12:31:00-04:00,540.47,540.55,540.42,540.5,35025.0,540.483,240
2025-06-25 12:32:00-04:00,540.52,540.67,540.52,540.6,37586.0,540.59,277
2025-06-25 12:33:00-04:00,540.62,540.63,540.41,540.41,25711.0,540.493,202
2025-06-25 12:34:00-04:00,540.42,540.47,540.35,540.38,38385.0,540.393,233
2025-06-25 12:35:00-04:00,540.38,540.39,540.17,540.2,33438.0,540.278,266
2025-06-25 12:36:00-04:00,540.21,540.36,540.17,540.32,42609.0,540.281,228
2025-06-25 12:37:00-04:00,540.31,540.39,540.28,540.37,16684.0,540.347,104
2025-06-25 12:38:00-04:00,540.36,540.49,540.36,540.48,22196.0,540.451,168
2025-06-25 12:39:00-04:00,540.5,540.6,540.47,540.51,28712.0,540.524,203
2025-06-25 12:40:00-04:00,540.5,540.53,540.34,540.5,29495.0,540.442,201
2025-06-25 12:41:00-04:00,540.5,540.53,540.42,540.46,15094.0,540.477,108
2025-06-25 12:42:00-04:00,540.41,540.53,540.35,540.36,16932.0,540.433,133
2025-06-25 12:43:00-04:00,540.35,540.45,540.33,540.45,14698.0,540.379,108
2025-06-25 12:44:00-04:00,540.44,540.49,540.31,540.31,11351.0,540.395,107
2025-06-25 12:45:00-04:00,540.3,540.39,540.24,540.33,20492.0,540.314,148
2025-06-25 12:46:00-04:00,540.33,540.33,540.14,540.14,35121.0,540.207,230
2025-06-25 12:47:00-04:00,540.14,540.23,539.9,540.15,118632.0,540.068,782
2025-06-25 12:48:00-04:00,540.14,540.28,540.12,540.21,51265.0,540.191,359
2025-06-25 12:49:00-04:00,540.21,540.24,540.04,540.09,38702.0,540.107,266
2025-06-25 12:50:00-04:00,540.1,540.36,539.99,540.35,89838.0,540.182,583
2025-06-25 12:51:00-04:00,540.35,540.59,540.3,540.58,93549.0,540.449,581
2025-06-25 12:52:00-04:00,540.58,540.64,540.38,540.49,72083.0,540.52,405
2025-06-25 12:53:00-04:00,540.49,540.58,540.45,540.53,31703.0,540.516,193
2025-06-25 12:54:00-04:00,540.51,540.55,540.43,540.47,25246.0,540.5,191
2025-06-25 12:55:00-04:00,540.49,540.62,540.48,540.55,58728.0,540.56,382
2025-06-25 12:56:00-04:00,540.55,540.69,540.52,540.66,67343.0,540.625,454
2025-06-25 12:57:00-04:00,540.67,540.69,540.63,540.66,39781.0,540.659,258
2025-06-25 12:58:00-04:00,540.65,540.67,540.52,540.56,38022.0,540.605,234
2025-06-25 12:59:00-04:00,540.56,540.68,540.51,540.65,24303.0,540.615,184
2025-06-25 13:00:00-04:00,540.65,540.76,540.64,540.71,62706.0,540.703,395
2025-06-25 13:01:00-04:00,540.73,540.78,540.68,540.75,48013.0,540.736,280
2025-06-25 13:02:00-04:00,540.74,540.75,540.53,540.58,49407.0,540.639,238
2025-06-25 13:03:00-04:00,540.6,540.64,540.46,540.51,37577.0,540.529,224
2025-06-25 13:04:00-04:00,540.51,540.51,540.38,540.38,46380.0,540.448,261
2025-06-25 13:05:00-04:00,540.39,540.47,540.23,540.46,88312.0,540.333,591
2025-06-25 13:06:00-04:00,540.46,540.56,540.37,540.48,112058.0,540.473,766
2025-06-25 13:07:00-04:00,540.48,540.49,540.33,540.42,36471.0,540.41,260
2025-06-25 13:08:00-04:00,540.41,540.42,540.23,540.27,36405.0,540.309,307
2025-06-25 13:09:00-04:00,540.28,540.34,540.19,540.27,47803.0,540.24,390
2025-06-25 13:10:00-04:00,540.25,540.4,540.17,540.33,46391.0,540.319,370
2025-06-25 13:11:00-04:00,540.35,540.47,540.31,540.45,53913.0,540.41,443
2025-06-25 13:12:00-04:00,540.45,540.58,540.4,540.46,58241.0,540.487,444
2025-06-25 13:13:00-04:00,540.46,540.5,540.37,540.38,34418.0,540.437,248
2025-06-25 13:14:00-04:00,540.4,540.59,540.39,540.57,45338.0,540.528,325
2025-06-25 13:15:00-04:00,540.58,540.72,540.57,540.72,102353.0,540.652,817
2025-06-25 13:16:00-04:00,540.71,540.74,540.64,540.68,32071.0,540.695,222
2025-06-25 13:17:00-04:00,540.68,540.68,540.52,540.56,48803.0,540.582,266
2025-06-25 13:18:00-04:00,540.56,540.7,540.56,540.69,26693.0,540.648,200
2025-06-25 13:19:00-04:00,540.69,540.74,540.65,540.71,37023.0,540.712,247
2025-06-25 13:20:00-04:00,540.71,541.0,540.71,540.93,110835.0,540.877,712
2025-06-25 13:21:00-04:00,540.91,541.03,540.91,541.0,38954.0,540.976,253
2025-06-25 13:22:00-04:00,540.99,541.04,540.92,540.96,41006.0,540.993,291
2025-06-25 13:23:00-04:00,540.97,540.98,540.91,540.97,24179.0,540.945,157
2025-06-25 13:24:00-04:00,540.96,541.13,540.96,541.09,52595.0,541.077,354
2025-06-25 13:25:00-04:00,541.07,541.09,540.97,540.98,83608.0,541.03,431
2025-06-25 13:26:00-04:00,540.97,540.99,540.89,540.94,63140.0,540.942,393
2025-06-25 13:27:00-04:00,540.94,540.96,540.89,540.94,35618.0,540.921,219
2025-06-25 13:28:00-04:00,540.93,540.99,540.84,540.94,46890.0,540.91,321
2025-06-25 13:29:00-04:00,540.94,541.02,540.93,540.98,28358.0,540.984,184
2025-06-25 13:30:00-04:00,540.99,541.03,540.81,540.82,69489.0,540.928,508
2025-06-25 13:31:00-04:00,540.82,540.84,540.7,540.72,63932.0,540.778,359
2025-06-25 13:32:00-04:00,540.73,540.78,540.57,540.62,43640.0,540.683,284
2025-06-25 13:33:00-04:00,540.62,540.62,540.36,540.42,61493.0,540.454,406
2025-06-25 13:34:00-04:00,540.41,540.41,540.19,540.32,51925.0,540.284,358
2025-06-25 13:35:00-04:00,540.33,540.33,540.1,540.21,51102.0,540.235,333
2025-06-25 13:36:00-04:00,540.19,540.24,540.04,540.07,71235.0,540.138,422
2025-06-25 13:37:00-04:00,540.08,540.3,540.06,540.29,39423.0,540.214,246
2025-06-25 13:38:00-04:00,540.29,540.43,540.28,540.32,36413.0,540.352,230
2025-06-25 13:39:00-04:00,540.27,540.39,540.26,540.3,38787.0,540.331,152
2025-06-25 13:40:00-04:00,540.3,540.3,539.38,539.81,238293.0,539.803,1614
2025-06-25 13:41:00-04:00,539.8,539.82,539.53,539.74,90634.0,539.699,594
2025-06-25 13:42:00-04:00,539.74,540.05,539.69,539.97,107582.0,539.904,788
2025-06-25 13:43:00-04:00,539.98,540.06,539.89,540.04,55074.0,539.973,295
2025-06-25 13:44:00-04:00,540.03,540.09,539.93,539.98,26305.0,540.019,182
2025-06-25 13:45:00-04:00,540.0,540.23,539.9,540.16,70631.0,540.083,487
2025-06-25 13:46:00-04:00,540.17,540.31,540.11,540.29,50615.0,540.21,332
2025-06-25 13:47:00-04:00,540.27,540.33,540.19,540.24,50407.0,540.282,298
2025-06-25 13:48:00-04:00,540.22,540.26,540.04,540.12,50189.0,540.143,310
2025-06-25 13:49:00-04:00,540.13,540.22,540.12,540.19,32118.0,540.174,195
2025-06-25 13:50:00-04:00,540.2,540.44,540.16,540.38,98435.0,540.352,646
2025-06-25 13:51:00-04:00,540.4,540.48,540.31,540.35,60711.0,540.415,436
2025-06-25 13:52:00-04:00,540.33,540.41,540.27,540.27,29872.0,540.33,175
2025-06-25 13:53:00-04:00,540.27,540.27,540.0,540.01,55695.0,540.089,353
2025-06-25 13:54:00-04:00,540.03,540.1,539.88,540.02,77938.0,539.994,518
2025-06-25 13:55:00-04:00,540.02,540.02,539.8,539.84,35332.0,539.936,239
2025-06-25 13:56:00-04:00,539.86,540.0,539.85,539.94,48860.0,539.936,237
2025-06-25 13:57:00-04:00,539.97,539.97,539.72,539.9,44824.0,539.849,326
2025-06-25 13:58:00-04:00,539.92,539.92,539.81,539.83,20262.0,539.871,134
2025-06-25 13:59:00-04:00,539.86,539.98,539.83,539.92,41860.0,539.878,298
2025-06-25 14:00:00-04:00,539.93,540.03,539.73,539.74,81049.0,539.9,489
2025-06-25 14:01:00-04:00,539.75,539.91,539.69,539.73,70306.0,539.792,444
2025-06-25 14:02:00-04:00,539.74,539.91,539.73,539.9,40638.0,539.815,289
2025-06-25 14:03:00-04:00,539.94,539.98,539.81,539.97,39983.0,539.901,215
2025-06-25 14:04:00-04:00,539.95,540.14,539.94,540.1,73779.0,540.039,442
2025-06-25 14:05:00-04:00,540.1,540.2,539.99,540.01,30734.0,540.123,242
2025-06-25 14:06:00-04:00,540.01,540.1,539.95,539.95,25886.0,540.024,171
2025-06-25 14:07:00-04:00,539.97,540.09,539.96,540.04,39927.0,540.02,238
2025-06-25 14:08:00-04:00,540.05,540.07,539.83,539.94,61328.0,539.921,416
2025-06-25 14:09:00-04:00,539.95,540.0,539.9,539.98,22979.0,539.955,166
2025-06-25 14:10:00-04:00,539.98,540.13,539.93,540.11,76238.0,540.038,474
2025-06-25 14:11:00-04:00,540.1,540.15,540.05,540.1,21156.0,540.093,151
2025-06-25 14:12:00-04:00,540.1,540.22,540.07,540.2,54579.0,540.158,316
2025-06-25 14:13:00-04:00,540.2,540.22,540.11,540.12,55767.0,540.162,309
2025-06-25 14:14:00-04:00,540.11,540.15,540.04,540.1,38634.0,540.093,265
2025-06-25 14:15:00-04:00,540.1,540.18,540.07,540.1,17499.0,540.121,134
2025-06-25 14:16:00-04:00,540.1,540.26,540.08,540.19,21616.0,540.194,182
2025-06-25 14:17:00-04:00,540.21,540.21,540.04,540.13,21653.0,540.129,170
2025-06-25 14:18:00-04:00,540.12,540.24,540.08,540.19,20090.0,540.171,138
2025-06-25 14:19:00-04:00,540.19,540.2,540.06,540.18,33915.0,540.123,172
2025-06-25 14:20:00-04:00,540.18,540.27,540.1,540.22,36629.0,540.202,255
2025-06-25 14:21:00-04:00,540.25,540.3,540.16,540.19,22490.0,540.235,167
2025-06-25 14:22:00-04:00,540.18,540.33,540.17,540.29,23347.0,540.26,172
2025-06-25 14:23:00-04:00,540.29,540.34,540.22,540.27,31182.0,540.275,234
2025-06-25 14:24:00-04:00,540.27,540.34,540.2,540.21,23971.0,540.259,162
2025-06-25 14:25:00-04:00,540.21,540.26,540.09,540.16,34245.0,540.189,264
2025-06-25 14:26:00-04:00,540.17,540.33,540.13,540.27,17882.0,540.229,145
2025-06-25 14:27:00-04:00,540.26,540.3,540.24,540.27,12550.0,540.266,80
2025-06-25 14:28:00-04:00,540.28,540.37,540.21,540.35,23931.0,540.279,153
2025-06-25 14:29:00-04:00,540.36,540.46,540.25,540.32,54814.0,540.368,322
2025-06-25 14:30:00-04:00,540.31,540.35,540.12,540.14,48865.0,540.223,253
2025-06-25 14:31:00-04:00,540.14,540.14,539.96,539.99,70340.0,540.025,349
2025-06-25 14:32:00-04:00,540.0,540.06,539.91,540.0,37027.0,539.99,238
2025-06-25 14:33:00-04:00,540.01,540.08,539.94,540.02,37687.0,540.015,236
2025-06-25 14:34:00-04:00,540.01,540.16,539.97,540.11,54186.0,540.101,373
2025-06-25 14:35:00-04:00,540.11,540.15,540.01,540.07,37987.0,540.088,294
2025-06-25 14:36:00-04:00,540.07,540.14,540.01,540.11,21617.0,540.09,157
2025-06-25 14:37:00-04:00,540.1,540.16,540.08,540.14,30842.0,540.121,198
2025-06-25 14:38:00-04:00,540.16,540.19,540.06,540.14,32355.0,540.126,234
2025-06-25 14:39:00-04:00,540.13,540.17,540.0,540.01,37246.0,540.097,211
2025-06-25 14:40:00-04:00,540.02,540.08,539.94,540.08,23320.0,540.01,177
2025-06-25 14:41:00-04:00,540.04,540.23,540.01,540.16,39482.0,540.153,268
2025-06-25 14:42:00-04:00,540.15,540.17,540.01,540.02,27326.0,540.055,209
2025-06-25 14:43:00-04:00,540.01,540.01,539.89,539.94,25086.0,539.954,174
2025-06-25 14:44:00-04:00,539.91,539.95,539.84,539.93,19481.0,539.909,137
2025-06-25 14:45:00-04:00,539.94,540.08,539.9,540.06,52354.0,539.968,367
2025-06-25 14:46:00-04:00,540.06,540.07,539.94,539.98,23460.0,539.982,126
2025-06-25 14:47:00-04:00,539.98,540.02,539.87,539.89,27218.0,539.93,156
2025-06-25 14:48:00-04:00,539.88,539.93,539.82,539.89,29562.0,539.861,186
2025-06-25 14:49:00-04:00,539.88,539.96,539.85,539.9,22187.0,539.91,106
2025-06-25 14:50:00-04:00,539.9,540.02,539.82,540.02,47766.0,539.911,341
2025-06-25 14:51:00-04:00,540.02,540.05,539.92,540.04,30261.0,539.995,182
2025-06-25 14:52:00-04:00,540.05,540.06,539.95,539.98,45866.0,539.991,316
2025-06-25 14:53:00-04:00,539.95,540.07,539.92,539.93,28584.0,540.011,163
2025-06-25 14:54:00-04:00,539.94,539.95,539.82,539.88,39237.0,539.846,210
2025-06-25 14:55:00-04:00,539.88,540.01,539.84,539.99,27939.0,539.939,173
2025-06-25 14:56:00-04:00,539.99,540.14,539.97,540.12,43411.0,540.064,230
2025-06-25 14:57:00-04:00,540.12,540.21,540.08,540.19,85954.0,540.141,395
2025-06-25 14:58:00-04:00,540.19,540.2,540.09,540.17,26333.0,540.141,126
2025-06-25 14:59:00-04:00,540.19,540.19,540.05,540.1,23422.0,540.138,152
2025-06-25 15:00:00-04:00,540.11,540.29,540.07,540.28,70838.0,540.194,464
2025-06-25 15:01:00-04:00,540.27,540.41,540.24,540.33,53142.0,540.344,315
2025-06-25 15:02:00-04:00,540.32,540.43,540.32,540.41,47645.0,540.386,244
2025-06-25 15:03:00-04:00,540.41,540.54,540.38,540.38,48664.0,540.455,291
2025-06-25 15:04:00-04:00,540.38,540.42,540.32,540.38,43933.0,540.365,308
2025-06-25 15:05:00-04:00,540.37,540.49,540.34,540.49,35106.0,540.414,248
2025-06-25 15:06:00-04:00,540.5,540.53,540.38,540.44,105314.0,540.48,633
2025-06-25 15:07:00-04:00,540.42,540.45,540.38,540.44,40976.0,540.424,239
2025-06-25 15:08:00-04:00,540.45,540.72,540.45,540.68,139194.0,540.611,911
2025-06-25 15:09:00-04:00,540.67,540.78,540.64,540.71,57629.0,540.719,342
2025-06-25 15:10:00-04:00,540.72,540.81,540.7,540.81,47230.0,540.74,258
2025-06-25 15:11:00-04:00,540.81,540.87,540.79,540.83,42051.0,540.825,278
2025-06-25 15:12:00-04:00,540.84,541.02,540.79,541.02,70648.0,540.909,421
2025-06-25 15:13:00-04:00,541.02,541.08,540.91,540.95,102473.0,540.997,611
2025-06-25 15:14:00-04:00,540.96,540.97,540.83,540.88,47314.0,540.859,272
2025-06-25 15:15:00-04:00,540.88,540.93,540.84,540.88,36310.0,540.875,246
2025-06-25 15:16:00-04:00,540.87,540.87,540.66,540.73,54461.0,540.751,308
2025-06-25 15:17:00-04:00,540.72,540.76,540.58,540.62,43805.0,540.652,282
2025-06-25 15:18:00-04:00,540.61,540.7,540.6,540.69,33408.0,540.665,208
2025-06-25 15:19:00-04:00,540.69,540.82,540.68,540.8,32887.0,540.75,179
2025-06-25 15:20:00-04:00,540.8,540.85,540.73,540.75,33261.0,540.787,245
2025-06-25 15:21:00-04:00,540.75,540.88,540.72,540.84,36262.0,540.803,229
2025-06-25 15:22:00-04:00,540.84,540.9,540.78,540.84,22100.0,540.837,167
2025-06-25 15:23:00-04:00,540.83,540.84,540.69,540.7,21267.0,540.746,138
2025-06-25 15:24:00-04:00,540.7,540.78,540.65,540.67,22292.0,540.716,149
2025-06-25 15:25:00-04:00,540.67,540.8,540.66,540.77,42834.0,540.738,249
2025-06-25 15:26:00-04:00,540.75,540.78,540.65,540.69,39383.0,540.698,241
2025-06-25 15:27:00-04:00,540.7,540.74,540.64,540.68,20702.0,540.696,127
2025-06-25 15:28:00-04:00,540.7,540.74,540.57,540.66,26189.0,540.675,168
2025-06-25 15:29:00-04:00,540.65,540.68,540.59,540.6,56536.0,540.646,238
2025-06-25 15:30:00-04:00,540.59,540.71,540.56,540.59,58732.0,540.635,414
2025-06-25 15:31:00-04:00,540.59,540.59,540.16,540.32,76087.0,540.355,583
2025-06-25 15:32:00-04:00,540.32,540.47,540.29,540.47,58698.0,540.369,300
2025-06-25 15:33:00-04:00,540.48,540.51,540.43,540.46,19636.0,540.47,133
2025-06-25 15:34:00-04:00,540.47,540.47,540.35,540.39,37027.0,540.408,281
2025-06-25 15:35:00-04:00,540.37,540.38,540.28,540.31,40582.0,540.321,254
2025-06-25 15:36:00-04:00,540.32,540.37,540.12,540.25,67948.0,540.24,398
2025-06-25 15:37:00-04:00,540.25,540.36,540.2,540.3,30535.0,540.284,202
2025-06-25 15:38:00-04:00,540.28,540.38,540.24,540.29,33694.0,540.307,254
2025-06-25 15:39:00-04:00,540.31,540.34,540.22,540.27,40631.0,540.279,323
2025-06-25 15:40:00-04:00,540.26,540.42,540.26,540.41,34335.0,540.344,250
2025-06-25 15:41:00-04:00,540.43,540.56,540.43,540.46,49224.0,540.502,279
2025-06-25 15:42:00-04:00,540.44,540.61,540.4,540.59,57622.0,540.512,362
2025-06-25 15:43:00-04:00,540.58,540.71,540.57,540.69,34790.0,540.629,264
2025-06-25 15:44:00-04:00,540.7,540.71,540.61,540.63,40441.0,540.673,287
2025-06-25 15:45:00-04:00,540.63,540.7,540.56,540.57,56471.0,540.635,312
2025-06-25 15:46:00-04:00,540.57,540.59,540.43,540.45,51265.0,540.498,350
2025-06-25 15:47:00-04:00,540.43,540.54,540.43,540.47,38172.0,540.487,250
2025-06-25 15:48:00-04:00,540.48,540.49,540.36,540.45,73998.0,540.41,404
2025-06-25 15:49:00-04:00,540.45,540.49,540.36,540.45,36825.0,540.421,255
2025-06-25 15:50:00-04:00,540.44,540.76,540.42,540.68,160687.0,540.606,1163
2025-06-25 15:51:00-04:00,540.66,540.81,540.65,540.79,78813.0,540.725,563
2025-06-25 15:52:00-04:00,540.8,540.88,540.6,540.67,127102.0,540.744,800
2025-06-25 15:53:00-04:00,540.68,540.8,540.63,540.78,67907.0,540.736,441
2025-06-25 15:54:00-04:00,540.77,540.86,540.44,540.54,168581.0,540.619,1215
2025-06-25 15:55:00-04:00,540.53,540.78,540.36,540.78,254487.0,540.659,1595
2025-06-25 15:56:00-04:00,540.78,540.81,540.62,540.71,139652.0,540.727,1037
2025-06-25 15:57:00-04:00,540.71,540.78,540.67,540.73,90092.0,540.714,761
2025-06-25 15:58:00-04:00,540.73,540.96,540.65,540.95,227683.0,540.783,1624
2025-06-25 15:59:00-04:00,540.95,541.22,540.85,541.17,635275.0,541.067,4416
2025-06-26 09:30:00-04:00,543.36,543.7,543.12,543.45,435813.0,543.404,1837
2025-06-26 09:31:00-04:00,543.44,543.61,543.05,543.47,225487.0,543.338,1448
2025-06-26 09:32:00-04:00,543.48,543.57,542.92,543.02,156590.0,543.287,911
2025-06-26 09:33:00-04:00,543.0,543.14,542.5,543.06,151117.0,542.835,1068
2025-06-26 09:34:00-04:00,543.07,543.16,542.87,542.95,85408.0,543.022,641
2025-06-26 09:35:00-04:00,542.95,543.21,542.86,543.02,108633.0,543.035,714
2025-06-26 09:36:00-04:00,543.0,543.0,542.52,542.58,97815.0,542.716,752
2025-06-26 09:37:00-04:00,542.54,542.6,542.14,542.2,135749.0,542.347,976
2025-06-26 09:38:00-04:00,542.21,542.66,542.06,542.43,188320.0,542.422,1407
2025-06-26 09:39:00-04:00,542.44,542.48,542.13,542.48,83963.0,542.257,665
2025-06-26 09:40:00-04:00,542.46,542.76,542.4,542.6,89393.0,542.57,721
2025-06-26 09:41:00-04:00,542.61,542.84,542.27,542.27,88469.0,542.567,599
2025-06-26 09:42:00-04:00,542.27,542.45,542.17,542.19,96926.0,542.279,681
2025-06-26 09:43:00-04:00,542.18,542.52,541.98,542.48,120337.0,542.242,681
2025-06-26 09:44:00-04:00,542.43,542.68,542.37,542.67,67755.0,542.501,471
2025-06-26 09:45:00-04:00,542.71,542.91,542.06,542.18,230006.0,542.508,1714
2025-06-26 09:46:00-04:00,542.19,542.46,542.05,542.37,121723.0,542.192,872
2025-06-26 09:47:00-04:00,542.38,542.45,542.07,542.09,69940.0,542.287,483
2025-06-26 09:48:00-04:00,542.07,542.22,541.83,542.17,118383.0,542.018,758
2025-06-26 09:49:00-04:00,542.13,542.17,541.92,542.03,78453.0,542.014,541
2025-06-26 09:50:00-04:00,542.04,542.08,541.69,541.79,165913.0,541.848,997
2025-06-26 09:51:00-04:00,541.8,541.89,541.53,541.59,150313.0,541.72,989
2025-06-26 09:52:00-04:00,541.58,541.98,541.52,541.91,133330.0,541.748,995
2025-06-26 09:53:00-04:00,541.91,542.19,541.84,542.15,103536.0,541.986,704
2025-06-26 09:54:00-04:00,542.15,542.47,542.07,542.32,159381.0,542.315,1082
2025-06-26 09:55:00-04:00,542.31,542.58,542.26,542.35,140360.0,542.423,1068
2025-06-26 09:56:00-04:00,542.36,542.57,542.34,542.55,65909.0,542.455,488
2025-06-26 09:57:00-04:00,542.55,542.81,542.54,542.69,80968.0,542.7,536
2025-06-26 09:58:00-04:00,542.71,543.02,542.7,543.0,79043.0,542.878,506
2025-06-26 09:59:00-04:00,543.02,543.2,542.99,543.13,107989.0,543.106,665
2025-06-26 10:00:00-04:00,543.14,543.72,543.14,543.55,172923.0,543.537,1129
2025-06-26 10:01:00-04:00,543.55,543.67,543.28,543.38,109003.0,543.448,743
2025-06-26 10:02:00-04:00,543.38,543.59,543.29,543.56,87520.0,543.459,562
2025-06-26 10:03:00-04:00,543.57,543.64,543.43,543.47,82313.0,543.513,582
2025-06-26 10:04:00-04:00,543.47,543.71,543.46,543.61,67416.0,543.616,436
2025-06-26 10:05:00-04:00,543.61,543.8,543.32,543.36,148551.0,543.568,926
2025-06-26 10:06:00-04:00,543.35,543.51,543.09,543.13,91758.0,543.308,641
2025-06-26 10:07:00-04:00,543.11,543.24,543.0,543.15,133904.0,543.141,965
2025-06-26 10:08:00-04:00,543.14,543.31,543.12,543.22,110317.0,543.232,774
2025-06-26 10:09:00-04:00,543.2,543.27,543.08,543.21,57503.0,543.177,410
2025-06-26 10:10:00-04:00,543.21,543.33,543.19,543.33,55565.0,543.254,442
2025-06-26 10:11:00-04:00,543.32,543.41,543.19,543.31,52282.0,543.306,405
2025-06-26 10:12:00-04:00,543.3,543.5,543.21,543.5,49940.0,543.333,374
2025-06-26 10:13:00-04:00,543.49,543.66,543.39,543.57,70024.0,543.557,535
2025-06-26 10:14:00-04:00,543.57,543.6,543.31,543.33,58106.0,543.437,432
2025-06-26 10:15:00-04:00,543.34,543.44,543.17,543.4,72750.0,543.289,526
2025-06-26 10:16:00-04:00,543.41,543.6,543.4,543.56,58681.0,543.487,391
2025-06-26 10:17:00-04:00,543.56,543.68,543.49,543.6,28471.0,543.597,239
2025-06-26 10:18:00-04:00,543.59,543.61,543.39,543.51,45851.0,543.499,313
2025-06-26 10:19:00-04:00,543.52,543.53,543.36,543.4,51941.0,543.438,384
2025-06-26 10:20:00-04:00,543.4,543.73,543.36,543.63,61323.0,543.554,481
2025-06-26 10:21:00-04:00,543.65,543.76,543.61,543.75,54593.0,543.666,366
2025-06-26 10:22:00-04:00,543.76,543.87,543.67,543.7,59955.0,543.782,434
2025-06-26 10:23:00-04:00,543.71,543.73,543.48,543.68,47692.0,543.634,334
2025-06-26 10:24:00-04:00,543.7,543.8,543.62,543.78,81063.0,543.721,456
2025-06-26 10:25:00-04:00,543.78,543.81,543.62,543.69,70232.0,543.69,448
2025-06-26 10:26:00-04:00,543.68,543.85,543.64,543.76,100840.0,543.764,686
2025-06-26 10:27:00-04:00,543.73,543.8,543.68,543.76,61476.0,543.749,391
2025-06-26 10:28:00-04:00,543.77,543.82,543.66,543.78,43602.0,543.743,301
2025-06-26 10:29:00-04:00,543.79,543.83,543.7,543.76,30095.0,543.752,213
2025-06-26 10:30:00-04:00,543.75,544.04,543.68,543.94,105443.0,543.848,687
2025-06-26 10:31:00-04:00,543.96,544.37,543.86,544.3,203173.0,544.174,1396
2025-06-26 10:32:00-04:00,544.31,544.39,544.21,544.25,140790.0,544.291,928
2025-06-26 10:33:00-04:00,544.26,544.27,543.95,543.98,81598.0,544.118,568
2025-06-26 10:34:00-04:00,543.98,544.07,543.96,544.01,61914.0,544.015,473
2025-06-26 10:35:00-04:00,544.0,544.02,543.86,544.0,113927.0,543.947,646
2025-06-26 10:36:00-04:00,544.01,544.04,543.77,543.82,49041.0,543.88,351
2025-06-26 10:37:00-04:00,543.82,544.0,543.82,543.87,39289.0,543.904,298
2025-06-26 10:38:00-04:00,543.88,544.02,543.87,543.92,30781.0,543.942,219
2025-06-26 10:39:00-04:00,543.91,543.98,543.82,543.91,31557.0,543.9,240
2025-06-26 10:40:00-04:00,543.92,543.94,543.79,543.8,48644.0,543.862,366
2025-06-26 10:41:00-04:00,543.79,543.85,543.6,543.74,56029.0,543.71,392
2025-06-26 10:42:00-04:00,543.74,543.87,543.7,543.79,24389.0,543.797,199
2025-06-26 10:43:00-04:00,543.78,543.87,543.61,543.64,27278.0,543.763,199
2025-06-26 10:44:00-04:00,543.66,543.73,543.55,543.56,171131.0,543.613,886
2025-06-26 10:45:00-04:00,543.57,543.72,543.45,543.65,100077.0,543.551,609
2025-06-26 10:46:00-04:00,543.68,543.86,543.57,543.85,57390.0,543.727,332
2025-06-26 10:47:00-04:00,543.83,543.86,543.72,543.84,30632.0,543.808,234
2025-06-26 10:48:00-04:00,543.84,543.88,543.77,543.8,40371.0,543.839,284
2025-06-26 10:49:00-04:00,543.82,543.99,543.81,543.95,84370.0,543.893,383
2025-06-26 10:50:00-04:00,543.92,543.93,543.82,543.84,33148.0,543.878,237
2025-06-26 10:51:00-04:00,543.87,543.96,543.81,543.81,25445.0,543.879,212
2025-06-26 10:52:00-04:00,543.85,543.9,543.74,543.83,36033.0,543.818,265
2025-06-26 10:53:00-04:00,543.82,543.93,543.75,543.92,16654.0,543.845,143
2025-06-26 10:54:00-04:00,543.93,543.94,543.79,543.92,17805.0,543.871,137
2025-06-26 10:55:00-04:00,543.93,543.93,543.72,543.84,25731.0,543.809,183
2025-06-26 10:56:00-04:00,543.84,543.87,543.73,543.82,37198.0,543.789,170
2025-06-26 10:57:00-04:00,543.81,543.9,543.75,543.83,22595.0,543.819,144
2025-06-26 10:58:00-04:00,543.82,543.86,543.75,543.79,29283.0,543.804,198
2025-06-26 10:59:00-04:00,543.8,543.82,543.68,543.76,27416.0,543.762,189
2025-06-26 11:00:00-04:00,543.76,543.91,543.71,543.88,35513.0,543.833,250
2025-06-26 11:01:00-04:00,543.88,544.0,543.88,543.96,50227.0,543.938,291
2025-06-26 11:02:00-04:00,543.95,544.1,543.95,544.02,57708.0,544.03,391
2025-06-26 11:03:00-04:00,544.03,544.1,543.98,544.05,38570.0,544.034,249
2025-06-26 11:04:00-04:00,544.06,544.11,544.02,544.07,29587.0,544.062,213
2025-06-26 11:05:00-04:00,544.07,544.13,543.97,544.02,57344.0,544.058,383
2025-06-26 11:06:00-04:00,544.01,544.03,543.92,543.96,36768.0,543.97,270
2025-06-26 11:07:00-04:00,543.97,544.13,543.91,544.05,41463.0,544.017,261
2025-06-26 11:08:00-04:00,544.04,544.08,543.99,544.05,27802.0,544.032,187
2025-06-26 11:09:00-04:00,544.09,544.16,544.05,544.13,46086.0,544.109,252
2025-06-26 11:10:00-04:00,544.13,544.18,544.08,544.09,32357.0,544.138,218
2025-06-26 11:11:00-04:00,544.1,544.12,544.01,544.09,44838.0,544.073,272
2025-06-26 11:12:00-04:00,544.09,544.28,544.07,544.27,66388.0,544.188,402
2025-06-26 11:13:00-04:00,544.27,544.3,544.19,544.3,52708.0,544.261,361
2025-06-26 11:14:00-04:00,544.3,544.37,544.15,544.18,53195.0,544.292,333
2025-06-26 11:15:00-04:00,544.18,544.3,544.17,544.26,43148.0,544.246,287
2025-06-26 11:16:00-04:00,544.26,544.62,544.22,544.52,109128.0,544.456,820
2025-06-26 11:17:00-04:00,544.51,544.57,544.43,544.53,49705.0,544.515,355
2025-06-26 11:18:00-04:00,544.54,544.64,544.54,544.61,42973.0,544.604,326
2025-06-26 11:19:00-04:00,544.6,544.62,544.47,544.51,31035.0,544.536,225
2025-06-26 11:20:00-04:00,544.51,544.74,544.51,544.74,78524.0,544.629,505
2025-06-26 11:21:00-04:00,544.75,544.75,544.64,544.65,45748.0,544.696,341
2025-06-26 11:22:00-04:00,544.66,544.69,544.53,544.55,63087.0,544.585,418
2025-06-26 11:23:00-04:00,544.53,544.59,544.47,544.55,31145.0,544.529,195
2025-06-26 11:24:00-04:00,544.54,544.59,544.5,544.58,49423.0,544.54,308
2025-06-26 11:25:00-04:00,544.58,544.58,544.38,544.4,58683.0,544.507,388
2025-06-26 11:26:00-04:00,544.41,544.53,544.37,544.39,38367.0,544.453,286
2025-06-26 11:27:00-04:00,544.4,544.4,544.07,544.15,89543.0,544.217,657
2025-06-26 11:28:00-04:00,544.16,544.18,543.91,543.97,68806.0,544.029,429
2025-06-26 11:29:00-04:00,543.96,543.96,543.61,543.64,92232.0,543.729,549
2025-06-26 11:30:00-04:00,543.65,543.65,543.31,543.54,149834.0,543.525,1013
2025-06-26 11:31:00-04:00,543.54,543.77,543.42,543.47,152846.0,543.589,837
2025-06-26 11:32:00-04:00,543.46,543.61,543.4,543.59,54164.0,543.505,358
2025-06-26 11:33:00-04:00,543.59,543.87,543.58,543.86,61087.0,543.725,400
2025-06-26 11:34:00-04:00,543.86,544.04,543.85,544.03,104409.0,543.96,508
2025-06-26 11:35:00-04:00,544.01,544.17,543.99,544.17,103217.0,544.054,593
2025-06-26 11:36:00-04:00,544.18,544.31,544.17,544.26,47201.0,544.242,273
2025-06-26 11:37:00-04:00,544.26,544.4,544.25,544.37,53536.0,544.326,322
2025-06-26 11:38:00-04:00,544.38,544.43,544.15,544.16,42171.0,544.296,291
2025-06-26 11:39:00-04:00,544.15,544.41,544.15,544.41,51948.0,544.296,336
2025-06-26 11:40:00-04:00,544.4,544.47,544.33,544.43,43575.0,544.404,317
2025-06-26 11:41:00-04:00,544.42,544.44,544.34,544.38,35175.0,544.4,222
2025-06-26 11:42:00-04:00,544.39,544.58,544.39,544.51,53611.0,544.511,334
2025-06-26 11:43:00-04:00,544.49,544.5,544.4,544.41,20894.0,544.447,152
2025-06-26 11:44:00-04:00,544.42,544.42,544.29,544.34,29315.0,544.346,217
2025-06-26 11:45:00-04:00,544.34,544.6,544.33,544.59,35584.0,544.504,255
2025-06-26 11:46:00-04:00,544.58,544.64,544.56,544.63,45572.0,544.598,302
2025-06-26 11:47:00-04:00,544.64,544.7,544.61,544.65,60457.0,544.668,364
2025-06-26 11:48:00-04:00,544.65,544.66,544.52,544.59,35452.0,544.573,235
2025-06-26 11:49:00-04:00,544.57,544.61,544.37,544.41,34222.0,544.485,270
2025-06-26 11:50:00-04:00,544.41,544.48,544.27,544.47,113589.0,544.398,710
2025-06-26 11:51:00-04:00,544.47,544.51,544.4,544.5,37936.0,544.448,239
2025-06-26 11:52:00-04:00,544.49,544.53,544.44,544.47,34336.0,544.474,236
2025-06-26 11:53:00-04:00,544.46,544.65,544.46,544.61,32492.0,544.584,156
2025-06-26 11:54:00-04:00,544.63,544.88,544.6,544.76,90682.0,544.749,521
2025-06-26 11:55:00-04:00,544.77,544.81,544.63,544.63,73023.0,544.729,455
2025-06-26 11:56:00-04:00,544.66,544.67,544.54,544.6,29590.0,544.613,144
2025-06-26 11:57:00-04:00,544.59,544.7,544.52,544.7,14228.0,544.601,107
2025-06-26 11:58:00-04:00,544.71,544.81,544.7,544.75,34720.0,544.766,200
2025-06-26 11:59:00-04:00,544.75,544.75,544.67,544.71,24689.0,544.707,176
2025-06-26 12:00:00-04:00,544.71,544.92,544.63,544.85,86461.0,544.822,568
2025-06-26 12:01:00-04:00,544.85,545.15,544.84,545.07,137178.0,545.001,919
2025-06-26 12:02:00-04:00,545.07,545.13,545.04,545.12,56346.0,545.083,313
2025-06-26 12:03:00-04:00,545.12,545.22,545.11,545.17,46293.0,545.158,266
2025-06-26 12:04:00-04:00,545.18,545.23,545.11,545.15,49995.0,545.181,354
2025-06-26 12:05:00-04:00,545.15,545.17,545.04,545.13,52589.0,545.112,325
2025-06-26 12:06:00-04:00,545.13,545.13,544.95,545.04,34170.0,545.022,236
2025-06-26 12:07:00-04:00,545.04,545.06,544.93,544.99,22719.0,544.978,145
2025-06-26 12:08:00-04:00,544.99,545.08,544.99,545.07,6975.0,545.038,54
2025-06-26 12:09:00-04:00,545.09,545.09,544.94,544.96,32873.0,545.017,189
2025-06-26 12:10:00-04:00,544.97,545.06,544.87,544.96,29703.0,544.951,230
2025-06-26 12:11:00-04:00,544.95,545.07,544.91,545.0,36175.0,544.979,241
2025-06-26 12:12:00-04:00,545.02,545.07,544.92,544.93,20750.0,545.013,150
2025-06-26 12:13:00-04:00,544.93,544.95,544.9,544.92,19947.0,544.919,134
2025-06-26 12:14:00-04:00,544.9,544.97,544.86,544.94,29619.0,544.893,210
2025-06-26 12:15:00-04:00,544.96,545.01,544.86,544.99,30262.0,544.914,161
2025-06-26 12:16:00-04:00,545.01,545.03,544.88,544.88,21270.0,544.95,140
2025-06-26 12:17:00-04:00,544.88,544.99,544.84,544.97,32881.0,544.912,221
2025-06-26 12:18:00-04:00,544.96,544.96,544.87,544.93,19963.0,544.912,112
2025-06-26 12:19:00-04:00,544.95,545.0,544.92,544.98,14997.0,544.963,137
2025-06-26 12:20:00-04:00,544.98,545.07,544.97,545.02,18038.0,545.017,109
2025-06-26 12:21:00-04:00,545.03,545.09,545.02,545.06,23062.0,545.06,131
2025-06-26 12:22:00-04:00,545.06,545.16,545.03,545.04,58538.0,545.113,263
2025-06-26 12:23:00-04:00,545.04,545.06,544.98,545.0,14602.0,545.023,102
2025-06-26 12:24:00-04:00,545.02,545.05,544.95,544.95,17542.0,544.993,128
2025-06-26 12:25:00-04:00,544.96,544.99,544.91,544.97,15944.0,544.95,102
2025-06-26 12:26:00-04:00,544.98,545.03,544.96,545.0,26068.0,545.001,140
2025-06-26 12:27:00-04:00,545.0,545.0,544.85,544.86,23254.0,544.912,171
2025-06-26 12:28:00-04:00,544.89,544.9,544.83,544.84,21171.0,544.862,159
2025-06-26 12:29:00-04:00,544.85,544.86,544.76,544.82,46616.0,544.796,324
2025-06-26 12:30:00-04:00,544.82,544.96,544.72,544.91,37865.0,544.842,245
2025-06-26 12:31:00-04:00,544.9,545.04,544.89,544.99,32000.0,544.995,283
2025-06-26 12:32:00-04:00,544.99,545.01,544.88,544.89,21709.0,544.95,175
2025-06-26 12:33:00-04:00,544.88,544.92,544.84,544.86,38350.0,544.873,171
2025-06-26 12:34:00-04:00,544.86,544.9,544.83,544.87,24638.0,544.867,166
2025-06-26 12:35:00-04:00,544.87,544.91,544.77,544.77,16888.0,544.848,122
2025-06-26 12:36:00-04:00,544.78,544.82,544.59,544.61,54778.0,544.702,342
2025-06-26 12:37:00-04:00,544.61,544.63,544.49,544.6,63975.0,544.558,391
2025-06-26 12:38:00-04:00,544.6,544.71,544.58,544.69,39670.0,544.633,292
2025-06-26 12:39:00-04:00,544.69,544.69,544.56,544.57,17602.0,544.621,103
2025-06-26 12:40:00-04:00,544.58,544.66,544.56,544.56,70113.0,544.639,263
2025-06-26 12:41:00-04:00,544.56,544.7,544.52,544.67,20671.0,544.616,135
2025-06-26 12:42:00-04:00,544.66,544.69,544.59,544.68,15219.0,544.633,113
2025-06-26 12:43:00-04:00,544.69,544.69,544.52,544.59,21573.0,544.62,107
2025-06-26 12:44:00-04:00,544.62,544.63,544.5,544.51,14090.0,544.586,70
2025-06-26 12:45:00-04:00,544.52,544.55,544.41,544.54,32785.0,544.462,191
2025-06-26 12:46:00-04:00,544.55,544.66,544.53,544.6,28426.0,544.593,224
2025-06-26 12:47:00-04:00,544.59,544.59,544.46,544.52,22314.0,544.51,145
2025-06-26 12:48:00-04:00,544.55,544.66,544.53,544.62,34897.0,544.578,192
2025-06-26 12:49:00-04:00,544.62,544.68,544.55,544.56,61517.0,544.604,211
2025-06-26 12:50:00-04:00,544.55,544.73,544.54,544.68,29485.0,544.669,202
2025-06-26 12:51:00-04:00,544.7,544.71,544.63,544.67,14792.0,544.678,93
2025-06-26 12:52:00-04:00,544.7,544.76,544.64,544.65,16629.0,544.712,120
2025-06-26 12:53:00-04:00,544.64,544.67,544.6,544.6,16920.0,544.647,98
2025-06-26 12:54:00-04:00,544.61,544.62,544.5,544.55,23442.0,544.567,184
2025-06-26 12:55:00-04:00,544.55,544.6,544.48,544.52,16938.0,544.552,119
2025-06-26 12:56:00-04:00,544.53,544.57,544.46,544.55,16113.0,544.508,107
2025-06-26 12:57:00-04:00,544.55,544.62,544.48,544.51,22283.0,544.566,117
2025-06-26 12:58:00-04:00,544.52,544.6,544.51,544.53,10364.0,544.558,56
2025-06-26 12:59:00-04:00,544.56,544.65,544.52,544.65,10949.0,544.582,79
2025-06-26 13:00:00-04:00,544.64,544.64,544.42,544.45,26753.0,544.543,157
2025-06-26 13:01:00-04:00,544.48,544.81,544.44,544.74,24805.0,544.642,130
2025-06-26 13:02:00-04:00,544.75,544.77,544.63,544.77,40216.0,544.755,256
2025-06-26 13:03:00-04:00,544.77,544.86,544.76,544.83,38747.0,544.8,212
2025-06-26 13:04:00-04:00,544.8,544.94,544.76,544.91,53733.0,544.869,246
2025-06-26 13:05:00-04:00,544.9,545.02,544.82,544.88,36466.0,544.951,209
2025-06-26 13:06:00-04:00,544.88,544.9,544.84,544.86,19064.0,544.873,110
2025-06-26 13:07:00-04:00,544.86,544.9,544.83,544.87,17054.0,544.866,129
2025-06-26 13:08:00-04:00,544.87,544.94,544.87,544.94,10186.0,544.9,60
2025-06-26 13:09:00-04:00,544.93,544.99,544.92,544.97,13996.0,544.959,71
2025-06-26 13:10:00-04:00,544.97,545.08,544.97,545.07,31816.0,545.019,174
2025-06-26 13:11:00-04:00,545.07,545.18,545.03,545.1,39516.0,545.093,250
2025-06-26 13:12:00-04:00,545.11,545.11,545.01,545.02,22959.0,545.046,141
2025-06-26 13:13:00-04:00,545.03,545.12,545.01,545.11,26134.0,545.078,170
2025-06-26 13:14:00-04:00,545.13,545.14,545.05,545.06,34381.0,545.097,195
2025-06-26 13:15:00-04:00,545.07,545.11,545.02,545.11,27172.0,545.062,176
2025-06-26 13:16:00-04:00,545.12,545.3,545.1,545.15,142549.0,545.217,786
2025-06-26 13:17:00-04:00,545.17,545.17,545.07,545.15,25947.0,545.113,170
2025-06-26 13:18:00-04:00,545.16,545.25,544.98,545.11,52081.0,545.105,362
2025-06-26 13:19:00-04:00,545.1,545.11,544.99,545.11,22362.0,545.053,166
2025-06-26 13:20:00-04:00,545.11,545.17,545.07,545.16,22595.0,545.127,200
2025-06-26 13:21:00-04:00,545.17,545.3,545.17,545.24,37958.0,545.24,286
2025-06-26 13:22:00-04:00,545.25,545.32,545.23,545.23,42897.0,545.276,236
2025-06-26 13:23:00-04:00,545.23,545.26,545.19,545.2,21663.0,545.229,117
2025-06-26 13:24:00-04:00,545.2,545.21,545.1,545.2,32702.0,545.15,163
2025-06-26 13:25:00-04:00,545.19,545.28,545.19,545.25,46886.0,545.244,273
2025-06-26 13:26:00-04:00,545.25,545.33,545.24,545.29,34860.0,545.286,227
2025-06-26 13:27:00-04:00,545.28,545.35,545.24,545.31,19098.0,545.307,127
2025-06-26 13:28:00-04:00,545.32,545.4,545.32,545.32,18198.0,545.368,131
2025-06-26 13:29:00-04:00,545.35,545.35,545.28,545.31,17483.0,545.306,114
2025-06-26 13:30:00-04:00,545.33,545.44,545.32,545.41,46587.0,545.389,375
2025-06-26 13:31:00-04:00,545.42,545.53,545.41,545.49,64414.0,545.472,398
2025-06-26 13:32:00-04:00,545.49,545.52,545.43,545.43,39528.0,545.466,283
2025-06-26 13:33:00-04:00,545.42,545.46,545.39,545.41,31510.0,545.429,224
2025-06-26 13:34:00-04:00,545.41,545.45,545.37,545.41,27188.0,545.412,217
2025-06-26 13:35:00-04:00,545.4,545.5,545.38,545.4,41822.0,545.434,331
2025-06-26 13:36:00-04:00,545.41,545.54,545.4,545.52,43911.0,545.478,341
2025-06-26 13:37:00-04:00,545.53,545.55,545.47,545.49,23827.0,545.51,183
2025-06-26 13:38:00-04:00,545.49,545.5,545.4,545.42,26393.0,545.455,200
2025-06-26 13:39:00-04:00,545.4,545.54,545.4,545.52,38979.0,545.502,201
2025-06-26 13:40:00-04:00,545.52,545.63,545.52,545.6,67809.0,545.564,420
2025-06-26 13:41:00-04:00,545.62,545.69,545.51,545.55,77081.0,545.591,474
2025-06-26 13:42:00-04:00,545.55,545.56,545.46,545.47,32009.0,545.526,184
2025-06-26 13:43:00-04:00,545.48,545.51,545.43,545.46,26089.0,545.462,177
2025-06-26 13:44:00-04:00,545.46,545.55,545.46,545.54,46011.0,545.508,278
2025-06-26 13:45:00-04:00,545.54,545.58,545.48,545.51,36049.0,545.536,225
2025-06-26 13:46:00-04:00,545.51,545.58,545.5,545.5,22287.0,545.533,164
2025-06-26 13:47:00-04:00,545.5,545.5,545.41,545.45,30711.0,545.459,214
2025-06-26 13:48:00-04:00,545.43,545.46,545.41,545.44,16344.0,545.433,127
2025-06-26 13:49:00-04:00,545.44,545.45,545.37,545.38,33973.0,545.4,210
2025-06-26 13:50:00-04:00,545.39,545.5,545.39,545.49,51434.0,545.464,315
2025-06-26 13:51:00-04:00,545.48,545.53,545.43,545.46,29177.0,545.479,183
2025-06-26 13:52:00-04:00,545.46,545.51,545.43,545.45,23710.0,545.475,118
2025-06-26 13:53:00-04:00,545.44,545.46,545.36,545.43,30861.0,545.422,271
2025-06-26 13:54:00-04:00,545.41,545.43,545.36,545.38,15195.0,545.397,108
2025-06-26 13:55:00-04:00,545.38,545.49,545.35,545.48,45813.0,545.428,333
2025-06-26 13:56:00-04:00,545.49,545.5,545.42,545.46,26307.0,545.452,189
2025-06-26 13:57:00-04:00,545.48,545.52,545.43,545.5,43121.0,545.491,238
2025-06-26 13:58:00-04:00,545.49,545.58,545.48,545.48,54659.0,545.53,314
2025-06-26 13:59:00-04:00,545.48,545.49,545.4,545.42,20090.0,545.425,121
2025-06-26 14:00:00-04:00,545.43,545.44,545.3,545.31,41085.0,545.368,261
2025-06-26 14:01:00-04:00,545.32,545.52,545.3,545.51,40667.0,545.445,244
2025-06-26 14:02:00-04:00,545.51,545.52,545.41,545.46,28093.0,545.467,184
2025-06-26 14:03:00-04:00,545.45,545.61,545.44,545.61,28435.0,545.553,183
2025-06-26 14:04:00-04:00,545.62,545.62,545.54,545.57,28748.0,545.58,163
2025-06-26 14:05:00-04:00,545.57,546.12,545.55,545.78,263507.0,545.862,1906
2025-06-26 14:06:00-04:00,545.78,545.89,545.67,545.79,84605.0,545.775,600
2025-06-26 14:07:00-04:00,545.79,545.87,545.7,545.83,46615.0,545.785,347
2025-06-26 14:08:00-04:00,545.85,545.93,545.84,545.9,72720.0,545.884,480
2025-06-26 14:09:00-04:00,545.91,545.99,545.89,545.96,71862.0,545.94,396
2025-06-26 14:10:00-04:00,545.96,545.97,545.84,545.9,34437.0,545.91,237
2025-06-26 14:11:00-04:00,545.91,546.02,545.9,546.02,25759.0,545.972,156
2025-06-26 14:12:00-04:00,546.02,546.13,545.99,546.13,46280.0,546.058,336
2025-06-26 14:13:00-04:00,546.13,546.21,546.13,546.21,60953.0,546.17,475
2025-06-26 14:14:00-04:00,546.21,546.33,546.2,546.24,91089.0,546.26,497
2025-06-26 14:15:00-04:00,546.24,546.37,546.21,546.35,62719.0,546.303,457
2025-06-26 14:16:00-04:00,546.35,546.5,546.34,546.42,71790.0,546.43,401
2025-06-26 14:17:00-04:00,546.4,546.42,546.26,546.33,58137.0,546.32,315
2025-06-26 14:18:00-04:00,546.34,546.35,546.15,546.15,53479.0,546.233,349
2025-06-26 14:19:00-04:00,546.16,546.29,546.16,546.25,35622.0,546.225,240
2025-06-26 14:20:00-04:00,546.27,546.32,546.22,546.3,26003.0,546.265,195
2025-06-26 14:21:00-04:00,546.31,546.39,546.3,546.36,50798.0,546.339,345
2025-06-26 14:22:00-04:00,546.36,546.36,546.3,546.31,20693.0,546.333,146
2025-06-26 14:23:00-04:00,546.32,546.52,546.32,546.5,74869.0,546.398,496
2025-06-26 14:24:00-04:00,546.49,546.52,546.39,546.42,34791.0,546.443,264
2025-06-26 14:25:00-04:00,546.41,546.44,546.31,546.33,37293.0,546.385,247
2025-06-26 14:26:00-04:00,546.3,546.34,546.25,546.26,50567.0,546.296,328
2025-06-26 14:27:00-04:00,546.27,546.38,546.26,546.3,67130.0,546.322,393
2025-06-26 14:28:00-04:00,546.3,546.3,546.2,546.27,60087.0,546.242,307
2025-06-26 14:29:00-04:00,546.27,546.28,546.22,546.23,38406.0,546.248,203
2025-06-26 14:30:00-04:00,546.22,546.31,546.22,546.25,44502.0,546.278,236
2025-06-26 14:31:00-04:00,546.26,546.38,546.26,546.34,34625.0,546.337,202
2025-06-26 14:32:00-04:00,546.34,546.4,546.29,546.37,20556.0,546.342,132
2025-06-26 14:33:00-04:00,546.37,546.46,546.35,546.39,30232.0,546.406,263
2025-06-26 14:34:00-04:00,546.38,546.39,546.3,546.38,34181.0,546.34,218
2025-06-26 14:35:00-04:00,546.39,546.42,546.3,546.31,23046.0,546.364,175
2025-06-26 14:36:00-04:00,546.3,546.31,546.19,546.22,37897.0,546.243,244
2025-06-26 14:37:00-04:00,546.22,546.29,546.1,546.1,27786.0,546.188,190
2025-06-26 14:38:00-04:00,546.11,546.18,546.08,546.12,46944.0,546.111,319
2025-06-26 14:39:00-04:00,546.13,546.14,546.06,546.1,28763.0,546.099,178
2025-06-26 14:40:00-04:00,546.12,546.16,546.06,546.07,25745.0,546.104,197
2025-06-26 14:41:00-04:00,546.07,546.09,546.01,546.05,16453.0,546.044,118
2025-06-26 14:42:00-04:00,546.04,546.15,546.03,546.11,31247.0,546.092,220
2025-06-26 14:43:00-04:00,546.09,546.15,546.08,546.13,23388.0,546.131,163
2025-06-26 14:44:00-04:00,546.13,546.15,546.04,546.15,14736.0,546.082,107
2025-06-26 14:45:00-04:00,546.15,546.29,546.14,546.28,31881.0,546.208,232
2025-06-26 14:46:00-04:00,546.27,546.29,546.17,546.18,23239.0,546.225,192
2025-06-26 14:47:00-04:00,546.19,546.26,546.16,546.2,39143.0,546.203,266
2025-06-26 14:48:00-04:00,546.2,546.2,545.97,545.99,34978.0,546.055,289
2025-06-26 14:49:00-04:00,545.99,546.01,545.77,545.94,63450.0,545.867,438
2025-06-26 14:50:00-04:00,545.93,545.99,545.85,545.89,45094.0,545.932,278
2025-06-26 14:51:00-04:00,545.89,546.07,545.88,545.99,36192.0,546.0,260
2025-06-26 14:52:00-04:00,545.99,546.02,545.95,545.97,14048.0,545.987,97
2025-06-26 14:53:00-04:00,546.0,546.08,545.97,546.07,17043.0,546.02,140
2025-06-26 14:54:00-04:00,546.07,546.07,546.0,546.01,24103.0,546.048,155
2025-06-26 14:55:00-04:00,546.01,546.04,545.87,545.87,31330.0,545.962,208
2025-06-26 14:56:00-04:00,545.89,545.93,545.85,545.85,28195.0,545.895,188
2025-06-26 14:57:00-04:00,545.85,545.92,545.82,545.92,62103.0,545.866,368
2025-06-26 14:58:00-04:00,545.91,546.07,545.91,546.02,40905.0,545.999,303
2025-06-26 14:59:00-04:00,546.02,546.1,546.0,546.05,113282.0,546.06,510
2025-06-26 15:00:00-04:00,546.06,546.16,546.01,546.13,49320.0,546.084,396
2025-06-26 15:01:00-04:00,546.12,546.2,546.12,546.18,43762.0,546.149,338
2025-06-26 15:02:00-04:00,546.17,546.23,546.16,546.2,39344.0,546.183,192
2025-06-26 15:03:00-04:00,546.21,546.21,546.1,546.16,30198.0,546.16,178
2025-06-26 15:04:00-04:00,546.16,546.2,546.1,546.13,17409.0,546.154,142
2025-06-26 15:05:00-04:00,546.14,546.14,546.02,546.06,35434.0,546.055,209
2025-06-26 15:06:00-04:00,546.06,546.07,545.96,546.01,29100.0,546.007,189
2025-06-26 15:07:00-04:00,546.02,546.08,545.94,546.01,50178.0,546.029,343
2025-06-26 15:08:00-04:00,546.0,546.03,545.91,545.98,45652.0,545.963,341
2025-06-26 15:09:00-04:00,545.98,546.09,545.98,546.07,32563.0,546.048,264
2025-06-26 15:10:00-04:00,546.06,546.14,546.03,546.05,47663.0,546.098,311
2025-06-26 15:11:00-04:00,546.05,546.17,546.04,546.14,34031.0,546.135,229
2025-06-26 15:12:00-04:00,546.15,546.15,545.97,546.02,33337.0,546.045,239
2025-06-26 15:13:00-04:00,546.02,546.05,545.95,545.98,47643.0,545.993,333
2025-06-26 15:14:00-04:00,545.98,545.99,545.87,545.88,47553.0,545.926,288
2025-06-26 15:15:00-04:00,545.9,545.9,545.75,545.86,86265.0,545.819,617
2025-06-26 15:16:00-04:00,545.85,546.0,545.85,545.99,56961.0,545.934,369
2025-06-26 15:17:00-04:00,545.99,546.01,545.88,545.95,53499.0,545.926,329
2025-06-26 15:18:00-04:00,545.95,546.07,545.92,546.04,52488.0,546.009,336
2025-06-26 15:19:00-04:00,546.06,546.11,546.02,546.11,46544.0,546.069,324
2025-06-26 15:20:00-04:00,546.11,546.15,546.07,546.12,74131.0,546.112,433
2025-06-26 15:21:00-04:00,546.12,546.12,546.03,546.03,26273.0,546.067,227
2025-06-26 15:22:00-04:00,546.04,546.2,546.03,546.17,41653.0,546.147,301
2025-06-26 15:23:00-04:00,546.17,546.31,546.13,546.13,71367.0,546.206,515
2025-06-26 15:24:00-04:00,546.14,546.27,546.14,546.27,45326.0,546.176,258
2025-06-26 15:25:00-04:00,546.26,546.36,546.25,546.31,75161.0,546.3,425
2025-06-26 15:26:00-04:00,546.29,546.33,546.2,546.2,48490.0,546.256,366
2025-06-26 15:27:00-04:00,546.21,546.28,546.19,546.2,40921.0,546.237,220
2025-06-26 15:28:00-04:00,546.2,546.24,546.17,546.19,50380.0,546.204,281
2025-06-26 15:29:00-04:00,546.2,546.22,546.13,546.16,32553.0,546.175,239
2025-06-26 15:30:00-04:00,546.16,546.25,546.05,546.19,68020.0,546.123,523
2025-06-26 15:31:00-04:00,546.19,546.23,546.16,546.23,25176.0,546.185,226
2025-06-26 15:32:00-04:00,546.23,546.31,546.2,546.21,48150.0,546.245,375
2025-06-26 15:33:00-04:00,546.22,546.26,546.13,546.13,64759.0,546.185,411
2025-06-26 15:34:00-04:00,546.13,546.21,546.1,546.21,46446.0,546.14,328
2025-06-26 15:35:00-04:00,546.2,546.24,546.15,546.16,78312.0,546.2,517
2025-06-26 15:36:00-04:00,546.15,546.19,546.08,546.13,76734.0,546.141,487
2025-06-26 15:37:00-04:00,546.14,546.14,545.97,545.99,53454.0,546.036,363
2025-06-26 15:38:00-04:00,545.99,546.02,545.92,545.96,69890.0,545.969,379
2025-06-26 15:39:00-04:00,545.96,546.01,545.92,545.93,75673.0,545.97,396
2025-06-26 15:40:00-04:00,545.93,546.01,545.87,545.94,86363.0,545.93,400
2025-06-26 15:41:00-04:00,545.94,545.95,545.84,545.88,55824.0,545.879,375
2025-06-26 15:42:00-04:00,545.88,545.96,545.8,545.88,72515.0,545.862,431
2025-06-26 15:43:00-04:00,545.89,545.9,545.79,545.82,99080.0,545.825,426
2025-06-26 15:44:00-04:00,545.83,545.88,545.78,545.86,78532.0,545.826,482
2025-06-26 15:45:00-04:00,545.86,545.93,545.8,545.9,52105.0,545.866,374
2025-06-26 15:46:00-04:00,545.9,545.91,545.84,545.84,50505.0,545.884,360
2025-06-26 15:47:00-04:00,545.84,546.03,545.73,546.01,94350.0,545.89,610
2025-06-26 15:48:00-04:00,546.01,546.12,545.99,546.05,92745.0,546.041,580
2025-06-26 15:49:00-04:00,546.05,546.24,546.0,546.19,111351.0,546.114,610
2025-06-26 15:50:00-04:00,546.19,546.5,545.88,546.46,225878.0,546.277,1576
2025-06-26 15:51:00-04:00,546.45,546.58,546.31,546.49,266190.0,546.456,1589
2025-06-26 15:52:00-04:00,546.48,546.67,546.41,546.63,146996.0,546.559,948
2025-06-26 15:53:00-04:00,546.63,546.67,546.56,546.6,115594.0,546.614,805
2025-06-26 15:54:00-04:00,546.58,546.61,546.3,546.37,211936.0,546.482,1439
2025-06-26 15:55:00-04:00,546.36,546.36,545.97,546.18,179209.0,546.139,1247
2025-06-26 15:56:00-04:00,546.19,546.43,546.14,546.43,138576.0,546.304,934
2025-06-26 15:57:00-04:00,546.43,546.51,546.36,546.4,201265.0,546.434,1246
2025-06-26 15:58:00-04:00,546.4,546.45,546.3,546.45,326523.0,546.376,1726
2025-06-26 15:59:00-04:00,546.44,546.53,545.88,546.22,869282.0,546.209,5117
2025-06-27 09:30:00-04:00,547.26,547.44,546.9,547.41,383642.0,547.135,1775
2025-06-27 09:31:00-04:00,547.4,547.69,547.1,547.28,295678.0,547.457,1657
2025-06-27 09:32:00-04:00,547.28,547.31,546.74,547.09,180146.0,546.979,1283
2025-06-27 09:33:00-04:00,547.11,547.67,547.05,547.65,123235.0,547.395,855
2025-06-27 09:34:00-04:00,547.67,547.74,547.42,547.49,120211.0,547.553,825
2025-06-27 09:35:00-04:00,547.49,547.58,547.25,547.25,116762.0,547.458,822
2025-06-27 09:36:00-04:00,547.24,547.65,547.2,547.63,119076.0,547.442,855
2025-06-27 09:37:00-04:00,547.65,547.87,547.5,547.85,101877.0,547.694,717
2025-06-27 09:38:00-04:00,547.84,547.94,547.71,547.94,70282.0,547.853,542
2025-06-27 09:39:00-04:00,547.95,548.09,547.9,547.97,114483.0,548.006,807
2025-06-27 09:40:00-04:00,547.96,547.96,547.48,547.76,82664.0,547.69,586
2025-06-27 09:41:00-04:00,547.75,547.91,547.67,547.74,72319.0,547.796,486
2025-06-27 09:42:00-04:00,547.74,547.97,547.73,547.88,135635.0,547.904,594
2025-06-27 09:43:00-04:00,547.88,547.98,547.85,547.95,75023.0,547.921,384
2025-06-27 09:44:00-04:00,547.94,547.96,547.7,547.87,85830.0,547.846,537
2025-06-27 09:45:00-04:00,547.87,548.13,547.83,548.0,152808.0,547.993,845
2025-06-27 09:46:00-04:00,548.0,548.14,547.94,548.0,93980.0,548.039,576
2025-06-27 09:47:00-04:00,548.0,548.08,547.94,548.0,57916.0,548.003,391
2025-06-27 09:48:00-04:00,548.0,548.11,547.96,547.98,66828.0,548.031,468
2025-06-27 09:49:00-04:00,547.98,548.06,547.88,547.9,46599.0,547.962,336
2025-06-27 09:50:00-04:00,547.92,548.04,547.88,547.9,64656.0,547.96,447
2025-06-27 09:51:00-04:00,547.91,548.0,547.78,547.96,80858.0,547.883,479
2025-06-27 09:52:00-04:00,547.97,548.08,547.9,547.96,69444.0,547.987,432
2025-06-27 09:53:00-04:00,547.99,548.14,547.99,548.02,131907.0,548.095,680
2025-06-27 09:54:00-04:00,548.02,548.12,547.92,548.1,66787.0,548.032,386
2025-06-27 09:55:00-04:00,548.08,548.44,548.08,548.37,138264.0,548.292,833
2025-06-27 09:56:00-04:00,548.37,548.68,548.36,548.63,113846.0,548.557,645
2025-06-27 09:57:00-04:00,548.63,548.71,548.47,548.51,101195.0,548.592,615
2025-06-27 09:58:00-04:00,548.54,548.62,548.47,548.61,52294.0,548.56,291
2025-06-27 09:59:00-04:00,548.61,548.72,548.55,548.6,64608.0,548.633,282
2025-06-27 10:00:00-04:00,548.6,549.22,548.6,549.17,222723.0,548.975,1235
2025-06-27 10:01:00-04:00,549.18,549.25,549.06,549.15,160304.0,549.18,817
2025-06-27 10:02:00-04:00,549.16,549.18,549.0,549.1,134824.0,549.089,747
2025-06-27 10:03:00-04:00,549.1,549.42,549.1,549.36,138465.0,549.237,945
2025-06-27 10:04:00-04:00,549.38,549.43,549.23,549.28,100171.0,549.344,595
2025-06-27 10:05:00-04:00,549.27,549.48,549.26,549.38,104320.0,549.396,714
2025-06-27 10:06:00-04:00,549.38,549.48,549.35,549.37,82142.0,549.414,515
2025-06-27 10:07:00-04:00,549.37,549.45,549.29,549.33,93417.0,549.363,550
2025-06-27 10:08:00-04:00,549.34,549.6,549.31,549.57,93971.0,549.477,586
2025-06-27 10:09:00-04:00,549.58,549.79,549.22,549.34,237614.0,549.586,1574
2025-06-27 10:10:00-04:00,549.34,549.63,549.3,549.38,137710.0,549.447,942
2025-06-27 10:11:00-04:00,549.41,549.6,549.11,549.59,145513.0,549.458,833
2025-06-27 10:12:00-04:00,549.58,549.99,549.58,549.84,110652.0,549.782,765
2025-06-27 10:13:00-04:00,549.84,549.87,549.65,549.7,69849.0,549.765,474
2025-06-27 10:14:00-04:00,549.7,549.74,549.16,549.48,140352.0,549.538,885
2025-06-27 10:15:00-04:00,549.47,549.69,549.47,549.56,58188.0,549.589,359
2025-06-27 10:16:00-04:00,549.58,549.59,549.22,549.39,191564.0,549.392,1108
2025-06-27 10:17:00-04:00,549.4,549.41,549.2,549.3,101538.0,549.307,515
2025-06-27 10:18:00-04:00,549.31,549.35,549.17,549.3,85939.0,549.281,536
2025-06-27 10:19:00-04:00,549.3,549.39,549.25,549.31,96488.0,549.328,537
2025-06-27 10:20:00-04:00,549.31,549.56,549.24,549.55,70752.0,549.384,479
2025-06-27 10:21:00-04:00,549.55,549.72,549.53,549.71,92222.0,549.655,637
2025-06-27 10:22:00-04:00,549.71,549.83,549.53,549.63,84870.0,549.704,626
2025-06-27 10:23:00-04:00,549.62,549.64,549.3,549.34,111547.0,549.46,522
2025-06-27 10:24:00-04:00,549.35,549.37,549.11,549.16,215590.0,549.26,994
2025-06-27 10:25:00-04:00,549.14,549.15,548.82,548.93,133725.0,548.947,758
2025-06-27 10:26:00-04:00,548.94,549.13,548.91,549.11,71067.0,549.029,474
2025-06-27 10:27:00-04:00,549.12,549.12,548.76,548.82,87846.0,548.876,552
2025-06-27 10:28:00-04:00,548.81,549.06,548.8,548.92,86066.0,548.961,501
2025-06-27 10:29:00-04:00,548.9,549.07,548.88,549.03,39129.0,548.996,289
2025-06-27 10:30:00-04:00,549.02,549.08,548.85,548.86,52613.0,548.954,370
2025-06-27 10:31:00-04:00,548.85,548.85,548.57,548.83,91107.0,548.71,610
2025-06-27 10:32:00-04:00,548.81,548.98,548.7,548.92,45805.0,548.876,332
2025-06-27 10:33:00-04:00,548.9,548.95,548.75,548.76,48444.0,548.86,313
2025-06-27 10:34:00-04:00,548.76,548.93,548.73,548.87,29060.0,548.853,214
2025-06-27 10:35:00-04:00,548.87,548.88,548.68,548.83,47650.0,548.781,333
2025-06-27 10:36:00-04:00,548.81,549.01,548.77,548.99,49315.0,548.91,351
2025-06-27 10:37:00-04:00,548.97,549.52,548.93,549.29,214876.0,549.289,1438
2025-06-27 10:38:00-04:00,549.3,549.71,549.22,549.68,140218.0,549.519,858
2025-06-27 10:39:00-04:00,549.69,549.76,549.37,549.39,97541.0,549.51,593
2025-06-27 10:40:00-04:00,549.39,549.5,549.28,549.36,83618.0,549.401,583
2025-06-27 10:41:00-04:00,549.35,549.41,549.27,549.39,34353.0,549.353,280
2025-06-27 10:42:00-04:00,549.39,549.53,549.29,549.42,54704.0,549.411,411
2025-06-27 10:43:00-04:00,549.42,549.5,549.36,549.49,40528.0,549.446,286
2025-06-27 10:44:00-04:00,549.5,549.56,549.35,549.42,39948.0,549.437,283
2025-06-27 10:45:00-04:00,549.45,549.49,549.32,549.36,28288.0,549.407,193
2025-06-27 10:46:00-04:00,549.37,549.38,549.15,549.22,46740.0,549.263,305
2025-06-27 10:47:00-04:00,549.21,549.36,549.17,549.32,36499.0,549.258,272
2025-06-27 10:48:00-04:00,549.32,549.41,549.21,549.22,54848.0,549.33,340
2025-06-27 10:49:00-04:00,549.22,549.29,549.13,549.24,43120.0,549.206,294
2025-06-27 10:50:00-04:00,549.23,549.27,549.1,549.12,41541.0,549.182,323
2025-06-27 10:51:00-04:00,549.1,549.14,548.62,548.62,110342.0,548.872,680
2025-06-27 10:52:00-04:00,548.61,548.72,548.3,548.69,111208.0,548.494,702
2025-06-27 10:53:00-04:00,548.67,548.92,548.59,548.91,130732.0,548.737,825
2025-06-27 10:54:00-04:00,548.92,548.92,548.75,548.82,59008.0,548.841,346
2025-06-27 10:55:00-04:00,548.83,548.84,548.43,548.43,60985.0,548.653,366
2025-06-27 10:56:00-04:00,548.44,548.48,548.31,548.42,75708.0,548.405,475
2025-06-27 10:57:00-04:00,548.41,548.52,548.33,548.42,67680.0,548.417,385
2025-06-27 10:58:00-04:00,548.42,548.47,548.2,548.45,70783.0,548.35,472
2025-06-27 10:59:00-04:00,548.46,548.54,548.36,548.45,75948.0,548.474,522
2025-06-27 11:00:00-04:00,548.46,548.49,548.14,548.23,95006.0,548.272,565
2025-06-27 11:01:00-04:00,548.21,548.37,548.18,548.3,50094.0,548.274,338
2025-06-27 11:02:00-04:00,548.29,548.53,548.27,548.45,33705.0,548.427,257
2025-06-27 11:03:00-04:00,548.47,548.71,548.47,548.67,63135.0,548.61,409
2025-06-27 11:04:00-04:00,548.68,548.77,548.63,548.69,51994.0,548.691,305
2025-06-27 11:05:00-04:00,548.68,548.77,548.61,548.67,44367.0,548.711,285
2025-06-27 11:06:00-04:00,548.68,549.01,548.68,548.98,79549.0,548.869,460
2025-06-27 11:07:00-04:00,549.0,549.04,548.87,548.91,78686.0,548.976,319
2025-06-27 11:08:00-04:00,548.92,548.95,548.83,548.83,27586.0,548.896,186
2025-06-27 11:09:00-04:00,548.83,548.91,548.74,548.86,73662.0,548.818,412
2025-06-27 11:10:00-04:00,548.86,548.99,548.83,548.87,37134.0,548.895,267
2025-06-27 11:11:00-04:00,548.86,548.98,548.86,548.89,32272.0,548.912,220
2025-06-27 11:12:00-04:00,548.88,549.09,548.88,549.01,23017.0,549.006,169
2025-06-27 11:13:00-04:00,549.01,549.11,548.96,548.96,59658.0,549.033,329
2025-06-27 11:14:00-04:00,548.96,549.0,548.85,548.92,64426.0,548.939,317
2025-06-27 11:15:00-04:00,548.92,548.94,548.81,548.9,35625.0,548.871,193
2025-06-27 11:16:00-04:00,548.88,548.9,548.59,548.61,77337.0,548.733,375
2025-06-27 11:17:00-04:00,548.6,548.65,548.48,548.62,60380.0,548.578,276
2025-06-27 11:18:00-04:00,548.62,548.64,548.46,548.59,27329.0,548.552,144
2025-06-27 11:19:00-04:00,548.61,548.83,548.61,548.82,25806.0,548.766,186
2025-06-27 11:20:00-04:00,548.82,548.84,548.63,548.69,36641.0,548.711,316
2025-06-27 11:21:00-04:00,548.71,548.98,548.7,548.98,42161.0,548.852,194
2025-06-27 11:22:00-04:00,548.98,549.18,548.98,549.15,65799.0,549.088,299
2025-06-27 11:23:00-04:00,549.14,549.17,549.04,549.17,37239.0,549.105,224
2025-06-27 11:24:00-04:00,549.16,549.17,549.02,549.16,29826.0,549.106,181
2025-06-27 11:25:00-04:00,549.17,549.21,549.0,549.09,48119.0,549.104,295
2025-06-27 11:26:00-04:00,549.1,549.15,549.04,549.14,56028.0,549.096,312
2025-06-27 11:27:00-04:00,549.14,549.18,549.03,549.04,56719.0,549.109,398
2025-06-27 11:28:00-04:00,549.06,549.22,549.06,549.14,30706.0,549.136,213
2025-06-27 11:29:00-04:00,549.15,549.26,549.14,549.26,23296.0,549.2,163
2025-06-27 11:30:00-04:00,549.26,549.32,549.19,549.28,56105.0,549.272,322
2025-06-27 11:31:00-04:00,549.27,549.54,549.24,549.47,74128.0,549.415,534
2025-06-27 11:32:00-04:00,549.48,549.57,549.45,549.53,58562.0,549.521,358
2025-06-27 11:33:00-04:00,549.56,549.59,549.49,549.54,42159.0,549.543,259
2025-06-27 11:34:00-04:00,549.53,549.62,549.48,549.61,59529.0,549.564,370
2025-06-27 11:35:00-04:00,549.62,549.65,549.57,549.6,58023.0,549.615,395
2025-06-27 11:36:00-04:00,549.6,549.73,549.58,549.67,55740.0,549.66,363
2025-06-27 11:37:00-04:00,549.68,549.74,549.6,549.64,62817.0,549.672,380
2025-06-27 11:38:00-04:00,549.62,549.68,549.52,549.68,61082.0,549.618,343
2025-06-27 11:39:00-04:00,549.69,549.74,549.68,549.71,70429.0,549.702,276
2025-06-27 11:40:00-04:00,549.72,549.79,549.56,549.73,52728.0,549.675,360
2025-06-27 11:41:00-04:00,549.75,549.85,549.71,549.72,69069.0,549.796,423
2025-06-27 11:42:00-04:00,549.73,549.8,549.61,549.67,49504.0,549.713,363
2025-06-27 11:43:00-04:00,549.67,549.76,549.62,549.74,30274.0,549.666,211
2025-06-27 11:44:00-04:00,549.75,549.86,549.74,549.79,41505.0,549.79,291
2025-06-27 11:45:00-04:00,549.79,549.81,549.62,549.65,41781.0,549.706,307
2025-06-27 11:46:00-04:00,549.67,549.86,549.65,549.86,37069.0,549.744,275
2025-06-27 11:47:00-04:00,549.85,549.87,549.74,549.8,35063.0,549.795,193
2025-06-27 11:48:00-04:00,549.8,549.84,549.75,549.83,27594.0,549.785,129
2025-06-27 11:49:00-04:00,549.84,549.93,549.8,549.88,49610.0,549.872,270
2025-06-27 11:50:00-04:00,549.89,549.91,549.72,549.77,30699.0,549.795,217
2025-06-27 11:51:00-04:00,549.78,549.83,549.66,549.67,34356.0,549.754,236
2025-06-27 11:52:00-04:00,549.67,549.74,549.65,549.65,19439.0,549.695,149
2025-06-27 11:53:00-04:00,549.66,549.79,549.63,549.66,41679.0,549.699,297
2025-06-27 11:54:00-04:00,549.67,549.8,549.66,549.79,30906.0,549.728,191
2025-06-27 11:55:00-04:00,549.79,549.84,549.77,549.83,33968.0,549.807,233
2025-06-27 11:56:00-04:00,549.84,549.84,549.69,549.72,60227.0,549.734,304
2025-06-27 11:57:00-04:00,549.73,549.77,549.68,549.7,34084.0,549.717,199
2025-06-27 11:58:00-04:00,549.7,549.78,549.65,549.77,45327.0,549.701,203
2025-06-27 11:59:00-04:00,549.78,549.79,549.63,549.65,34771.0,549.715,199
2025-06-27 12:00:00-04:00,549.66,549.66,549.43,549.43,143817.0,549.542,712
2025-06-27 12:01:00-04:00,549.43,549.49,549.38,549.4,53955.0,549.438,306
2025-06-27 12:02:00-04:00,549.42,549.56,549.41,549.5,67285.0,549.51,325
2025-06-27 12:03:00-04:00,549.5,549.66,549.5,549.55,60389.0,549.557,322
2025-06-27 12:04:00-04:00,549.56,549.59,549.36,549.48,36622.0,549.474,272
2025-06-27 12:05:00-04:00,549.47,549.63,549.47,549.59,65166.0,549.569,356
2025-06-27 12:06:00-04:00,549.59,549.64,549.57,549.61,23798.0,549.597,163
2025-06-27 12:07:00-04:00,549.6,549.6,549.5,549.55,46250.0,549.545,231
2025-06-27 12:08:00-04:00,549.54,549.56,549.43,549.48,34945.0,549.491,204
2025-06-27 12:09:00-04:00,549.48,549.53,549.43,549.51,50225.0,549.489,286
2025-06-27 12:10:00-04:00,549.5,549.54,549.44,549.48,40820.0,549.491,246
2025-06-27 12:11:00-04:00,549.47,549.48,549.4,549.46,17125.0,549.438,128
2025-06-27 12:12:00-04:00,549.47,549.62,549.43,549.6,29841.0,549.512,224
2025-06-27 12:13:00-04:00,549.61,549.63,549.52,549.55,26843.0,549.579,192
2025-06-27 12:14:00-04:00,549.55,549.59,549.44,549.45,62758.0,549.499,320
2025-06-27 12:15:00-04:00,549.47,549.5,549.3,549.41,60389.0,549.385,355
2025-06-27 12:16:00-04:00,549.44,549.47,549.25,549.26,39599.0,549.349,288
2025-06-27 12:17:00-04:00,549.27,549.33,549.07,549.3,98783.0,549.218,652
2025-06-27 12:18:00-04:00,549.29,549.3,549.13,549.14,33470.0,549.202,174
2025-06-27 12:19:00-04:00,549.12,549.12,548.92,549.03,82053.0,549.025,448
2025-06-27 12:20:00-04:00,549.05,549.12,548.92,549.11,90852.0,549.015,555
2025-06-27 12:21:00-04:00,549.1,549.24,549.07,549.22,36054.0,549.18,272
2025-06-27 12:22:00-04:00,549.22,549.22,549.13,549.15,27517.0,549.181,168
2025-06-27 12:23:00-04:00,549.15,549.17,549.01,549.02,40676.0,549.087,258
2025-06-27 12:24:00-04:00,549.02,549.08,549.0,549.07,47455.0,549.037,248
2025-06-27 12:25:00-04:00,549.05,549.3,549.0,549.3,53581.0,549.166,327
2025-06-27 12:26:00-04:00,549.27,549.28,549.15,549.24,40853.0,549.235,183
2025-06-27 12:27:00-04:00,549.24,549.33,549.23,549.25,76713.0,549.279,366
2025-06-27 12:28:00-04:00,549.26,549.4,549.23,549.37,66677.0,549.306,377
2025-06-27 12:29:00-04:00,549.37,549.41,549.31,549.36,54349.0,549.362,313
2025-06-27 12:30:00-04:00,549.37,549.37,549.22,549.27,46510.0,549.296,315
2025-06-27 12:31:00-04:00,549.26,549.4,549.25,549.4,51844.0,549.314,303
2025-06-27 12:32:00-04:00,549.4,549.43,549.3,549.32,25298.0,549.37,184
2025-06-27 12:33:00-04:00,549.31,549.34,549.24,549.31,27181.0,549.296,162
2025-06-27 12:34:00-04:00,549.32,549.35,549.23,549.25,40862.0,549.299,253
2025-06-27 12:35:00-04:00,549.25,549.25,549.12,549.19,81069.0,549.18,539
2025-06-27 12:36:00-04:00,549.2,549.21,548.99,549.09,39516.0,549.072,267
2025-06-27 12:37:00-04:00,549.08,549.16,549.02,549.14,29803.0,549.081,205
2025-06-27 12:38:00-04:00,549.15,549.24,549.11,549.13,38437.0,549.173,261
2025-06-27 12:39:00-04:00,549.13,549.15,549.0,549.11,52813.0,549.052,265
2025-06-27 12:40:00-04:00,549.12,549.2,548.98,549.2,54292.0,549.071,353
2025-06-27 12:41:00-04:00,549.2,549.23,549.05,549.08,43556.0,549.118,241
2025-06-27 12:42:00-04:00,549.09,549.12,548.93,548.94,60724.0,549.025,410
2025-06-27 12:43:00-04:00,548.95,548.97,548.86,548.89,44199.0,548.901,274
2025-06-27 12:44:00-04:00,548.9,548.94,548.78,548.93,65711.0,548.857,366
2025-06-27 12:45:00-04:00,548.94,548.99,548.86,548.93,75004.0,548.93,477
2025-06-27 12:46:00-04:00,548.91,548.91,548.79,548.85,41358.0,548.833,210
2025-06-27 12:47:00-04:00,548.85,548.93,548.83,548.88,47884.0,548.88,301
2025-06-27 12:48:00-04:00,548.87,548.9,548.76,548.81,31140.0,548.836,207
2025-06-27 12:49:00-04:00,548.8,548.85,548.69,548.83,51333.0,548.774,288
2025-06-27 12:50:00-04:00,548.84,548.88,548.71,548.87,51043.0,548.809,282
2025-06-27 12:51:00-04:00,548.87,549.09,548.84,549.08,96767.0,549.011,567
2025-06-27 12:52:00-04:00,549.07,549.12,548.99,549.12,70349.0,549.049,373
2025-06-27 12:53:00-04:00,549.1,549.12,549.0,549.07,34995.0,549.039,193
2025-06-27 12:54:00-04:00,549.08,549.15,548.99,549.1,39293.0,549.078,235
2025-06-27 12:55:00-04:00,549.12,549.17,549.03,549.14,51420.0,549.129,323
2025-06-27 12:56:00-04:00,549.13,549.3,549.13,549.29,110070.0,549.215,498
2025-06-27 12:57:00-04:00,549.28,549.38,549.27,549.3,66573.0,549.325,394
2025-06-27 12:58:00-04:00,549.31,549.32,549.18,549.29,76709.0,549.236,359
2025-06-27 12:59:00-04:00,549.29,549.35,549.25,549.3,44918.0,549.313,267
2025-06-27 13:00:00-04:00,549.28,549.3,548.99,549.21,105991.0,549.128,565
2025-06-27 13:01:00-04:00,549.2,549.22,549.06,549.07,53383.0,549.144,300
2025-06-27 13:02:00-04:00,549.06,549.06,548.92,548.93,39088.0,549.0,206
2025-06-27 13:03:00-04:00,548.93,549.04,548.83,549.04,70544.0,548.939,339
2025-06-27 13:04:00-04:00,549.04,549.06,548.97,549.02,87437.0,549.022,413
2025-06-27 13:05:00-04:00,549.02,549.08,548.97,548.98,75670.0,549.037,345
2025-06-27 13:06:00-04:00,548.99,549.07,548.93,548.94,38386.0,549.0,210
2025-06-27 13:07:00-04:00,549.0,549.13,548.96,549.11,34330.0,549.084,203
2025-06-27 13:08:00-04:00,549.15,549.18,549.08,549.11,28885.0,549.12,180
2025-06-27 13:09:00-04:00,549.1,549.17,549.09,549.16,20572.0,549.138,148
2025-06-27 13:10:00-04:00,549.16,549.31,549.15,549.27,68248.0,549.229,321
2025-06-27 13:11:00-04:00,549.27,549.3,549.19,549.23,41152.0,549.245,231
2025-06-27 13:12:00-04:00,549.25,549.28,549.2,549.28,16683.0,549.24,121
2025-06-27 13:13:00-04:00,549.28,549.37,549.28,549.34,36547.0,549.32,219
2025-06-27 13:14:00-04:00,549.34,549.36,549.26,549.32,26746.0,549.314,165
2025-06-27 13:15:00-04:00,549.31,549.33,549.19,549.2,22975.0,549.268,146
2025-06-27 13:16:00-04:00,549.2,549.27,549.15,549.22,22304.0,549.201,158
2025-06-27 13:17:00-04:00,549.23,549.24,549.14,549.2,26017.0,549.19,167
2025-06-27 13:18:00-04:00,549.19,549.2,548.98,548.98,44512.0,549.073,274
2025-06-27 13:19:00-04:00,548.99,549.09,548.95,549.09,41466.0,549.007,257
2025-06-27 13:20:00-04:00,549.09,549.1,548.94,549.02,21796.0,548.998,159
2025-06-27 13:21:00-04:00,549.02,549.05,548.93,549.04,24584.0,549.001,163
2025-06-27 13:22:00-04:00,549.03,549.04,548.81,548.85,57411.0,548.897,277
2025-06-27 13:23:00-04:00,548.87,548.87,548.65,548.7,40511.0,548.775,248
2025-06-27 13:24:00-04:00,548.69,548.83,548.61,548.77,48417.0,548.737,293
2025-06-27 13:25:00-04:00,548.78,548.8,548.68,548.72,52342.0,548.748,284
2025-06-27 13:26:00-04:00,548.74,548.88,548.71,548.87,37048.0,548.808,213
2025-06-27 13:27:00-04:00,548.87,548.89,548.73,548.75,48030.0,548.807,246
2025-06-27 13:28:00-04:00,548.75,548.77,548.65,548.73,49614.0,548.712,289
2025-06-27 13:29:00-04:00,548.74,548.77,548.65,548.76,39106.0,548.71,256
2025-06-27 13:30:00-04:00,548.76,548.85,548.6,548.83,39567.0,548.717,243
2025-06-27 13:31:00-04:00,548.82,548.93,548.79,548.9,35283.0,548.878,273
2025-06-27 13:32:00-04:00,548.9,548.91,548.73,548.8,49802.0,548.799,344
2025-06-27 13:33:00-04:00,548.8,548.86,548.67,548.74,57802.0,548.726,419
2025-06-27 13:34:00-04:00,548.72,548.78,548.64,548.64,33279.0,548.689,251
2025-06-27 13:35:00-04:00,548.63,548.68,548.47,548.6,68943.0,548.579,498
2025-06-27 13:36:00-04:00,548.6,548.67,548.56,548.58,40455.0,548.605,309
2025-06-27 13:37:00-04:00,548.58,548.74,548.57,548.66,24715.0,548.667,196
2025-06-27 13:38:00-04:00,548.65,548.7,548.58,548.7,15108.0,548.645,137
2025-06-27 13:39:00-04:00,548.7,548.8,548.69,548.78,32431.0,548.738,216
2025-06-27 13:40:00-04:00,548.78,548.91,548.76,548.91,39734.0,548.837,252
2025-06-27 13:41:00-04:00,548.91,548.98,548.89,548.96,29310.0,548.934,210
2025-06-27 13:42:00-04:00,548.96,548.99,548.84,548.85,25084.0,548.923,187
2025-06-27 13:43:00-04:00,548.86,548.95,548.78,548.8,23459.0,548.849,165
2025-06-27 13:44:00-04:00,548.8,548.86,547.7,548.28,432709.0,548.267,3231
2025-06-27 13:45:00-04:00,548.27,548.27,547.75,547.76,179481.0,548.037,1194
2025-06-27 13:46:00-04:00,547.75,547.75,547.13,547.56,420780.0,547.495,2821
2025-06-27 13:47:00-04:00,547.52,547.92,547.42,547.83,169828.0,547.712,1166
2025-06-27 13:48:00-04:00,547.82,547.9,547.4,547.52,100151.0,547.674,641
2025-06-27 13:49:00-04:00,547.49,547.61,547.33,547.45,97346.0,547.472,679
2025-06-27 13:50:00-04:00,547.41,547.51,547.02,547.33,209118.0,547.238,1223
2025-06-27 13:51:00-04:00,547.32,547.45,547.07,547.38,147067.0,547.245,963
2025-06-27 13:52:00-04:00,547.37,547.74,547.36,547.73,137681.0,547.642,952
2025-06-27 13:53:00-04:00,547.73,547.79,547.51,547.57,67332.0,547.669,477
2025-06-27 13:54:00-04:00,547.58,547.64,547.32,547.51,67324.0,547.469,540
2025-06-27 13:55:00-04:00,547.5,547.53,547.18,547.26,112025.0,547.316,783
2025-06-27 13:56:00-04:00,547.25,547.38,546.95,547.36,172942.0,547.167,1198
2025-06-27 13:57:00-04:00,547.34,547.61,547.29,547.58,143235.0,547.47,1132
2025-06-27 13:58:00-04:00,547.55,547.71,547.48,547.69,90133.0,547.609,674
2025-06-27 13:59:00-04:00,547.67,548.04,547.67,547.89,149613.0,547.913,1032
2025-06-27 14:00:00-04:00,547.89,547.96,547.61,547.67,143540.0,547.802,754
2025-06-27 14:01:00-04:00,547.65,547.68,547.52,547.66,125901.0,547.589,700
2025-06-27 14:02:00-04:00,547.66,547.87,547.62,547.8,119943.0,547.79,622
2025-06-27 14:03:00-04:00,547.81,547.96,547.76,547.76,106140.0,547.899,624
2025-06-27 14:04:00-04:00,547.78,547.82,547.61,547.72,105012.0,547.742,629
2025-06-27 14:05:00-04:00,547.71,547.87,547.62,547.87,83490.0,547.772,404
2025-06-27 14:06:00-04:00,547.86,548.02,547.83,547.93,109001.0,547.946,579
2025-06-27 14:07:00-04:00,547.92,547.98,547.76,547.77,51597.0,547.845,293
2025-06-27 14:08:00-04:00,547.77,547.84,547.67,547.71,51536.0,547.735,301
2025-06-27 14:09:00-04:00,547.72,547.89,547.7,547.72,44806.0,547.793,276
2025-06-27 14:10:00-04:00,547.72,547.85,547.72,547.82,52242.0,547.791,324
2025-06-27 14:11:00-04:00,547.82,547.83,547.65,547.71,30967.0,547.738,212
2025-06-27 14:12:00-04:00,547.71,547.73,547.42,547.47,73304.0,547.547,466
2025-06-27 14:13:00-04:00,547.47,547.49,547.18,547.18,68880.0,547.308,455
2025-06-27 14:14:00-04:00,547.18,547.36,547.16,547.29,72794.0,547.272,441
2025-06-27 14:15:00-04:00,547.29,547.46,547.22,547.26,57347.0,547.321,408
2025-06-27 14:16:00-04:00,547.25,547.36,547.13,547.29,57201.0,547.25,401
2025-06-27 14:17:00-04:00,547.28,547.43,547.2,547.36,54958.0,547.337,391
2025-06-27 14:18:00-04:00,547.38,547.39,546.89,546.9,86674.0,547.085,550
2025-06-27 14:19:00-04:00,546.85,546.96,546.48,546.8,219669.0,546.768,1337
2025-06-27 14:20:00-04:00,546.8,546.92,546.63,546.76,123631.0,546.751,791
2025-06-27 14:21:00-04:00,546.74,546.8,546.57,546.76,135169.0,546.694,800
2025-06-27 14:22:00-04:00,546.76,546.78,546.38,546.54,142701.0,546.567,926
2025-06-27 14:23:00-04:00,546.54,546.89,546.49,546.76,102842.0,546.716,706
2025-06-27 14:24:00-04:00,546.76,547.03,546.73,546.86,93676.0,546.912,727
2025-06-27 14:25:00-04:00,546.86,547.06,546.84,547.02,122963.0,546.955,953
2025-06-27 14:26:00-04:00,547.01,547.06,546.78,546.85,58124.0,546.914,424
2025-06-27 14:27:00-04:00,546.84,546.86,546.65,546.66,62700.0,546.728,338
2025-06-27 14:28:00-04:00,546.67,546.77,546.44,546.48,88309.0,546.603,495
2025-06-27 14:29:00-04:00,546.51,546.56,546.18,546.18,144465.0,546.347,919
2025-06-27 14:30:00-04:00,546.19,546.34,545.8,545.89,286826.0,546.025,1803
2025-06-27 14:31:00-04:00,545.93,546.14,545.75,545.91,250424.0,545.974,1669
2025-06-27 14:32:00-04:00,545.9,546.37,545.81,546.31,179398.0,546.099,1070
2025-06-27 14:33:00-04:00,546.32,546.43,546.09,546.09,114805.0,546.295,685
2025-06-27 14:34:00-04:00,546.06,546.29,546.05,546.26,88611.0,546.195,642
2025-06-27 14:35:00-04:00,546.27,546.38,546.1,546.36,165902.0,546.25,941
2025-06-27 14:36:00-04:00,546.36,546.39,545.91,545.92,147611.0,546.175,951
2025-06-27 14:37:00-04:00,545.9,546.01,545.78,545.84,90486.0,545.876,657
2025-06-27 14:38:00-04:00,545.85,545.89,545.49,545.5,122891.0,545.715,755
2025-06-27 14:39:00-04:00,545.51,545.7,545.39,545.41,140400.0,545.576,905
2025-06-27 14:40:00-04:00,545.42,545.46,545.13,545.31,237276.0,545.302,1755
2025-06-27 14:41:00-04:00,545.3,545.4,545.02,545.34,182906.0,545.182,1430
2025-06-27 14:42:00-04:00,545.35,545.37,544.91,544.91,142125.0,545.086,1036
2025-06-27 14:43:00-04:00,544.9,545.06,544.81,544.95,225671.0,544.929,1667
2025-06-27 14:44:00-04:00,544.92,545.53,544.92,545.51,183445.0,545.311,1344
2025-06-27 14:45:00-04:00,545.51,545.94,545.38,545.83,172149.0,545.723,1252
2025-06-27 14:46:00-04:00,545.86,546.0,545.64,545.96,123906.0,545.837,992
2025-06-27 14:47:00-04:00,545.96,546.0,545.56,545.68,108654.0,545.832,781
2025-06-27 14:48:00-04:00,545.68,545.79,545.51,545.51,55966.0,545.66,414
2025-06-27 14:49:00-04:00,545.51,545.73,545.38,545.39,69378.0,545.598,532
2025-06-27 14:50:00-04:00,545.4,545.42,545.05,545.15,114187.0,545.219,752
2025-06-27 14:51:00-04:00,545.17,545.31,545.07,545.17,103562.0,545.193,740
2025-06-27 14:52:00-04:00,545.17,545.27,544.6,544.6,144126.0,544.904,1046
2025-06-27 14:53:00-04:00,544.59,545.08,544.55,544.97,136411.0,544.855,1074
2025-06-27 14:54:00-04:00,544.99,545.07,544.81,544.83,75594.0,544.93,518
2025-06-27 14:55:00-04:00,544.81,544.91,544.55,544.57,91718.0,544.722,627
2025-06-27 14:56:00-04:00,544.56,544.88,544.54,544.58,137591.0,544.667,934
2025-06-27 14:57:00-04:00,544.57,544.95,544.55,544.75,134820.0,544.772,963
2025-06-27 14:58:00-04:00,544.76,544.96,544.64,544.87,136001.0,544.806,920
2025-06-27 14:59:00-04:00,544.86,544.92,544.71,544.8,97609.0,544.817,652
2025-06-27 15:00:00-04:00,544.8,545.21,544.68,544.98,156625.0,545.001,818
2025-06-27 15:01:00-04:00,544.98,545.15,544.81,544.9,91409.0,544.963,543
2025-06-27 15:02:00-04:00,544.88,545.26,544.88,545.16,105538.0,545.087,682
2025-06-27 15:03:00-04:00,545.14,545.33,545.06,545.3,106930.0,545.197,671
2025-06-27 15:04:00-04:00,545.29,545.59,545.24,545.49,64320.0,545.471,466
2025-06-27 15:05:00-04:00,545.48,545.55,545.15,545.34,115071.0,545.333,674
2025-06-27 15:06:00-04:00,545.34,545.69,545.34,545.65,104396.0,545.57,622
2025-06-27 15:07:00-04:00,545.64,545.84,545.62,545.78,107711.0,545.71,620
2025-06-27 15:08:00-04:00,545.81,545.82,545.59,545.65,89810.0,545.721,524
2025-06-27 15:09:00-04:00,545.64,545.73,545.55,545.61,53263.0,545.648,406
2025-06-27 15:10:00-04:00,545.61,545.95,545.59,545.92,66935.0,545.806,424
2025-06-27 15:11:00-04:00,545.92,546.16,545.89,546.11,95819.0,546.066,528
2025-06-27 15:12:00-04:00,546.11,546.19,545.87,545.92,75397.0,546.014,469
2025-06-27 15:13:00-04:00,545.94,546.1,545.93,546.08,40272.0,546.039,262
2025-06-27 15:14:00-04:00,546.07,546.17,546.06,546.14,44147.0,546.118,272
2025-06-27 15:15:00-04:00,546.16,546.28,546.12,546.12,85986.0,546.209,438
2025-06-27 15:16:00-04:00,546.13,546.27,546.09,546.23,48715.0,546.18,304
2025-06-27 15:17:00-04:00,546.24,546.24,545.85,545.98,140507.0,545.978,848
2025-06-27 15:18:00-04:00,545.97,546.01,545.81,545.84,58727.0,545.911,315
2025-06-27 15:19:00-04:00,545.83,546.06,545.82,546.05,44572.0,545.927,311
2025-06-27 15:20:00-04:00,546.05,546.17,546.0,546.11,49430.0,546.1,333
2025-06-27 15:21:00-04:00,546.13,546.16,546.03,546.05,37966.0,546.087,244
2025-06-27 15:22:00-04:00,546.04,546.4,546.03,546.31,88801.0,546.299,586
2025-06-27 15:23:00-04:00,546.3,546.33,546.19,546.31,24140.0,546.254,187
2025-06-27 15:24:00-04:00,546.32,546.42,546.31,546.41,38062.0,546.372,255
2025-06-27 15:25:00-04:00,546.4,546.6,546.34,546.6,65663.0,546.46,390
2025-06-27 15:26:00-04:00,546.59,546.61,546.37,546.43,63095.0,546.478,397
2025-06-27 15:27:00-04:00,546.43,546.5,546.38,546.42,41085.0,546.437,259
2025-06-27 15:28:00-04:00,546.42,546.42,546.14,546.16,71085.0,546.286,382
2025-06-27 15:29:00-04:00,546.14,546.28,546.13,546.26,78433.0,546.217,498
2025-06-27 15:30:00-04:00,546.26,546.54,546.26,546.51,65615.0,546.411,479
2025-06-27 15:31:00-04:00,546.52,546.61,546.46,546.5,87113.0,546.528,586
2025-06-27 15:32:00-04:00,546.49,546.55,546.43,546.55,56768.0,546.469,396
2025-06-27 15:33:00-04:00,546.56,546.69,546.53,546.69,60559.0,546.611,437
2025-06-27 15:34:00-04:00,546.69,546.76,546.61,546.69,61513.0,546.706,416
2025-06-27 15:35:00-04:00,546.69,546.74,546.54,546.64,94015.0,546.629,598
2025-06-27 15:36:00-04:00,546.63,546.78,546.61,546.7,78959.0,546.723,535
2025-06-27 15:37:00-04:00,546.7,546.87,546.62,546.85,75505.0,546.753,514
2025-06-27 15:38:00-04:00,546.86,546.92,546.78,546.87,71180.0,546.83,395
2025-06-27 15:39:00-04:00,546.87,546.95,546.8,546.9,80282.0,546.877,535
2025-06-27 15:40:00-04:00,546.89,547.13,546.89,547.12,76114.0,547.028,481
2025-06-27 15:41:00-04:00,547.13,547.19,546.96,547.04,100898.0,547.108,554
2025-06-27 15:42:00-04:00,547.04,547.14,546.93,547.09,59441.0,547.066,405
2025-06-27 15:43:00-04:00,547.1,547.16,547.05,547.14,46149.0,547.097,369
2025-06-27 15:44:00-04:00,547.14,547.16,547.03,547.07,57604.0,547.091,387
2025-06-27 15:45:00-04:00,547.07,547.22,547.03,547.17,56540.0,547.154,413
2025-06-27 15:46:00-04:00,547.17,547.3,547.14,547.29,95931.0,547.218,634
2025-06-27 15:47:00-04:00,547.3,547.36,547.23,547.28,120492.0,547.298,696
2025-06-27 15:48:00-04:00,547.27,547.42,547.16,547.36,127930.0,547.31,927
2025-06-27 15:49:00-04:00,547.36,547.37,547.03,547.08,148061.0,547.175,1051
2025-06-27 15:50:00-04:00,547.1,547.82,546.97,547.49,375860.0,547.495,2601
2025-06-27 15:51:00-04:00,547.48,547.55,547.25,547.51,188607.0,547.443,1333
2025-06-27 15:52:00-04:00,547.49,547.53,547.34,547.41,115938.0,547.441,817
2025-06-27 15:53:00-04:00,547.43,547.73,547.43,547.72,152545.0,547.592,1146
2025-06-27 15:54:00-04:00,547.72,548.0,547.53,547.83,323960.0,547.761,2136
2025-06-27 15:55:00-04:00,547.84,548.07,547.79,547.87,298800.0,547.902,2056
2025-06-27 15:56:00-04:00,547.87,548.1,547.84,548.1,176004.0,547.98,1288
2025-06-27 15:57:00-04:00,548.1,548.37,548.1,548.27,282351.0,548.245,1796
2025-06-27 15:58:00-04:00,548.28,548.33,548.01,548.29,568684.0,548.183,2885
2025-06-27 15:59:00-04:00,548.29,548.39,548.05,548.21,858075.0,548.251,4669
2025-06-30 09:30:00-04:00,551.26,551.31,550.73,551.16,550247.0,551.032,2446
2025-06-30 09:31:00-04:00,551.17,551.31,550.66,550.66,237209.0,551.071,1634
2025-06-30 09:32:00-04:00,550.67,550.76,550.27,550.29,158039.0,550.481,1127
2025-06-30 09:33:00-04:00,550.26,550.34,550.08,550.22,90288.0,550.204,606
2025-06-30 09:34:00-04:00,550.21,550.26,549.94,550.14,119504.0,550.094,742
2025-06-30 09:35:00-04:00,550.15,550.21,549.92,550.06,188131.0,550.047,788
2025-06-30 09:36:00-04:00,550.06,550.14,549.75,550.12,123791.0,549.965,965
2025-06-30 09:37:00-04:00,550.12,550.48,550.01,550.38,130124.0,550.306,947
2025-06-30 09:38:00-04:00,550.38,550.6,550.29,550.55,78147.0,550.435,551
2025-06-30 09:39:00-04:00,550.54,550.66,550.3,550.3,79257.0,550.531,519
2025-06-30 09:40:00-04:00,550.31,550.45,550.09,550.28,75062.0,550.264,460
2025-06-30 09:41:00-04:00,550.26,550.41,550.13,550.4,62598.0,550.29,441
2025-06-30 09:42:00-04:00,550.38,550.39,550.19,550.35,51051.0,550.295,340
2025-06-30 09:43:00-04:00,550.34,550.44,549.97,549.97,115111.0,550.225,719
2025-06-30 09:44:00-04:00,549.96,549.97,549.66,549.87,129302.0,549.816,869
2025-06-30 09:45:00-04:00,549.88,550.21,549.8,550.07,103984.0,550.037,722
2025-06-30 09:46:00-04:00,550.08,550.22,549.98,550.13,76672.0,550.092,559
2025-06-30 09:47:00-04:00,550.13,550.15,549.68,549.71,112009.0,549.91,737
2025-06-30 09:48:00-04:00,549.66,549.95,549.61,549.76,126683.0,549.785,895
2025-06-30 09:49:00-04:00,549.76,549.78,549.01,549.51,225165.0,549.467,1645
2025-06-30 09:50:00-04:00,549.53,549.81,549.46,549.5,145200.0,549.635,910
2025-06-30 09:51:00-04:00,549.49,549.69,549.4,549.62,78278.0,549.544,549
2025-06-30 09:52:00-04:00,549.62,549.95,549.6,549.94,115665.0,549.768,769
2025-06-30 09:53:00-04:00,549.92,550.01,549.78,549.87,124839.0,549.914,912
2025-06-30 09:54:00-04:00,549.86,549.94,549.65,549.68,68665.0,549.789,568
2025-06-30 09:55:00-04:00,549.67,550.12,549.67,550.04,148150.0,549.93,1004
2025-06-30 09:56:00-04:00,550.06,550.18,549.97,550.02,137439.0,550.073,944
2025-06-30 09:57:00-04:00,550.02,550.06,549.81,549.9,91005.0,549.919,687
2025-06-30 09:58:00-04:00,549.89,550.17,549.8,550.08,93267.0,550.012,726
2025-06-30 09:59:00-04:00,550.1,550.23,550.06,550.13,84436.0,550.142,683
2025-06-30 10:00:00-04:00,550.13,550.42,550.02,550.15,115590.0,550.2,917
2025-06-30 10:01:00-04:00,550.14,550.45,550.1,550.3,85681.0,550.324,631
2025-06-30 10:02:00-04:00,550.29,550.32,550.12,550.19,76344.0,550.225,548
2025-06-30 10:03:00-04:00,550.19,550.31,550.11,550.21,60065.0,550.244,441
2025-06-30 10:04:00-04:00,550.22,550.29,550.13,550.28,50513.0,550.21,348
2025-06-30 10:05:00-04:00,550.25,550.27,550.1,550.22,62655.0,550.2,436
2025-06-30 10:06:00-04:00,550.2,550.27,549.95,550.08,112730.0,550.093,759
2025-06-30 10:07:00-04:00,550.05,550.3,549.9,550.28,84432.0,550.089,531
2025-06-30 10:08:00-04:00,550.3,550.44,550.12,550.27,85419.0,550.301,683
2025-06-30 10:09:00-04:00,550.26,550.3,550.09,550.21,52405.0,550.196,390
2025-06-30 10:10:00-04:00,550.19,550.38,550.16,550.37,53501.0,550.276,415
2025-06-30 10:11:00-04:00,550.37,550.68,550.35,550.67,74974.0,550.541,600
2025-06-30 10:12:00-04:00,550.68,550.76,550.6,550.68,84695.0,550.678,557
2025-06-30 10:13:00-04:00,550.69,550.7,550.51,550.61,88527.0,550.607,457
2025-06-30 10:14:00-04:00,550.58,550.59,550.32,550.55,59776.0,550.445,420
2025-06-30 10:15:00-04:00,550.55,550.56,550.42,550.44,51069.0,550.491,396
2025-06-30 10:16:00-04:00,550.46,550.59,550.25,550.29,69238.0,550.427,504
2025-06-30 10:17:00-04:00,550.3,550.31,550.13,550.22,57304.0,550.23,356
2025-06-30 10:18:00-04:00,550.21,550.28,550.0,550.21,97952.0,550.147,580
2025-06-30 10:19:00-04:00,550.21,550.39,550.17,550.36,72957.0,550.286,436
2025-06-30 10:20:00-04:00,550.33,550.4,549.98,550.03,96258.0,550.191,688
2025-06-30 10:21:00-04:00,550.01,550.04,549.7,549.83,128367.0,549.851,901
2025-06-30 10:22:00-04:00,549.83,549.98,549.78,549.89,72629.0,549.892,499
2025-06-30 10:23:00-04:00,549.9,550.08,549.78,549.98,104926.0,549.923,800
2025-06-30 10:24:00-04:00,549.98,550.07,549.89,550.06,83516.0,549.983,531
2025-06-30 10:25:00-04:00,550.04,550.11,549.84,549.85,79178.0,549.982,640
2025-06-30 10:26:00-04:00,549.82,550.07,549.81,550.01,64667.0,549.948,483
2025-06-30 10:27:00-04:00,550.01,550.14,549.96,550.05,64512.0,550.055,484
2025-06-30 10:28:00-04:00,550.03,550.23,549.96,550.21,48730.0,550.109,359
2025-06-30 10:29:00-04:00,550.22,550.5,550.15,550.5,92577.0,550.357,672
2025-06-30 10:30:00-04:00,550.51,550.57,550.35,550.41,69482.0,550.479,530
2025-06-30 10:31:00-04:00,550.41,550.46,550.2,550.34,52439.0,550.335,408
2025-06-30 10:32:00-04:00,550.34,550.4,550.19,550.35,41437.0,550.315,307
2025-06-30 10:33:00-04:00,550.35,550.44,550.22,550.3,32091.0,550.325,224
2025-06-30 10:34:00-04:00,550.28,550.3,550.13,550.13,40140.0,550.191,287
2025-06-30 10:35:00-04:00,550.13,550.14,550.02,550.06,36336.0,550.078,307
2025-06-30 10:36:00-04:00,550.05,550.13,549.95,550.13,89100.0,550.035,681
2025-06-30 10:37:00-04:00,550.13,550.16,549.86,549.86,80500.0,550.005,630
2025-06-30 10:38:00-04:00,549.86,550.04,549.71,549.94,110799.0,549.865,863
2025-06-30 10:39:00-04:00,549.94,550.02,549.89,549.91,47792.0,549.963,394
2025-06-30 10:40:00-04:00,549.92,549.99,549.74,549.97,64498.0,549.885,492
2025-06-30 10:41:00-04:00,549.96,550.18,549.93,550.16,85141.0,550.102,673
2025-06-30 10:42:00-04:00,550.15,550.42,550.12,550.37,93975.0,550.284,701
2025-06-30 10:43:00-04:00,550.38,550.38,550.05,550.17,68955.0,550.248,489
2025-06-30 10:44:00-04:00,550.15,550.19,549.97,549.99,65199.0,550.058,360
2025-06-30 10:45:00-04:00,549.98,550.07,549.9,549.93,50888.0,549.97,310
2025-06-30 10:46:00-04:00,549.92,550.09,549.76,550.06,66380.0,549.941,364
2025-06-30 10:47:00-04:00,550.07,550.2,550.04,550.19,34470.0,550.142,260
2025-06-30 10:48:00-04:00,550.2,550.34,550.2,550.27,59620.0,550.27,413
2025-06-30 10:49:00-04:00,550.29,550.35,550.22,550.24,63300.0,550.277,500
2025-06-30 10:50:00-04:00,550.24,550.27,550.03,550.08,53907.0,550.156,415
2025-06-30 10:51:00-04:00,550.07,550.2,550.05,550.14,33654.0,550.098,301
2025-06-30 10:52:00-04:00,550.14,550.15,550.02,550.04,31097.0,550.08,239
2025-06-30 10:53:00-04:00,550.05,550.05,549.9,549.92,28481.0,549.974,213
2025-06-30 10:54:00-04:00,549.88,550.02,549.86,550.02,27946.0,549.931,194
2025-06-30 10:55:00-04:00,550.01,550.18,550.01,550.17,28575.0,550.077,225
2025-06-30 10:56:00-04:00,550.17,550.17,549.96,549.97,26122.0,550.049,208
2025-06-30 10:57:00-04:00,549.96,550.02,549.92,549.93,24362.0,549.971,193
2025-06-30 10:58:00-04:00,549.93,550.03,549.92,550.0,28487.0,549.989,238
2025-06-30 10:59:00-04:00,549.98,550.0,549.9,549.99,27178.0,549.943,208
2025-06-30 11:00:00-04:00,550.0,550.19,549.86,550.07,62308.0,550.033,449
2025-06-30 11:01:00-04:00,550.09,550.12,549.88,550.0,60033.0,549.979,422
2025-06-30 11:02:00-04:00,550.0,550.01,549.86,549.95,45015.0,549.933,324
2025-06-30 11:03:00-04:00,549.92,550.15,549.88,550.14,45812.0,550.001,404
2025-06-30 11:04:00-04:00,550.15,550.27,550.08,550.21,48493.0,550.185,386
2025-06-30 11:05:00-04:00,550.21,550.36,550.2,550.34,62224.0,550.3,445
2025-06-30 11:06:00-04:00,550.35,550.4,550.26,550.27,61082.0,550.34,407
2025-06-30 11:07:00-04:00,550.27,550.37,550.17,550.25,35307.0,550.267,283
2025-06-30 11:08:00-04:00,550.26,550.39,550.26,550.32,48097.0,550.357,235
2025-06-30 11:09:00-04:00,550.32,550.48,550.29,550.46,53210.0,550.404,344
2025-06-30 11:10:00-04:00,550.45,550.47,550.29,550.29,51245.0,550.4,318
2025-06-30 11:11:00-04:00,550.29,550.31,549.96,550.06,66866.0,550.124,442
2025-06-30 11:12:00-04:00,550.03,550.12,549.86,549.95,40122.0,549.932,225
2025-06-30 11:13:00-04:00,549.94,549.98,549.78,549.79,30173.0,549.909,205
2025-06-30 11:14:00-04:00,549.77,549.88,549.71,549.87,45048.0,549.796,264
2025-06-30 11:15:00-04:00,549.85,549.86,549.65,549.84,65963.0,549.752,433
2025-06-30 11:16:00-04:00,549.86,549.87,549.69,549.69,25700.0,549.77,174
2025-06-30 11:17:00-04:00,549.7,549.81,549.68,549.71,30252.0,549.73,190
2025-06-30 11:18:00-04:00,549.71,549.75,549.53,549.71,43294.0,549.644,311
2025-06-30 11:19:00-04:00,549.7,549.79,549.63,549.68,44792.0,549.697,313
2025-06-30 11:20:00-04:00,549.67,549.95,549.59,549.95,62170.0,549.784,438
2025-06-30 11:21:00-04:00,549.94,550.01,549.87,549.91,82853.0,549.95,612
2025-06-30 11:22:00-04:00,549.92,549.97,549.73,549.97,46081.0,549.861,342
2025-06-30 11:23:00-04:00,549.97,550.0,549.88,549.88,35797.0,549.951,197
2025-06-30 11:24:00-04:00,549.91,550.01,549.82,550.0,27300.0,549.933,214
2025-06-30 11:25:00-04:00,549.99,550.06,549.93,550.0,140641.0,549.995,334
2025-06-30 11:26:00-04:00,550.01,550.05,549.95,550.04,29667.0,550.0,218
2025-06-30 11:27:00-04:00,550.03,550.14,549.85,549.86,52113.0,550.059,314
2025-06-30 11:28:00-04:00,549.85,549.91,549.78,549.87,48287.0,549.846,305
2025-06-30 11:29:00-04:00,549.86,549.93,549.83,549.89,29474.0,549.877,243
2025-06-30 11:30:00-04:00,549.91,549.97,549.7,549.76,49594.0,549.844,367
2025-06-30 11:31:00-04:00,549.74,549.92,549.71,549.9,39033.0,549.799,304
2025-06-30 11:32:00-04:00,549.91,550.07,549.91,550.06,50007.0,550.004,376
2025-06-30 11:33:00-04:00,550.04,550.25,550.0,550.25,77689.0,550.14,496
2025-06-30 11:34:00-04:00,550.25,550.43,550.23,550.35,82975.0,550.348,517
2025-06-30 11:35:00-04:00,550.35,550.43,550.25,550.28,48438.0,550.343,354
2025-06-30 11:36:00-04:00,550.3,550.33,550.18,550.31,32131.0,550.262,223
2025-06-30 11:37:00-04:00,550.32,550.42,550.3,550.38,16887.0,550.371,136
2025-06-30 11:38:00-04:00,550.37,550.43,550.32,550.32,11992.0,550.391,86
